id,implied_volatility
07-01-2026 09:15||NIFTY27JAN2625500CE,0.11372278429523076
07-01-2026 09:15||NIFTY27JAN2625800CE,0.10149174416537506
07-01-2026 09:15||NIFTY27JAN2624100PE,0.16342788378265913
07-01-2026 09:20||NIFTY27JAN2625300CE,0.0968514354056719
07-01-2026 09:20||NIFTY27JAN2625400CE,0.10734132657949552
07-01-2026 09:20||NIFTY27JAN2625800CE,0.10629462224742178
07-01-2026 09:20||NIFTY27JAN2625900CE,0.10232466185543218
07-01-2026 09:20||NIFTY27JAN2624000PE,0.17004517705491032
07-01-2026 09:20||NIFTY27JAN2624200PE,0.15975849170278567
07-01-2026 09:20||NIFTY27JAN2624800PE,0.12821573586199222
07-01-2026 09:20||NIFTY27JAN2625000PE,0.11856989997306648
07-01-2026 09:25||NIFTY27JAN2625300CE,0.09330862649165614
07-01-2026 09:25||NIFTY27JAN2626500CE,0.08455325142553002
07-01-2026 09:25||NIFTY27JAN2624300PE,0.15421962960035887
07-01-2026 09:25||NIFTY27JAN2625100PE,0.11287123758147087
07-01-2026 09:30||NIFTY27JAN2625900CE,0.10104035713132165
07-01-2026 09:30||NIFTY27JAN2626400CE,0.08982734847850778
07-01-2026 09:30||NIFTY27JAN2623900PE,0.17688987444744309
07-01-2026 09:30||NIFTY27JAN2624300PE,0.15221905346704542
07-01-2026 09:35||NIFTY27JAN2625900CE,0.10219374515820459
07-01-2026 09:35||NIFTY27JAN2626100CE,0.09653536397333169
07-01-2026 09:35||NIFTY27JAN2623900PE,0.1770848849077247
07-01-2026 09:35||NIFTY27JAN2624600PE,0.13723472558145927
07-01-2026 09:35||NIFTY27JAN2625100PE,0.11121347311636237
07-01-2026 09:40||NIFTY27JAN2625600CE,0.0862870605521153
07-01-2026 09:40||NIFTY27JAN2625800CE,0.0863896664301157
07-01-2026 09:40||NIFTY27JAN2625900CE,0.08544300920818032
07-01-2026 09:40||NIFTY27JAN2626200CE,0.08343418892932844
07-01-2026 09:40||NIFTY27JAN2625100PE,0.11372003997349321
07-01-2026 09:45||NIFTY27JAN2625200CE,0.12852003970842307
07-01-2026 09:45||NIFTY27JAN2625900CE,0.09983031852118707
07-01-2026 09:45||NIFTY27JAN2626400CE,0.08941748105458239
07-01-2026 09:45||NIFTY27JAN2625000PE,0.11582474997266647
07-01-2026 09:50||NIFTY27JAN2625200CE,0.13200392090666752
07-01-2026 09:50||NIFTY27JAN2625500CE,0.10810010882221094
07-01-2026 09:50||NIFTY27JAN2625600CE,0.10642679257778848
07-01-2026 09:50||NIFTY27JAN2626400CE,0.08821767044897465
07-01-2026 09:50||NIFTY27JAN2623800PE,0.17856698118172698
07-01-2026 09:50||NIFTY27JAN2624500PE,0.14128848976395864
07-01-2026 09:50||NIFTY27JAN2624900PE,0.1210300200534938
07-01-2026 09:55||NIFTY27JAN2625500CE,0.12746550976678123
07-01-2026 09:55||NIFTY27JAN2625800CE,0.110261687042128
07-01-2026 09:55||NIFTY27JAN2625900CE,0.10725505037245997
07-01-2026 09:55||NIFTY27JAN2624300PE,0.1515443106694175
07-01-2026 09:55||NIFTY27JAN2624700PE,0.13049529349575048
07-01-2026 09:55||NIFTY27JAN2625000PE,0.11513935997162646
07-01-2026 10:00||NIFTY27JAN2625900CE,0.09953600385107515
07-01-2026 10:00||NIFTY27JAN2626100CE,0.09500528734479165
07-01-2026 10:00||NIFTY27JAN2626500CE,0.08760570889831414
07-01-2026 10:00||NIFTY27JAN2624600PE,0.13736440037731157
07-01-2026 10:00||NIFTY27JAN2625000PE,0.1173297199725864
07-01-2026 10:05||NIFTY27JAN2625200CE,0.0515785343365643
07-01-2026 10:05||NIFTY27JAN2625500CE,0.1117023823462318
07-01-2026 10:05||NIFTY27JAN2626300CE,0.09398086500904787
07-01-2026 10:10||NIFTY27JAN2625500CE,0.10062531016604698
07-01-2026 10:10||NIFTY27JAN2625600CE,0.10238371107697884
07-01-2026 10:10||NIFTY27JAN2625700CE,0.10413525660633531
07-01-2026 10:10||NIFTY27JAN2625900CE,0.10306250368874642
07-01-2026 10:10||NIFTY27JAN2626000CE,0.1002558648083139
07-01-2026 10:10||NIFTY27JAN2623800PE,0.18517649738008068
07-01-2026 10:10||NIFTY27JAN2623900PE,0.17903542804867814
07-01-2026 10:10||NIFTY27JAN2624200PE,0.16090778922144774
07-01-2026 10:15||NIFTY27JAN2625700CE,0.09264120622872472
07-01-2026 10:15||NIFTY27JAN2626100CE,0.08733936394252119
07-01-2026 10:15||NIFTY27JAN2626200CE,0.08630270738255168
07-01-2026 10:15||NIFTY27JAN2626500CE,0.08303423441464362
07-01-2026 10:15||NIFTY27JAN2623900PE,0.17845119244292051
07-01-2026 10:20||NIFTY27JAN2625500CE,0.11524547055099445
07-01-2026 10:20||NIFTY27JAN2625700CE,0.10238939686040374
07-01-2026 10:20||NIFTY27JAN2626100CE,0.09101148466572875
07-01-2026 10:20||NIFTY27JAN2624000PE,0.17221016663821342
07-01-2026 10:20||NIFTY27JAN2624200PE,0.16172290876681214
07-01-2026 10:20||NIFTY27JAN2624300PE,0.15596964065791447
07-01-2026 10:20||NIFTY27JAN2624500PE,0.1450794897667352
07-01-2026 10:25||NIFTY27JAN2625600CE,0.09869934281268548
07-01-2026 10:25||NIFTY27JAN2625700CE,0.09596937047583347
07-01-2026 10:25||NIFTY27JAN2626100CE,0.08955204022264356
07-01-2026 10:25||NIFTY27JAN2624000PE,0.17066495937277185
07-01-2026 10:25||NIFTY27JAN2624100PE,0.16545168612909275
07-01-2026 10:30||NIFTY27JAN2625500CE,0.11674284986698567
07-01-2026 10:30||NIFTY27JAN2625600CE,0.11151623657763417
07-01-2026 10:30||NIFTY27JAN2626000CE,0.09622584614360485
07-01-2026 10:30||NIFTY27JAN2626200CE,0.09213933032516444
07-01-2026 10:30||NIFTY27JAN2626300CE,0.09021601560024732
07-01-2026 10:30||NIFTY27JAN2624200PE,0.1592174999644261
07-01-2026 10:30||NIFTY27JAN2625100PE,0.11036267471104409
07-01-2026 10:35||NIFTY27JAN2625400CE,0.12438966539148213
07-01-2026 10:35||NIFTY27JAN2625500CE,0.11667974474982216
07-01-2026 10:35||NIFTY27JAN2626100CE,0.0957047892592819
07-01-2026 10:35||NIFTY27JAN2626300CE,0.09116653991561702
07-01-2026 10:35||NIFTY27JAN2623800PE,0.18082987427194705
07-01-2026 10:35||NIFTY27JAN2624200PE,0.15896300616421372
07-01-2026 10:35||NIFTY27JAN2624500PE,0.1426629081296905
07-01-2026 10:35||NIFTY27JAN2625000PE,0.11626416997111971
07-01-2026 10:40||NIFTY27JAN2625200CE,0.13054421197939295
07-01-2026 10:40||NIFTY27JAN2625400CE,0.11728199799790742
07-01-2026 10:40||NIFTY27JAN2625600CE,0.10660203122973427
07-01-2026 10:40||NIFTY27JAN2625800CE,0.10006523254620246
07-01-2026 10:40||NIFTY27JAN2626100CE,0.09281089079454397
07-01-2026 10:40||NIFTY27JAN2626300CE,0.08902187261603846
07-01-2026 10:40||NIFTY27JAN2623900PE,0.17744866105478135
07-01-2026 10:40||NIFTY27JAN2624900PE,0.12227931724035954
07-01-2026 10:40||NIFTY27JAN2625100PE,0.11168187769525079
07-01-2026 10:45||NIFTY27JAN2625300CE,0.1195101976029349
07-01-2026 10:45||NIFTY27JAN2626000CE,0.09469471152542283
07-01-2026 10:45||NIFTY27JAN2626400CE,0.08729706438691932
07-01-2026 10:45||NIFTY27JAN2624000PE,0.1709532603826977
07-01-2026 10:45||NIFTY27JAN2625100PE,0.11113255495024633
07-01-2026 10:50||NIFTY27JAN2625600CE,0.11316544915631388
07-01-2026 10:50||NIFTY27JAN2625800CE,0.1024184786908807
07-01-2026 10:50||NIFTY27JAN2623900PE,0.17646912130717038
07-01-2026 10:50||NIFTY27JAN2624200PE,0.15989302682542952
07-01-2026 10:55||NIFTY27JAN2625500CE,0.10303955880958299
07-01-2026 10:55||NIFTY27JAN2624300PE,0.15562361107896547
07-01-2026 10:55||NIFTY27JAN2624900PE,0.12357907627585644
07-01-2026 11:00||NIFTY27JAN2626500CE,0.0895787334802026
07-01-2026 11:00||NIFTY27JAN2624200PE,0.16066327476001951
07-01-2026 11:05||NIFTY27JAN2625200CE,0.01813233617014271
07-01-2026 11:05||NIFTY27JAN2626000CE,0.09502897113898202
07-01-2026 11:05||NIFTY27JAN2626200CE,0.09013664121321888
07-01-2026 11:05||NIFTY27JAN2624300PE,0.15642884770514792
07-01-2026 11:05||NIFTY27JAN2624600PE,0.14038918696208966
07-01-2026 11:05||NIFTY27JAN2624800PE,0.12992462698801965
07-01-2026 11:10||NIFTY27JAN2625200CE,0.08281570277645842
07-01-2026 11:10||NIFTY27JAN2625500CE,0.112349225449764
07-01-2026 11:10||NIFTY27JAN2625700CE,0.10041742215986647
07-01-2026 11:10||NIFTY27JAN2625900CE,0.09428567566493154
07-01-2026 11:10||NIFTY27JAN2626300CE,0.08700684409885952
07-01-2026 11:10||NIFTY27JAN2624400PE,0.1492456454656159
07-01-2026 11:10||NIFTY27JAN2624800PE,0.12894480844012418
07-01-2026 11:15||NIFTY27JAN2625400CE,0.11882134841576353
07-01-2026 11:15||NIFTY27JAN2626100CE,0.09553526818765669
07-01-2026 11:15||NIFTY27JAN2626300CE,0.09104115018083773
07-01-2026 11:15||NIFTY27JAN2624000PE,0.17102870830066041
07-01-2026 11:15||NIFTY27JAN2624800PE,0.12737004029559112
07-01-2026 11:20||NIFTY27JAN2625300CE,0.13272897232933994
07-01-2026 11:20||NIFTY27JAN2625700CE,0.09960071982094046
07-01-2026 11:20||NIFTY27JAN2626000CE,0.09327100960554632
07-01-2026 11:20||NIFTY27JAN2623800PE,0.18003635224907055
07-01-2026 11:20||NIFTY27JAN2624200PE,0.15989304748664554
07-01-2026 11:20||NIFTY27JAN2624900PE,0.12229897587398003
07-01-2026 11:25||NIFTY27JAN2625300CE,0.138712084972647
07-01-2026 11:25||NIFTY27JAN2625700CE,0.10597785977150184
07-01-2026 11:25||NIFTY27JAN2625800CE,0.1028578832250107
07-01-2026 11:25||NIFTY27JAN2625900CE,0.09974997625044756
07-01-2026 11:25||NIFTY27JAN2626000CE,0.09665404582571692
07-01-2026 11:25||NIFTY27JAN2626200CE,0.09161627861691872
07-01-2026 11:25||NIFTY27JAN2623800PE,0.17923626839138276
07-01-2026 11:25||NIFTY27JAN2624400PE,0.14815433398653466
07-01-2026 11:25||NIFTY27JAN2624800PE,0.1265497177140719
07-01-2026 11:30||NIFTY27JAN2624300PE,0.15405771061447196
07-01-2026 11:30||NIFTY27JAN2624400PE,0.14863777155631583
07-01-2026 11:35||NIFTY27JAN2626300CE,0.08743749048824974
07-01-2026 11:35||NIFTY27JAN2624900PE,0.12256458832542552
07-01-2026 11:40||NIFTY27JAN2625200CE,0.10817673253429419
07-01-2026 11:40||NIFTY27JAN2625900CE,0.10054769303203838
07-01-2026 11:40||NIFTY27JAN2624000PE,0.17106459371988908
07-01-2026 11:40||NIFTY27JAN2624500PE,0.14297390813246724
07-01-2026 11:45||NIFTY27JAN2625500CE,0.11802206606087531
07-01-2026 11:45||NIFTY27JAN2625600CE,0.11259545481402317
07-01-2026 11:45||NIFTY27JAN2626400CE,0.08865706438691932
07-01-2026 11:45||NIFTY27JAN2624000PE,0.1703990833017455
07-01-2026 11:45||NIFTY27JAN2625000PE,0.11575436997165313
07-01-2026 11:50||NIFTY27JAN2625700CE,0.10431825871261888
07-01-2026 11:50||NIFTY27JAN2626400CE,0.08559307764691815
07-01-2026 11:50||NIFTY27JAN2624000PE,0.1702587708008412
07-01-2026 11:50||NIFTY27JAN2624600PE,0.1371339938721269
07-01-2026 11:55||NIFTY27JAN2625200CE,0.14946468383054684
07-01-2026 11:55||NIFTY27JAN2625400CE,0.12420523615649876
07-01-2026 11:55||NIFTY27JAN2626100CE,0.09331012450914421
07-01-2026 11:55||NIFTY27JAN2626300CE,0.08912688212176488
07-01-2026 11:55||NIFTY27JAN2623900PE,0.17567849369027627
07-01-2026 12:00||NIFTY27JAN2625500CE,0.11547658816680925
07-01-2026 12:00||NIFTY27JAN2625600CE,0.11035330715549971
07-01-2026 12:00||NIFTY27JAN2626400CE,0.08731725378131162
07-01-2026 12:00||NIFTY27JAN2624300PE,0.15222338474087815
07-01-2026 12:00||NIFTY27JAN2624500PE,0.1412040305817869
07-01-2026 12:05||NIFTY27JAN2625300CE,0.14821085956886074
07-01-2026 12:05||NIFTY27JAN2625900CE,0.10147757549088965
07-01-2026 12:05||NIFTY27JAN2626000CE,0.09825760736915816
07-01-2026 12:05||NIFTY27JAN2626300CE,0.0908366201861392
07-01-2026 12:05||NIFTY27JAN2626400CE,0.08906997048263443
07-01-2026 12:05||NIFTY27JAN2624200PE,0.1577425371194795
07-01-2026 12:05||NIFTY27JAN2624300PE,0.15189927003089473
07-01-2026 12:10||NIFTY27JAN2625200CE,0.16782217843222275
07-01-2026 12:10||NIFTY27JAN2625600CE,0.11595689449792092
07-01-2026 12:10||NIFTY27JAN2626500CE,0.08721812856382478
07-01-2026 12:10||NIFTY27JAN2624000PE,0.16860405205165516
07-01-2026 12:15||NIFTY27JAN2625300CE,0.15030602755348788
07-01-2026 12:15||NIFTY27JAN2625500CE,0.12232077278079347
07-01-2026 12:15||NIFTY27JAN2625600CE,0.11656416490406522
07-01-2026 12:15||NIFTY27JAN2624300PE,0.15122356992658612
07-01-2026 12:15||NIFTY27JAN2625000PE,0.113962965993476
07-01-2026 12:15||NIFTY27JAN2625100PE,0.10827871461846886
07-01-2026 12:20||NIFTY27JAN2626100CE,0.0960455938589516
07-01-2026 12:20||NIFTY27JAN2624000PE,0.1682987916342349
07-01-2026 12:20||NIFTY27JAN2624400PE,0.14571443644583779
07-01-2026 12:20||NIFTY27JAN2625100PE,0.11011956093030213
07-01-2026 12:25||NIFTY27JAN2625300CE,0.135896472283773
07-01-2026 12:25||NIFTY27JAN2626300CE,0.0903315304098908
07-01-2026 12:25||NIFTY27JAN2624400PE,0.1459444364458378
07-01-2026 12:25||NIFTY27JAN2624600PE,0.13578972905092002
07-01-2026 12:25||NIFTY27JAN2624700PE,0.13079978380050108
07-01-2026 12:30||NIFTY27JAN2625200CE,0.1361568317270818
07-01-2026 12:30||NIFTY27JAN2626300CE,0.09168107413502706
07-01-2026 12:30||NIFTY27JAN2623800PE,0.17942992149835174
07-01-2026 12:30||NIFTY27JAN2624000PE,0.16823350204166
07-01-2026 12:30||NIFTY27JAN2624100PE,0.16267023283213286
07-01-2026 12:30||NIFTY27JAN2624500PE,0.14151421920694637
07-01-2026 12:30||NIFTY27JAN2624600PE,0.1360109467483322
07-01-2026 12:35||NIFTY27JAN2625300CE,0.13111249707019912
07-01-2026 12:35||NIFTY27JAN2625400CE,0.1233059113920629
07-01-2026 12:35||NIFTY27JAN2626300CE,0.09133078896323725
07-01-2026 12:35||NIFTY27JAN2626500CE,0.08691756942708433
07-01-2026 12:35||NIFTY27JAN2625100PE,0.10998075853827981
07-01-2026 12:40||NIFTY27JAN2625700CE,0.09917274317234967
07-01-2026 12:40||NIFTY27JAN2625100PE,0.11087003997349336
07-01-2026 12:45||NIFTY27JAN2625800CE,0.1024667150955347
07-01-2026 12:45||NIFTY27JAN2626400CE,0.08781235794822735
07-01-2026 12:45||NIFTY27JAN2623800PE,0.17749978724773086
07-01-2026 12:45||NIFTY27JAN2624000PE,0.1663834687166338
07-01-2026 12:45||NIFTY27JAN2624900PE,0.11942977244877565
07-01-2026 12:45||NIFTY27JAN2625000PE,0.11438982642511271
07-01-2026 12:50||NIFTY27JAN2626300CE,0.09072147337553284
07-01-2026 12:50||NIFTY27JAN2624400PE,0.14534807373710493
07-01-2026 12:50||NIFTY27JAN2624700PE,0.12921503033713683
07-01-2026 12:50||NIFTY27JAN2625100PE,0.10864111782067311
07-01-2026 12:55||NIFTY27JAN2625200CE,0.12587076479315792
07-01-2026 12:55||NIFTY27JAN2625300CE,0.1241069033709262
07-01-2026 12:55||NIFTY27JAN2623800PE,0.17951348270500372
07-01-2026 12:55||NIFTY27JAN2623900PE,0.17361442595808999
07-01-2026 12:55||NIFTY27JAN2625100PE,0.10830207590705525
07-01-2026 13:00||NIFTY27JAN2625300CE,0.1294235967952338
07-01-2026 13:00||NIFTY27JAN2625800CE,0.10509085269027464
07-01-2026 13:00||NIFTY27JAN2624000PE,0.16854292704839985
07-01-2026 13:00||NIFTY27JAN2624400PE,0.145748647509203
07-01-2026 13:00||NIFTY27JAN2624600PE,0.13485411582368234
07-01-2026 13:05||NIFTY27JAN2625200CE,0.11737580145605117
07-01-2026 13:05||NIFTY27JAN2625400CE,0.11710473425128198
07-01-2026 13:05||NIFTY27JAN2626100CE,0.09389473178787691
07-01-2026 13:05||NIFTY27JAN2623900PE,0.17414849369027627
07-01-2026 13:05||NIFTY27JAN2624700PE,0.1298793117116919
07-01-2026 13:10||NIFTY27JAN2625400CE,0.11716902560095072
07-01-2026 13:10||NIFTY27JAN2625900CE,0.09775960423369805
07-01-2026 13:10||NIFTY27JAN2626400CE,0.08690275567645123
07-01-2026 13:10||NIFTY27JAN2624400PE,0.1460483196394326
07-01-2026 13:10||NIFTY27JAN2624700PE,0.13030979754297856
07-01-2026 13:15||NIFTY27JAN2625400CE,0.11934591250368154
07-01-2026 13:15||NIFTY27JAN2625500CE,0.11661260730430363
07-01-2026 13:15||NIFTY27JAN2625700CE,0.10932565338509352
07-01-2026 13:15||NIFTY27JAN2625800CE,0.10477903243275091
07-01-2026 13:15||NIFTY27JAN2626400CE,0.08805250946374123
07-01-2026 13:15||NIFTY27JAN2624600PE,0.1349495121662374
07-01-2026 13:20||NIFTY27JAN2626300CE,0.08745709124774406
07-01-2026 13:20||NIFTY27JAN2624000PE,0.16758434371916564
07-01-2026 13:20||NIFTY27JAN2624500PE,0.14006423466398607
07-01-2026 13:20||NIFTY27JAN2624800PE,0.12467158856542546
07-01-2026 13:20||NIFTY27JAN2624900PE,0.11954389514034015
07-01-2026 13:20||NIFTY27JAN2625000PE,0.11443675364784574
07-01-2026 13:25||NIFTY27JAN2626300CE,0.08898777144740454
07-01-2026 13:25||NIFTY27JAN2626400CE,0.08696325535568246
07-01-2026 13:25||NIFTY27JAN2626500CE,0.08494639340733988
07-01-2026 13:25||NIFTY27JAN2624200PE,0.1555184090579223
07-01-2026 13:25||NIFTY27JAN2624600PE,0.1334386322260199
07-01-2026 13:25||NIFTY27JAN2624700PE,0.128178689938003
07-01-2026 13:25||NIFTY27JAN2625100PE,0.1080493214087066
07-01-2026 13:30||NIFTY27JAN2625300CE,0.13935198615816044
07-01-2026 13:30||NIFTY27JAN2625700CE,0.10915273483060448
07-01-2026 13:30||NIFTY27JAN2625800CE,0.10471277947245168
07-01-2026 13:30||NIFTY27JAN2626500CE,0.08690627600741842
07-01-2026 13:30||NIFTY27JAN2624000PE,0.16619363538378276
07-01-2026 13:30||NIFTY27JAN2624400PE,0.14418324791792042
07-01-2026 13:30||NIFTY27JAN2624600PE,0.1330390040347566
07-01-2026 13:30||NIFTY27JAN2624900PE,0.11763981924974114
07-01-2026 13:35||NIFTY27JAN2625200CE,0.16434027130389497
07-01-2026 13:35||NIFTY27JAN2625300CE,0.14987660764159486
07-01-2026 13:35||NIFTY27JAN2623900PE,0.17270285561310078
07-01-2026 13:35||NIFTY27JAN2624200PE,0.15558741210100738
07-01-2026 13:35||NIFTY27JAN2624300PE,0.1501174741133475
07-01-2026 13:35||NIFTY27JAN2625100PE,0.10722031941535466
07-01-2026 13:40||NIFTY27JAN2625700CE,0.10886052526792041
07-01-2026 13:40||NIFTY27JAN2626100CE,0.09493450190225695
07-01-2026 13:40||NIFTY27JAN2624300PE,0.14973449585512538
07-01-2026 13:40||NIFTY27JAN2625000PE,0.11263931997151971
07-01-2026 13:45||NIFTY27JAN2625200CE,0.1440285292575713
07-01-2026 13:45||NIFTY27JAN2625400CE,0.13099722437644493
07-01-2026 13:45||NIFTY27JAN2623900PE,0.1724975941060616
07-01-2026 13:45||NIFTY27JAN2624200PE,0.15526871897615982
07-01-2026 13:45||NIFTY27JAN2624600PE,0.13284849590327577
07-01-2026 13:50||NIFTY27JAN2623800PE,0.1786867375260291
07-01-2026 13:50||NIFTY27JAN2623900PE,0.17284617548734715
07-01-2026 13:50||NIFTY27JAN2624100PE,0.16123800826434398
07-01-2026 13:55||NIFTY27JAN2625300CE,0.13344378458181552
07-01-2026 13:55||NIFTY27JAN2625800CE,0.10789485462576012
07-01-2026 13:55||NIFTY27JAN2626400CE,0.0895867992347701
07-01-2026 13:55||NIFTY27JAN2624400PE,0.14430345283652696
07-01-2026 13:55||NIFTY27JAN2625100PE,0.10767980045189751
07-01-2026 14:00||NIFTY27JAN2625400CE,0.12094525231030144
07-01-2026 14:00||NIFTY27JAN2625500CE,0.11465531705270836
07-01-2026 14:00||NIFTY27JAN2625900CE,0.1025280019131147
07-01-2026 14:00||NIFTY27JAN2626200CE,0.09272071563845262
07-01-2026 14:00||NIFTY27JAN2623800PE,0.17593803249523382
07-01-2026 14:00||NIFTY27JAN2623900PE,0.171279290243825
07-01-2026 14:05||NIFTY27JAN2625900CE,0.09953395919772151
07-01-2026 14:05||NIFTY27JAN2626000CE,0.09624065846866289
07-01-2026 14:05||NIFTY27JAN2626300CE,0.08903631177818529
07-01-2026 14:05||NIFTY27JAN2624000PE,0.16695077080662835
07-01-2026 14:05||NIFTY27JAN2624200PE,0.1564925516174656
07-01-2026 14:05||NIFTY27JAN2624400PE,0.14506392414932176
07-01-2026 14:10||NIFTY27JAN2626100CE,0.09251750260684963
07-01-2026 14:10||NIFTY27JAN2626200CE,0.09012419260666271
07-01-2026 14:10||NIFTY27JAN2626400CE,0.08641249052430196
07-01-2026 14:10||NIFTY27JAN2623800PE,0.1761428109433078
07-01-2026 14:10||NIFTY27JAN2624000PE,0.16725578122332518
07-01-2026 14:10||NIFTY27JAN2624700PE,0.1296394736554542
07-01-2026 14:15||NIFTY27JAN2625200CE,0.12686491095608102
07-01-2026 14:15||NIFTY27JAN2625600CE,0.107427763653472
07-01-2026 14:15||NIFTY27JAN2625900CE,0.09569584941053702
07-01-2026 14:15||NIFTY27JAN2626200CE,0.08920172709128998
07-01-2026 14:20||NIFTY27JAN2625400CE,0.12002426178328313
07-01-2026 14:20||NIFTY27JAN2625700CE,0.10510428014120862
07-01-2026 14:20||NIFTY27JAN2626300CE,0.08809661596142768
07-01-2026 14:20||NIFTY27JAN2623800PE,0.1741126625108186
07-01-2026 14:20||NIFTY27JAN2624500PE,0.1393634387434089
07-01-2026 14:25||NIFTY27JAN2625400CE,0.11937759839315915
07-01-2026 14:25||NIFTY27JAN2625700CE,0.1070052820766452
07-01-2026 14:25||NIFTY27JAN2625900CE,0.09948010616544714
07-01-2026 14:25||NIFTY27JAN2626300CE,0.08934137831826956
07-01-2026 14:25||NIFTY27JAN2623900PE,0.17255557528630813
07-01-2026 14:30||NIFTY27JAN2625300CE,0.11556068180693804
07-01-2026 14:30||NIFTY27JAN2626300CE,0.08633261406269195
07-01-2026 14:30||NIFTY27JAN2624800PE,0.12394014110231599
07-01-2026 14:30||NIFTY27JAN2625100PE,0.10866079845854575
07-01-2026 14:35||NIFTY27JAN2626400CE,0.08784918408280876
07-01-2026 14:35||NIFTY27JAN2626500CE,0.08544748280331659
07-01-2026 14:35||NIFTY27JAN2624000PE,0.16633749929270972
07-01-2026 14:35||NIFTY27JAN2624100PE,0.16173421901807994
07-01-2026 14:35||NIFTY27JAN2624400PE,0.1451943339865345
07-01-2026 14:35||NIFTY27JAN2624700PE,0.12903464572070159
07-01-2026 14:35||NIFTY27JAN2625000PE,0.11309462997234654
07-01-2026 14:40||NIFTY27JAN2625400CE,0.1215621653599246
07-01-2026 14:40||NIFTY27JAN2626200CE,0.09210104006672118
07-01-2026 14:40||NIFTY27JAN2623800PE,0.1768072746836335
07-01-2026 14:40||NIFTY27JAN2624100PE,0.16315382776877047
07-01-2026 14:40||NIFTY27JAN2625100PE,0.10735307391370316
07-01-2026 14:45||NIFTY27JAN2623800PE,0.17795916220948002
07-01-2026 14:45||NIFTY27JAN2624000PE,0.1686403333053625
07-01-2026 14:45||NIFTY27JAN2624200PE,0.15783727269105202
07-01-2026 14:45||NIFTY27JAN2624500PE,0.14071343874340883
07-01-2026 14:45||NIFTY27JAN2624900PE,0.11948424695904619
07-01-2026 14:50||NIFTY27JAN2625600CE,0.11773990231807022
07-01-2026 14:50||NIFTY27JAN2626400CE,0.0889283491661899
07-01-2026 14:50||NIFTY27JAN2626500CE,0.08674498436665157
07-01-2026 14:50||NIFTY27JAN2623900PE,0.17239660039390176
07-01-2026 14:50||NIFTY27JAN2624900PE,0.11863905619548103
07-01-2026 14:55||NIFTY27JAN2625900CE,0.09838944979315993
07-01-2026 14:55||NIFTY27JAN2626300CE,0.08832153040989073
07-01-2026 14:55||NIFTY27JAN2624100PE,0.16408910785256156
07-01-2026 14:55||NIFTY27JAN2624300PE,0.15263724276234622
07-01-2026 14:55||NIFTY27JAN2624600PE,0.1353079064707582
07-01-2026 15:00||NIFTY27JAN2625700CE,0.10078065174000041
07-01-2026 15:00||NIFTY27JAN2626000CE,0.09243584614360485
07-01-2026 15:00||NIFTY27JAN2626400CE,0.08577250946374122
07-01-2026 15:00||NIFTY27JAN2623900PE,0.1738658054125026
07-01-2026 15:00||NIFTY27JAN2625100PE,0.10981111782067311
07-01-2026 15:05||NIFTY27JAN2625400CE,0.11092638779886076
07-01-2026 15:05||NIFTY27JAN2626000CE,0.09212576922033827
07-01-2026 15:05||NIFTY27JAN2626400CE,0.08536281249476894
07-01-2026 15:05||NIFTY27JAN2624200PE,0.1587951652470379
07-01-2026 15:05||NIFTY27JAN2624500PE,0.14210409180644662
07-01-2026 15:10||NIFTY27JAN2626500CE,0.0841361247783239
07-01-2026 15:10||NIFTY27JAN2623800PE,0.17882255954495022
07-01-2026 15:10||NIFTY27JAN2624000PE,0.17001586455689963
07-01-2026 15:10||NIFTY27JAN2624400PE,0.14869069837366847
07-01-2026 15:10||NIFTY27JAN2624500PE,0.14316409334091387
07-01-2026 15:15||NIFTY27JAN2625600CE,0.09424585936446978
07-01-2026 15:15||NIFTY27JAN2624200PE,0.16005416319229993
07-01-2026 15:15||NIFTY27JAN2624900PE,0.12206394575341714
07-01-2026 15:15||NIFTY27JAN2625100PE,0.11109798622412713
07-01-2026 15:20||NIFTY27JAN2625900CE,0.0927605501819943
07-01-2026 15:20||NIFTY27JAN2626300CE,0.08607299429174503
07-01-2026 15:20||NIFTY27JAN2624100PE,0.165927468843709
07-01-2026 15:25||NIFTY27JAN2625500CE,0.1059771568298265
07-01-2026 15:25||NIFTY27JAN2626100CE,0.0894703160804942
07-01-2026 15:25||NIFTY27JAN2626400CE,0.08395584441633275
07-01-2026 15:25||NIFTY27JAN2626500CE,0.08242748905665581
07-01-2026 15:25||NIFTY27JAN2624700PE,0.1317339169737715
08-01-2026 09:15||NIFTY27JAN2625300CE,0.1041851580380828
08-01-2026 09:15||NIFTY27JAN2626300CE,0.08759834600361914
08-01-2026 09:15||NIFTY27JAN2624100PE,0.16500322610729276
08-01-2026 09:15||NIFTY27JAN2624300PE,0.15365833330040374
08-01-2026 09:15||NIFTY27JAN2625100PE,0.1092407984585456
08-01-2026 09:20||NIFTY27JAN2625300CE,0.09417949598102314
08-01-2026 09:20||NIFTY27JAN2625900CE,0.086809410481078
08-01-2026 09:20||NIFTY27JAN2626000CE,0.0857927538794961
08-01-2026 09:20||NIFTY27JAN2626400CE,0.08170375712478545
08-01-2026 09:20||NIFTY27JAN2626500CE,0.08072124296499318
08-01-2026 09:20||NIFTY27JAN2623800PE,0.18200991620079082
08-01-2026 09:20||NIFTY27JAN2624100PE,0.16590135888201768
08-01-2026 09:20||NIFTY27JAN2624800PE,0.12582594121702673
08-01-2026 09:20||NIFTY27JAN2624900PE,0.12068266341090962
08-01-2026 09:25||NIFTY27JAN2625300CE,0.10748525690464589
08-01-2026 09:25||NIFTY27JAN2626200CE,0.08383401717318621
08-01-2026 09:25||NIFTY27JAN2626400CE,0.08282907196747774
08-01-2026 09:25||NIFTY27JAN2623900PE,0.17708342046830539
08-01-2026 09:25||NIFTY27JAN2624100PE,0.16520375241639415
08-01-2026 09:25||NIFTY27JAN2624200PE,0.1588738247739297
08-01-2026 09:30||NIFTY27JAN2626200CE,0.08789561345265468
08-01-2026 09:30||NIFTY27JAN2626300CE,0.08674562457900403
08-01-2026 09:30||NIFTY27JAN2624100PE,0.16308724062728658
08-01-2026 09:30||NIFTY27JAN2624700PE,0.12896072245016324
08-01-2026 09:30||NIFTY27JAN2624800PE,0.12383225011886606
08-01-2026 09:30||NIFTY27JAN2624900PE,0.11872441555900068
08-01-2026 09:30||NIFTY27JAN2625000PE,0.11363705333686262
08-01-2026 09:35||NIFTY27JAN2625300CE,0.13451154254960693
08-01-2026 09:35||NIFTY27JAN2625400CE,0.128994933114374
08-01-2026 09:35||NIFTY27JAN2626100CE,0.09637731115713197
08-01-2026 09:35||NIFTY27JAN2626200CE,0.09393400164440639
08-01-2026 09:35||NIFTY27JAN2626500CE,0.08850567109104064
08-01-2026 09:35||NIFTY27JAN2623900PE,0.1732703556203952
08-01-2026 09:35||NIFTY27JAN2624100PE,0.162497219880339
08-01-2026 09:35||NIFTY27JAN2624400PE,0.1454575819324494
08-01-2026 09:40||NIFTY27JAN2625200CE,0.03694083132008162
08-01-2026 09:40||NIFTY27JAN2625700CE,0.09398197470053722
08-01-2026 09:40||NIFTY27JAN2626200CE,0.08606845419472008
08-01-2026 09:40||NIFTY27JAN2626400CE,0.08432322916243198
08-01-2026 09:40||NIFTY27JAN2623800PE,0.18125104827957272
08-01-2026 09:40||NIFTY27JAN2624800PE,0.1253338016493254
08-01-2026 09:40||NIFTY27JAN2624900PE,0.12015851361013333
08-01-2026 09:40||NIFTY27JAN2625000PE,0.11500396826402029
08-01-2026 09:45||NIFTY27JAN2625400CE,0.10257734253865339
08-01-2026 09:45||NIFTY27JAN2625900CE,0.09336805018820575
08-01-2026 09:45||NIFTY27JAN2626500CE,0.0844451795964837
08-01-2026 09:45||NIFTY27JAN2624200PE,0.15930603301810256
08-01-2026 09:45||NIFTY27JAN2624600PE,0.13533334346383172
08-01-2026 09:50||NIFTY27JAN2625500CE,0.1183432265492409
08-01-2026 09:50||NIFTY27JAN2625600CE,0.11406327025872597
08-01-2026 09:50||NIFTY27JAN2626400CE,0.08897704544748004
08-01-2026 09:50||NIFTY27JAN2624400PE,0.14624842209873581
08-01-2026 09:50||NIFTY27JAN2625100PE,0.10913047909641818
08-01-2026 09:55||NIFTY27JAN2625300CE,0.1144311264591084
08-01-2026 09:55||NIFTY27JAN2626000CE,0.09008674999198713
08-01-2026 09:55||NIFTY27JAN2626200CE,0.08724279579617489
08-01-2026 09:55||NIFTY27JAN2624200PE,0.160086921450383
08-01-2026 09:55||NIFTY27JAN2624600PE,0.137093201187017
08-01-2026 09:55||NIFTY27JAN2625000PE,0.11579140286302983
08-01-2026 09:55||NIFTY27JAN2625100PE,0.11049403770726418
08-01-2026 10:00||NIFTY27JAN2625900CE,0.08948985519957264
08-01-2026 10:00||NIFTY27JAN2626100CE,0.08570905762297298
08-01-2026 10:00||NIFTY27JAN2626200CE,0.08459240184294152
08-01-2026 10:00||NIFTY27JAN2624600PE,0.13636776419394347
08-01-2026 10:05||NIFTY27JAN2625500CE,0.10132690195284362
08-01-2026 10:05||NIFTY27JAN2625800CE,0.09127028099593618
08-01-2026 10:05||NIFTY27JAN2626000CE,0.08771283653312754
08-01-2026 10:05||NIFTY27JAN2626500CE,0.08306257089460505
08-01-2026 10:05||NIFTY27JAN2624800PE,0.12487458666532966
08-01-2026 10:10||NIFTY27JAN2625200CE,0.1623887329308578
08-01-2026 10:10||NIFTY27JAN2625600CE,0.10869269529392309
08-01-2026 10:10||NIFTY27JAN2625800CE,0.10055648253681294
08-01-2026 10:10||NIFTY27JAN2626400CE,0.08631748105458238
08-01-2026 10:10||NIFTY27JAN2624100PE,0.16349206427823273
08-01-2026 10:10||NIFTY27JAN2625000PE,0.11244260527106521
08-01-2026 10:10||NIFTY27JAN2625100PE,0.10684763533126763
08-01-2026 10:15||NIFTY27JAN2625700CE,0.09385487139328078
08-01-2026 10:15||NIFTY27JAN2625800CE,0.09082156855850675
08-01-2026 10:15||NIFTY27JAN2626500CE,0.08236321361825638
08-01-2026 10:15||NIFTY27JAN2625100PE,0.10917043917615228
08-01-2026 10:20||NIFTY27JAN2625200CE,0.11583273268039682
08-01-2026 10:20||NIFTY27JAN2626400CE,0.08637275567645125
08-01-2026 10:25||NIFTY27JAN2625200CE,0.12655293075289512
08-01-2026 10:25||NIFTY27JAN2625500CE,0.11112264662005197
08-01-2026 10:25||NIFTY27JAN2625600CE,0.1073102731350971
08-01-2026 10:25||NIFTY27JAN2625700CE,0.10351276274238985
08-01-2026 10:25||NIFTY27JAN2626100CE,0.09223620688727133
08-01-2026 10:25||NIFTY27JAN2626500CE,0.0862243478364645
08-01-2026 10:25||NIFTY27JAN2623900PE,0.17383127046584662
08-01-2026 10:25||NIFTY27JAN2624000PE,0.16855466512777903
08-01-2026 10:25||NIFTY27JAN2624400PE,0.14554907783827659
08-01-2026 10:25||NIFTY27JAN2624800PE,0.12348430440650035
08-01-2026 10:25||NIFTY27JAN2625000PE,0.11291691530736697
08-01-2026 10:25||NIFTY27JAN2625100PE,0.10766488090905024
08-01-2026 10:30||NIFTY27JAN2626000CE,0.09461628845238766
08-01-2026 10:30||NIFTY27JAN2626400CE,0.08706740039730469
08-01-2026 10:30||NIFTY27JAN2626500CE,0.08513214523407764
08-01-2026 10:30||NIFTY27JAN2623800PE,0.1777370253234404
08-01-2026 10:30||NIFTY27JAN2624000PE,0.1691010416407453
08-01-2026 10:30||NIFTY27JAN2624400PE,0.14588310337331226
08-01-2026 10:30||NIFTY27JAN2624500PE,0.14012983420169928
08-01-2026 10:35||NIFTY27JAN2625800CE,0.09501356587536262
08-01-2026 10:35||NIFTY27JAN2626300CE,0.08677766159132362
08-01-2026 10:35||NIFTY27JAN2626500CE,0.08432697986244404
08-01-2026 10:35||NIFTY27JAN2624000PE,0.16953106247413893
08-01-2026 10:35||NIFTY27JAN2624200PE,0.15847603301810248
08-01-2026 10:40||NIFTY27JAN2625500CE,0.11341330389158992
08-01-2026 10:40||NIFTY27JAN2625900CE,0.09623039574145616
08-01-2026 10:40||NIFTY27JAN2626100CE,0.09201148466572873
08-01-2026 10:40||NIFTY27JAN2626300CE,0.08884160014048237
08-01-2026 10:40||NIFTY27JAN2626400CE,0.0875082796095354
08-01-2026 10:40||NIFTY27JAN2624000PE,0.16747856246690512
08-01-2026 10:40||NIFTY27JAN2624300PE,0.15073247938852852
08-01-2026 10:40||NIFTY27JAN2625000PE,0.11274554997479981
08-01-2026 10:45||NIFTY27JAN2625200CE,0.13297145084657158
08-01-2026 10:45||NIFTY27JAN2625300CE,0.12435372789795374
08-01-2026 10:45||NIFTY27JAN2625600CE,0.1044445898299912
08-01-2026 10:45||NIFTY27JAN2626400CE,0.08598588236708814
08-01-2026 10:45||NIFTY27JAN2626500CE,0.08444760262195884
08-01-2026 10:45||NIFTY27JAN2623900PE,0.17350446649646192
08-01-2026 10:45||NIFTY27JAN2624200PE,0.1573623450053074
08-01-2026 10:50||NIFTY27JAN2625500CE,0.10212679409661433
08-01-2026 10:50||NIFTY27JAN2625800CE,0.09624902130285959
08-01-2026 10:50||NIFTY27JAN2626100CE,0.09067230842253343
08-01-2026 10:50||NIFTY27JAN2626500CE,0.08510468810192692
08-01-2026 10:50||NIFTY27JAN2623900PE,0.17318920498942283
08-01-2026 10:55||NIFTY27JAN2625400CE,0.11994930111471333
08-01-2026 10:55||NIFTY27JAN2625600CE,0.10422474608038854
08-01-2026 10:55||NIFTY27JAN2624000PE,0.16731421871880406
08-01-2026 10:55||NIFTY27JAN2624700PE,0.12875419855357087
08-01-2026 10:55||NIFTY27JAN2624800PE,0.12320092565925486
08-01-2026 10:55||NIFTY27JAN2625100PE,0.10994544914291221
08-01-2026 11:00||NIFTY27JAN2626200CE,0.09014717556566132
08-01-2026 11:00||NIFTY27JAN2626500CE,0.0865540075710021
08-01-2026 11:00||NIFTY27JAN2623800PE,0.17636092138342085
08-01-2026 11:00||NIFTY27JAN2623900PE,0.17148029227606135
08-01-2026 11:00||NIFTY27JAN2624000PE,0.16662004163767208
08-01-2026 11:00||NIFTY27JAN2624300PE,0.15053681066236116
08-01-2026 11:00||NIFTY27JAN2624600PE,0.1343689430589789
08-01-2026 11:00||NIFTY27JAN2625000PE,0.1139611623814228
08-01-2026 11:00||NIFTY27JAN2625100PE,0.10872331818246338
08-01-2026 11:05||NIFTY27JAN2625400CE,0.1206328936565956
08-01-2026 11:05||NIFTY27JAN2626000CE,0.09445609614422122
08-01-2026 11:05||NIFTY27JAN2626200CE,0.09100458356762577
08-01-2026 11:05||NIFTY27JAN2626300CE,0.08958459730624847
08-01-2026 11:05||NIFTY27JAN2623800PE,0.18355236906739053
08-01-2026 11:05||NIFTY27JAN2624200PE,0.15564838839670647
08-01-2026 11:05||NIFTY27JAN2624400PE,0.14476922128130104
08-01-2026 11:05||NIFTY27JAN2624800PE,0.12397490924684905
08-01-2026 11:10||NIFTY27JAN2625200CE,0.1483786338424304
08-01-2026 11:10||NIFTY27JAN2625600CE,0.10443189451063664
08-01-2026 11:10||NIFTY27JAN2625900CE,0.09612062374001913
08-01-2026 11:10||NIFTY27JAN2626000CE,0.09369064779722185
08-01-2026 11:10||NIFTY27JAN2624000PE,0.16727714579613917
08-01-2026 11:10||NIFTY27JAN2624200PE,0.15548337806609858
08-01-2026 11:10||NIFTY27JAN2624400PE,0.14504513316909964
08-01-2026 11:10||NIFTY27JAN2624600PE,0.13528662591540508
08-01-2026 11:10||NIFTY27JAN2624700PE,0.13035334670991408
08-01-2026 11:15||NIFTY27JAN2625200CE,0.13812091105000412
08-01-2026 11:15||NIFTY27JAN2626200CE,0.09003793892629343
08-01-2026 11:15||NIFTY27JAN2626400CE,0.08799317234411431
08-01-2026 11:15||NIFTY27JAN2624100PE,0.16480106870729963
08-01-2026 11:15||NIFTY27JAN2624200PE,0.15862780594066234
08-01-2026 11:15||NIFTY27JAN2624900PE,0.12105975900861542
08-01-2026 11:20||NIFTY27JAN2625700CE,0.09727160504979897
08-01-2026 11:20||NIFTY27JAN2626400CE,0.08829447818913815
08-01-2026 11:20||NIFTY27JAN2626500CE,0.0871234007057494
08-01-2026 11:20||NIFTY27JAN2624300PE,0.154329176924184
08-01-2026 11:25||NIFTY27JAN2625400CE,0.13033214559733364
08-01-2026 11:25||NIFTY27JAN2626200CE,0.09406216602365346
08-01-2026 11:25||NIFTY27JAN2623800PE,0.17733631032022668
08-01-2026 11:25||NIFTY27JAN2624300PE,0.153731073626826
08-01-2026 11:25||NIFTY27JAN2624400PE,0.14750781026792215
08-01-2026 11:25||NIFTY27JAN2624700PE,0.13100377527297935
08-01-2026 11:30||NIFTY27JAN2625200CE,0.15611776854735332
08-01-2026 11:30||NIFTY27JAN2625400CE,0.13294802158563393
08-01-2026 11:30||NIFTY27JAN2625500CE,0.12143147345898653
08-01-2026 11:30||NIFTY27JAN2625800CE,0.10243341083621474
08-01-2026 11:30||NIFTY27JAN2626000CE,0.0972899657954343
08-01-2026 11:30||NIFTY27JAN2626100CE,0.09554664958899141
08-01-2026 11:30||NIFTY27JAN2623800PE,0.17842605874716408
08-01-2026 11:30||NIFTY27JAN2624100PE,0.1648590069788593
08-01-2026 11:30||NIFTY27JAN2624200PE,0.15899240737341555
08-01-2026 11:35||NIFTY27JAN2625200CE,0.12366886629778347
08-01-2026 11:35||NIFTY27JAN2625300CE,0.12206627220558436
08-01-2026 11:35||NIFTY27JAN2626500CE,0.0899753686328518
08-01-2026 11:35||NIFTY27JAN2623800PE,0.1792584906201028
08-01-2026 11:35||NIFTY27JAN2624100PE,0.16431235473549766
08-01-2026 11:35||NIFTY27JAN2624400PE,0.14633024785878973
08-01-2026 11:35||NIFTY27JAN2624500PE,0.14069364405276558
08-01-2026 11:35||NIFTY27JAN2624700PE,0.12999472669258272
08-01-2026 11:35||NIFTY27JAN2624900PE,0.11958428711979664
08-01-2026 11:40||NIFTY27JAN2625600CE,0.10566226560533039
08-01-2026 11:40||NIFTY27JAN2625800CE,0.09897971897902508
08-01-2026 11:40||NIFTY27JAN2624100PE,0.1650150793084564
08-01-2026 11:40||NIFTY27JAN2624200PE,0.15900514800810692
08-01-2026 11:40||NIFTY27JAN2624400PE,0.14714799176966228
08-01-2026 11:40||NIFTY27JAN2624900PE,0.1204494578029863
08-01-2026 11:45||NIFTY27JAN2625500CE,0.10824845097642181
08-01-2026 11:45||NIFTY27JAN2625900CE,0.0953875096463222
08-01-2026 11:45||NIFTY27JAN2626100CE,0.09266726052969598
08-01-2026 11:45||NIFTY27JAN2624200PE,0.1579087809598073
08-01-2026 11:50||NIFTY27JAN2625700CE,0.10614335485813123
08-01-2026 11:50||NIFTY27JAN2625800CE,0.1027200559446005
08-01-2026 11:50||NIFTY27JAN2626500CE,0.08971502836738937
08-01-2026 11:50||NIFTY27JAN2623800PE,0.17997222228719834
08-01-2026 11:55||NIFTY27JAN2625400CE,0.10745375982639913
08-01-2026 11:55||NIFTY27JAN2625600CE,0.10073306638861683
08-01-2026 11:55||NIFTY27JAN2625800CE,0.09521618216098328
08-01-2026 11:55||NIFTY27JAN2624200PE,0.15874770657658424
08-01-2026 11:55||NIFTY27JAN2624700PE,0.1314401214305031
08-01-2026 11:55||NIFTY27JAN2625100PE,0.11268700603328308
08-01-2026 12:00||NIFTY27JAN2625500CE,0.1054343529267023
08-01-2026 12:00||NIFTY27JAN2626300CE,0.09170329847498751
08-01-2026 12:00||NIFTY27JAN2624500PE,0.14189586732158066
08-01-2026 12:00||NIFTY27JAN2624700PE,0.13244492912228545
08-01-2026 12:00||NIFTY27JAN2625000PE,0.11753550997469314
08-01-2026 12:05||NIFTY27JAN2625300CE,0.13726513830122375
08-01-2026 12:05||NIFTY27JAN2625800CE,0.11040592418963467
08-01-2026 12:05||NIFTY27JAN2625900CE,0.10763261852537323
08-01-2026 12:05||NIFTY27JAN2626400CE,0.09784812499551623
08-01-2026 12:05||NIFTY27JAN2624000PE,0.17009933330246896
08-01-2026 12:05||NIFTY27JAN2624200PE,0.15648245862776478
08-01-2026 12:05||NIFTY27JAN2624500PE,0.13855435711330566
08-01-2026 12:05||NIFTY27JAN2624900PE,0.11966963852636384
08-01-2026 12:10||NIFTY27JAN2624000PE,0.17019357288360185
08-01-2026 12:10||NIFTY27JAN2624400PE,0.14576069669526748
08-01-2026 12:15||NIFTY27JAN2625200CE,0.12769500592412503
08-01-2026 12:15||NIFTY27JAN2625400CE,0.11794426436628425
08-01-2026 12:15||NIFTY27JAN2625500CE,0.11309764758592376
08-01-2026 12:15||NIFTY27JAN2625700CE,0.10480326846550393
08-01-2026 12:15||NIFTY27JAN2624100PE,0.1666219605434952
08-01-2026 12:15||NIFTY27JAN2624400PE,0.1494438421818792
08-01-2026 12:20||NIFTY27JAN2625800CE,0.10469443797056954
08-01-2026 12:20||NIFTY27JAN2626300CE,0.09543777566003954
08-01-2026 12:20||NIFTY27JAN2624800PE,0.12820569553930225
08-01-2026 12:25||NIFTY27JAN2625700CE,0.1068688813075173
08-01-2026 12:25||NIFTY27JAN2626000CE,0.09940135576024592
08-01-2026 12:25||NIFTY27JAN2624100PE,0.16827254145802537
08-01-2026 12:25||NIFTY27JAN2624400PE,0.15200042004115136
08-01-2026 12:25||NIFTY27JAN2624900PE,0.12321456824505041
08-01-2026 12:30||NIFTY27JAN2625700CE,0.10177367702684628
08-01-2026 12:30||NIFTY27JAN2626000CE,0.09618231730107815
08-01-2026 12:30||NIFTY27JAN2624200PE,0.1641956800188445
08-01-2026 12:30||NIFTY27JAN2624300PE,0.15749908927100253
08-01-2026 12:30||NIFTY27JAN2625100PE,0.11502948108977028
08-01-2026 12:35||NIFTY27JAN2625400CE,0.12845245668511734
08-01-2026 12:35||NIFTY27JAN2625500CE,0.12229918668749318
08-01-2026 12:35||NIFTY27JAN2625800CE,0.10739960269966421
08-01-2026 12:35||NIFTY27JAN2626100CE,0.10034268662078666
08-01-2026 12:35||NIFTY27JAN2626200CE,0.09843270524180746
08-01-2026 12:35||NIFTY27JAN2624800PE,0.126820100779626
08-01-2026 12:35||NIFTY27JAN2625000PE,0.1169600999735998
08-01-2026 12:40||NIFTY27JAN2625200CE,0.13833704957552223
08-01-2026 12:40||NIFTY27JAN2626000CE,0.10143567306625495
08-01-2026 12:40||NIFTY27JAN2624100PE,0.16730751033760408
08-01-2026 12:40||NIFTY27JAN2624400PE,0.15113097332138878
08-01-2026 12:40||NIFTY27JAN2624800PE,0.12668571570064727
08-01-2026 12:40||NIFTY27JAN2625000PE,0.1170198799730132
08-01-2026 12:45||NIFTY27JAN2625300CE,0.1257465710982598
08-01-2026 12:45||NIFTY27JAN2625800CE,0.1039257364234331
08-01-2026 12:45||NIFTY27JAN2626200CE,0.09662469799929561
08-01-2026 12:45||NIFTY27JAN2626300CE,0.09523471144766578
08-01-2026 12:45||NIFTY27JAN2624400PE,0.15155164955279016
08-01-2026 12:45||NIFTY27JAN2624600PE,0.13862697150883369
08-01-2026 12:45||NIFTY27JAN2625000PE,0.11804989997306646
08-01-2026 12:50||NIFTY27JAN2625600CE,0.11570050778835995
08-01-2026 12:50||NIFTY27JAN2626300CE,0.09720604810957627
08-01-2026 12:50||NIFTY27JAN2626400CE,0.0961660580954376
08-01-2026 12:50||NIFTY27JAN2623800PE,0.18061245286659974
08-01-2026 12:50||NIFTY27JAN2624900PE,0.12211468872730191
08-01-2026 12:55||NIFTY27JAN2626100CE,0.09906167623707869
08-01-2026 12:55||NIFTY27JAN2624200PE,0.1624564059919776
08-01-2026 12:55||NIFTY27JAN2624300PE,0.1562086825481833
08-01-2026 12:55||NIFTY27JAN2624400PE,0.14998661717848333
08-01-2026 13:00||NIFTY27JAN2625400CE,0.13188046256087
08-01-2026 13:00||NIFTY27JAN2625800CE,0.10959519378641554
08-01-2026 13:00||NIFTY27JAN2624200PE,0.16239263426232897
08-01-2026 13:00||NIFTY27JAN2624500PE,0.1438869917629258
08-01-2026 13:00||NIFTY27JAN2624600PE,0.1380677840326867
08-01-2026 13:00||NIFTY27JAN2624700PE,0.13227218370092408
08-01-2026 13:00||NIFTY27JAN2625000PE,0.11663979965231615
08-01-2026 13:00||NIFTY27JAN2625100PE,0.1117392408752594
08-01-2026 13:05||NIFTY27JAN2625700CE,0.10638844886081325
08-01-2026 13:05||NIFTY27JAN2625800CE,0.10427513677592667
08-01-2026 13:05||NIFTY27JAN2626000CE,0.10045090188722793
08-01-2026 13:05||NIFTY27JAN2626100CE,0.09873840301569596
08-01-2026 13:05||NIFTY27JAN2626200CE,0.09703245291301063
08-01-2026 13:05||NIFTY27JAN2626300CE,0.09533300168360861
08-01-2026 13:05||NIFTY27JAN2623800PE,0.18382769397207122
08-01-2026 13:05||NIFTY27JAN2624600PE,0.13856693085831503
08-01-2026 13:10||NIFTY27JAN2625400CE,0.12299833659695933
08-01-2026 13:10||NIFTY27JAN2625700CE,0.10763588027597415
08-01-2026 13:10||NIFTY27JAN2625800CE,0.10571923288037516
08-01-2026 13:10||NIFTY27JAN2626100CE,0.09916660706658738
08-01-2026 13:10||NIFTY27JAN2626200CE,0.09740995752606026
08-01-2026 13:10||NIFTY27JAN2624100PE,0.16825802901129155
08-01-2026 13:10||NIFTY27JAN2624900PE,0.12153907627585636
08-01-2026 13:15||NIFTY27JAN2625900CE,0.10080579149533518
08-01-2026 13:15||NIFTY27JAN2626300CE,0.09436730037372325
08-01-2026 13:15||NIFTY27JAN2624300PE,0.15789412548370965
08-01-2026 13:15||NIFTY27JAN2625000PE,0.11685452997207979
08-01-2026 13:20||NIFTY27JAN2625300CE,0.13277048257478513
08-01-2026 13:20||NIFTY27JAN2625400CE,0.12445390218753048
08-01-2026 13:20||NIFTY27JAN2626200CE,0.09621734732180358
08-01-2026 13:20||NIFTY27JAN2623800PE,0.1840973361137444
08-01-2026 13:20||NIFTY27JAN2624000PE,0.17376428121898493
08-01-2026 13:20||NIFTY27JAN2624400PE,0.1507772745545399
08-01-2026 13:20||NIFTY27JAN2625000PE,0.11662468997250638
08-01-2026 13:25||NIFTY27JAN2625400CE,0.11250052230735615
08-01-2026 13:25||NIFTY27JAN2625500CE,0.10839723120926562
08-01-2026 13:25||NIFTY27JAN2625900CE,0.0982675095599331
08-01-2026 13:25||NIFTY27JAN2626000CE,0.09697003836329571
08-01-2026 13:25||NIFTY27JAN2626100CE,0.09567754787448719
08-01-2026 13:25||NIFTY27JAN2624600PE,0.13915701215935217
08-01-2026 13:25||NIFTY27JAN2624900PE,0.12384965860673895
08-01-2026 13:30||NIFTY27JAN2625600CE,0.11701243320772341
08-01-2026 13:30||NIFTY27JAN2625700CE,0.11251247880631894
08-01-2026 13:30||NIFTY27JAN2626100CE,0.10093165707994368
08-01-2026 13:30||NIFTY27JAN2626500CE,0.09426544424739891
08-01-2026 13:30||NIFTY27JAN2624300PE,0.15489405054932062
08-01-2026 13:30||NIFTY27JAN2624400PE,0.14858412149822015
08-01-2026 13:35||NIFTY27JAN2624600PE,0.13737779631584443
08-01-2026 13:35||NIFTY27JAN2624700PE,0.1319078734380969
08-01-2026 13:35||NIFTY27JAN2624800PE,0.12646005131909935
08-01-2026 13:35||NIFTY27JAN2624900PE,0.12103415208481885
08-01-2026 13:40||NIFTY27JAN2625300CE,0.1266243972055939
08-01-2026 13:40||NIFTY27JAN2625600CE,0.11345683356103198
08-01-2026 13:40||NIFTY27JAN2625700CE,0.10923020972326841
08-01-2026 13:40||NIFTY27JAN2626000CE,0.10119592306687136
08-01-2026 13:40||NIFTY27JAN2626200CE,0.0975307797929829
08-01-2026 13:40||NIFTY27JAN2626300CE,0.095987461391533
08-01-2026 13:40||NIFTY27JAN2624100PE,0.167677219880339
08-01-2026 13:40||NIFTY27JAN2624800PE,0.12502993271434729
08-01-2026 13:40||NIFTY27JAN2624900PE,0.12004998647822347
08-01-2026 13:45||NIFTY27JAN2625600CE,0.11359092161581132
08-01-2026 13:45||NIFTY27JAN2625700CE,0.10955762915233022
08-01-2026 13:45||NIFTY27JAN2624600PE,0.1366133354407049
08-01-2026 13:45||NIFTY27JAN2624700PE,0.13087006512242028
08-01-2026 13:45||NIFTY27JAN2625100PE,0.10972960085056804
08-01-2026 13:50||NIFTY27JAN2625500CE,0.11740850977447065
08-01-2026 13:50||NIFTY27JAN2624600PE,0.13541695118357439
08-01-2026 13:55||NIFTY27JAN2625200CE,0.13829447536355957
08-01-2026 13:55||NIFTY27JAN2625700CE,0.106721614764833
08-01-2026 13:55||NIFTY27JAN2624200PE,0.1616544317881057
08-01-2026 13:55||NIFTY27JAN2624600PE,0.13562216459879628
08-01-2026 13:55||NIFTY27JAN2625000PE,0.11419496997325314
08-01-2026 14:00||NIFTY27JAN2625300CE,0.10817796798944918
08-01-2026 14:00||NIFTY27JAN2625400CE,0.10935128915029628
08-01-2026 14:00||NIFTY27JAN2625900CE,0.09914469152416987
08-01-2026 14:00||NIFTY27JAN2626000CE,0.09754556922350992
08-01-2026 14:00||NIFTY27JAN2626100CE,0.09595258560321746
08-01-2026 14:00||NIFTY27JAN2626200CE,0.09436569371336584
08-01-2026 14:00||NIFTY27JAN2626300CE,0.0927848471406019
08-01-2026 14:00||NIFTY27JAN2623800PE,0.18603737666031184
08-01-2026 14:00||NIFTY27JAN2623900PE,0.17982572032510008
08-01-2026 14:05||NIFTY27JAN2625300CE,0.11305663043902797
08-01-2026 14:05||NIFTY27JAN2626000CE,0.09621189422311195
08-01-2026 14:05||NIFTY27JAN2626200CE,0.09322812033503888
08-01-2026 14:05||NIFTY27JAN2626300CE,0.09186146689099031
08-01-2026 14:05||NIFTY27JAN2626500CE,0.08914368044413477
08-01-2026 14:05||NIFTY27JAN2623900PE,0.17852354599168418
08-01-2026 14:05||NIFTY27JAN2624500PE,0.1422775509858418
08-01-2026 14:10||NIFTY27JAN2625200CE,0.12095783129341953
08-01-2026 14:10||NIFTY27JAN2625300CE,0.120292603557035
08-01-2026 14:10||NIFTY27JAN2625700CE,0.10997116729288667
08-01-2026 14:10||NIFTY27JAN2624800PE,0.12424969755272701
08-01-2026 14:10||NIFTY27JAN2625000PE,0.11410993997317322
08-01-2026 14:15||NIFTY27JAN2625200CE,0.1288885149258795
08-01-2026 14:15||NIFTY27JAN2625600CE,0.11499393551873645
08-01-2026 14:15||NIFTY27JAN2626100CE,0.09714595784451638
08-01-2026 14:15||NIFTY27JAN2626400CE,0.09230315340467508
08-01-2026 14:15||NIFTY27JAN2623800PE,0.18333322857944884
08-01-2026 14:15||NIFTY27JAN2624200PE,0.16020030723548398
08-01-2026 14:15||NIFTY27JAN2624300PE,0.15381704626877546
08-01-2026 14:15||NIFTY27JAN2625000PE,0.1131344099717598
08-01-2026 14:20||NIFTY27JAN2625700CE,0.10381551554026934
08-01-2026 14:20||NIFTY27JAN2626400CE,0.0896388068153285
08-01-2026 14:20||NIFTY27JAN2624500PE,0.14088738772008233
08-01-2026 14:20||NIFTY27JAN2625000PE,0.11337025997402647
08-01-2026 14:25||NIFTY27JAN2625200CE,0.11914766330806106
08-01-2026 14:25||NIFTY27JAN2625600CE,0.10445333982681218
08-01-2026 14:25||NIFTY27JAN2625900CE,0.09764628506108436
08-01-2026 14:25||NIFTY27JAN2626000CE,0.09581963647857004
08-01-2026 14:25||NIFTY27JAN2624600PE,0.13609691053305584
08-01-2026 14:25||NIFTY27JAN2624800PE,0.12453466731070943
08-01-2026 14:30||NIFTY27JAN2626200CE,0.09837536258416028
08-01-2026 14:30||NIFTY27JAN2626400CE,0.09353384185006043
08-01-2026 14:30||NIFTY27JAN2626500CE,0.0911268185353456
08-01-2026 14:30||NIFTY27JAN2624500PE,0.13998720404610288
08-01-2026 14:35||NIFTY27JAN2626100CE,0.09525125478010883
08-01-2026 14:35||NIFTY27JAN2624200PE,0.1601485743476489
08-01-2026 14:35||NIFTY27JAN2624800PE,0.12356965723003702
08-01-2026 14:35||NIFTY27JAN2625100PE,0.10884920164790883
08-01-2026 14:40||NIFTY27JAN2625300CE,0.12045170039658872
08-01-2026 14:40||NIFTY27JAN2625400CE,0.116509015427851
08-01-2026 14:40||NIFTY27JAN2625500CE,0.11258182238498396
08-01-2026 14:40||NIFTY27JAN2626200CE,0.09316731931334973
08-01-2026 14:40||NIFTY27JAN2626300CE,0.09159066790106932
08-01-2026 14:40||NIFTY27JAN2624200PE,0.15947754128685776
08-01-2026 14:40||NIFTY27JAN2624600PE,0.13485188004516696
08-01-2026 14:40||NIFTY27JAN2625000PE,0.11296007997354654
08-01-2026 14:45||NIFTY27JAN2625300CE,0.12239373516155314
08-01-2026 14:45||NIFTY27JAN2625700CE,0.106066643947786
08-01-2026 14:45||NIFTY27JAN2624000PE,0.1701408228756447
08-01-2026 14:45||NIFTY27JAN2624700PE,0.12845383600189028
08-01-2026 14:45||NIFTY27JAN2625000PE,0.1122946499723998
08-01-2026 14:50||NIFTY27JAN2625400CE,0.11374253320834021
08-01-2026 14:50||NIFTY27JAN2625500CE,0.1084559209568604
08-01-2026 14:50||NIFTY27JAN2626000CE,0.09346170191494549
08-01-2026 14:50||NIFTY27JAN2626200CE,0.0904625477039695
08-01-2026 14:50||NIFTY27JAN2624100PE,0.165587634819289
08-01-2026 14:50||NIFTY27JAN2624300PE,0.15341722218615647
08-01-2026 14:50||NIFTY27JAN2625100PE,0.10934828348179247
08-01-2026 14:55||NIFTY27JAN2626300CE,0.09087731938517585
08-01-2026 15:00||NIFTY27JAN2625200CE,0.13427841599399012
08-01-2026 15:00||NIFTY27JAN2625600CE,0.09875386027794263
08-01-2026 15:00||NIFTY27JAN2625700CE,0.09632721820074087
08-01-2026 15:00||NIFTY27JAN2626300CE,0.088644944047764
08-01-2026 15:00||NIFTY27JAN2626400CE,0.08819161506724203
08-01-2026 15:00||NIFTY27JAN2623900PE,0.1746808128326881
08-01-2026 15:00||NIFTY27JAN2624000PE,0.16849755136578015
08-01-2026 15:00||NIFTY27JAN2624900PE,0.11789529113855977
08-01-2026 15:00||NIFTY27JAN2625100PE,0.10826397155198067
08-01-2026 15:05||NIFTY27JAN2626000CE,0.0985675174996096
08-01-2026 15:05||NIFTY27JAN2626100CE,0.0968317240080031
08-01-2026 15:05||NIFTY27JAN2626200CE,0.09510256836622598
08-01-2026 15:05||NIFTY27JAN2624400PE,0.1428771516033759
08-01-2026 15:05||NIFTY27JAN2624800PE,0.11984694861088475
08-01-2026 15:05||NIFTY27JAN2624900PE,0.11495366810577783
08-01-2026 15:10||NIFTY27JAN2625700CE,0.10423829764845699
08-01-2026 15:10||NIFTY27JAN2626100CE,0.09495213600831852
08-01-2026 15:10||NIFTY27JAN2626300CE,0.09229278516576588
08-01-2026 15:10||NIFTY27JAN2626500CE,0.08997161100792464
08-01-2026 15:10||NIFTY27JAN2624000PE,0.16673864580047956
08-01-2026 15:10||NIFTY27JAN2624200PE,0.1552675619480736
08-01-2026 15:10||NIFTY27JAN2624600PE,0.13121782516972125
08-01-2026 15:10||NIFTY27JAN2625100PE,0.10577980045189765
08-01-2026 15:15||NIFTY27JAN2625500CE,0.11037199997949487
08-01-2026 15:15||NIFTY27JAN2626100CE,0.09424182949415863
08-01-2026 15:15||NIFTY27JAN2624800PE,0.12013587699140699
08-01-2026 15:15||NIFTY27JAN2625100PE,0.10587948108977016
08-01-2026 15:20||NIFTY27JAN2625600CE,0.1044533593581119
08-01-2026 15:20||NIFTY27JAN2626100CE,0.09285680075845609
08-01-2026 15:20||NIFTY27JAN2626400CE,0.08945330171572055
08-01-2026 15:20||NIFTY27JAN2626500CE,0.08858988018135766
08-01-2026 15:20||NIFTY27JAN2624000PE,0.16690626039137832
08-01-2026 15:20||NIFTY27JAN2624500PE,0.13684280608859095
08-01-2026 15:20||NIFTY27JAN2624800PE,0.12046076610400959
08-01-2026 15:20||NIFTY27JAN2625000PE,0.11113049997466648
08-01-2026 15:25||NIFTY27JAN2625800CE,0.0960899127779599
08-01-2026 15:25||NIFTY27JAN2626100CE,0.09212756704385586
08-01-2026 15:25||NIFTY27JAN2623800PE,0.1812187631868265
08-01-2026 15:25||NIFTY27JAN2624100PE,0.1597440041034761
08-01-2026 15:25||NIFTY27JAN2624300PE,0.14914904319306327
08-01-2026 15:25||NIFTY27JAN2624600PE,0.13159165646731544
08-01-2026 15:25||NIFTY27JAN2625100PE,0.10841672659142174
09-01-2026 09:15||NIFTY27JAN2625400CE,0.12349520646847907
09-01-2026 09:15||NIFTY27JAN2625500CE,0.11973524516982248
09-01-2026 09:15||NIFTY27JAN2625800CE,0.10737203486377729
09-01-2026 09:15||NIFTY27JAN2626300CE,0.09434655892706971
09-01-2026 09:15||NIFTY27JAN2624400PE,0.14517304299931388
09-01-2026 09:15||NIFTY27JAN2625000PE,0.11225015997375988
09-01-2026 09:20||NIFTY27JAN2625300CE,0.11377197618557809
09-01-2026 09:20||NIFTY27JAN2624100PE,0.16379830206745133
09-01-2026 09:20||NIFTY27JAN2624200PE,0.15776170440525897
09-01-2026 09:20||NIFTY27JAN2624800PE,0.12455068545862975
09-01-2026 09:20||NIFTY27JAN2625000PE,0.11559131997685317
09-01-2026 09:25||NIFTY27JAN2625400CE,0.11951486216561807
09-01-2026 09:25||NIFTY27JAN2626100CE,0.09441697317267113
09-01-2026 09:25||NIFTY27JAN2624100PE,0.16051270743360518
09-01-2026 09:25||NIFTY27JAN2625000PE,0.11188077997541315
09-01-2026 09:30||NIFTY27JAN2625300CE,0.11399087552077199
09-01-2026 09:30||NIFTY27JAN2625400CE,0.11168089948535416
09-01-2026 09:30||NIFTY27JAN2626100CE,0.0933974712581809
09-01-2026 09:30||NIFTY27JAN2626400CE,0.09064438446822501
09-01-2026 09:30||NIFTY27JAN2624300PE,0.1490276542861415
09-01-2026 09:30||NIFTY27JAN2624500PE,0.13729666878202296
09-01-2026 09:30||NIFTY27JAN2624600PE,0.1315767320533847
09-01-2026 09:35||NIFTY27JAN2626000CE,0.09814532691155538
09-01-2026 09:35||NIFTY27JAN2626200CE,0.09461289121625392
09-01-2026 09:35||NIFTY27JAN2624800PE,0.1196656552166124
09-01-2026 09:40||NIFTY27JAN2625500CE,0.13550652544132047
09-01-2026 09:40||NIFTY27JAN2625600CE,0.1302238081747175
09-01-2026 09:40||NIFTY27JAN2625700CE,0.12496168634934318
09-01-2026 09:40||NIFTY27JAN2625900CE,0.11469030885623048
09-01-2026 09:45||NIFTY27JAN2625600CE,0.12356331051714706
09-01-2026 09:45||NIFTY27JAN2625900CE,0.10794784747257664
09-01-2026 09:45||NIFTY27JAN2624000PE,0.16474966663676666
09-01-2026 09:45||NIFTY27JAN2624300PE,0.1472747085385613
09-01-2026 09:45||NIFTY27JAN2624400PE,0.1411247776884396
09-01-2026 09:45||NIFTY27JAN2624700PE,0.1239245849917906
09-01-2026 09:45||NIFTY27JAN2624900PE,0.11358456824505041
09-01-2026 09:50||NIFTY27JAN2625300CE,0.13834189718606538
09-01-2026 09:50||NIFTY27JAN2625600CE,0.12001966794247401
09-01-2026 09:50||NIFTY27JAN2626000CE,0.10324962197763242
09-01-2026 09:50||NIFTY27JAN2626100CE,0.10054964850302675
09-01-2026 09:50||NIFTY27JAN2626400CE,0.09494358901177735
09-01-2026 09:50||NIFTY27JAN2624100PE,0.15984761407234144
09-01-2026 09:50||NIFTY27JAN2624400PE,0.14227173152023273
09-01-2026 09:50||NIFTY27JAN2624600PE,0.1303378603862752
09-01-2026 09:50||NIFTY27JAN2624700PE,0.12488792018291184
09-01-2026 09:50||NIFTY27JAN2624900PE,0.11470046182174952
09-01-2026 09:55||NIFTY27JAN2625200CE,0.13279796041680816
09-01-2026 09:55||NIFTY27JAN2623800PE,0.17662907762391566
09-01-2026 09:55||NIFTY27JAN2624800PE,0.12080724464252664
09-01-2026 09:55||NIFTY27JAN2624900PE,0.11620309197261613
09-01-2026 09:55||NIFTY27JAN2625000PE,0.11161739286992696
09-01-2026 10:00||NIFTY27JAN2625500CE,0.1061103823411055
09-01-2026 10:00||NIFTY27JAN2626100CE,0.09295760535812582
09-01-2026 10:00||NIFTY27JAN2624100PE,0.162456348508544
09-01-2026 10:00||NIFTY27JAN2624300PE,0.1497974896766234
09-01-2026 10:00||NIFTY27JAN2625100PE,0.1082672056346128
09-01-2026 10:05||NIFTY27JAN2625600CE,0.12119441402286252
09-01-2026 10:05||NIFTY27JAN2626100CE,0.09933066090892405
09-01-2026 10:05||NIFTY27JAN2624500PE,0.1362931530283297
09-01-2026 10:05||NIFTY27JAN2624800PE,0.1194947681174342
09-01-2026 10:10||NIFTY27JAN2626300CE,0.09125418406883636
09-01-2026 10:10||NIFTY27JAN2626400CE,0.09060085700867232
09-01-2026 10:10||NIFTY27JAN2624400PE,0.14349289955628955
09-01-2026 10:15||NIFTY27JAN2625600CE,0.10870181638543795
09-01-2026 10:15||NIFTY27JAN2626200CE,0.09260530830153497
09-01-2026 10:15||NIFTY27JAN2626300CE,0.09137532020189124
09-01-2026 10:15||NIFTY27JAN2625100PE,0.10738556890370986
09-01-2026 10:20||NIFTY27JAN2625200CE,0.14390261392038514
09-01-2026 10:20||NIFTY27JAN2625700CE,0.11309183848818924
09-01-2026 10:20||NIFTY27JAN2623900PE,0.1731152054066591
09-01-2026 10:20||NIFTY27JAN2624000PE,0.1671852743286917
09-01-2026 10:25||NIFTY27JAN2625600CE,0.12102640621542916
09-01-2026 10:25||NIFTY27JAN2626200CE,0.09720096373065797
09-01-2026 10:25||NIFTY27JAN2626500CE,0.09153672969470157
09-01-2026 10:25||NIFTY27JAN2624200PE,0.1552370040952463
09-01-2026 10:25||NIFTY27JAN2625000PE,0.10958055997482648
09-01-2026 10:30||NIFTY27JAN2624300PE,0.14993346704563712
09-01-2026 10:30||NIFTY27JAN2624900PE,0.11720088350963019
09-01-2026 10:35||NIFTY27JAN2626300CE,0.09162219581073361
09-01-2026 10:35||NIFTY27JAN2624300PE,0.1491126645742365
09-01-2026 10:35||NIFTY27JAN2624800PE,0.12000517134433336
09-01-2026 10:40||NIFTY27JAN2625500CE,0.11664001958226212
09-01-2026 10:40||NIFTY27JAN2626000CE,0.09768315819266138
09-01-2026 10:40||NIFTY27JAN2626100CE,0.0959031756797733
09-01-2026 10:40||NIFTY27JAN2626400CE,0.09077637572690865
09-01-2026 10:40||NIFTY27JAN2626500CE,0.08910907897089755
09-01-2026 10:40||NIFTY27JAN2624000PE,0.1661132812160914
09-01-2026 10:40||NIFTY27JAN2624700PE,0.12496921049684048
09-01-2026 10:40||NIFTY27JAN2625000PE,0.10957580997549321
09-01-2026 10:45||NIFTY27JAN2625200CE,0.13294738352520796
09-01-2026 10:45||NIFTY27JAN2625400CE,0.12089643264526308
09-01-2026 10:45||NIFTY27JAN2625500CE,0.1149064942997971
09-01-2026 10:45||NIFTY27JAN2626300CE,0.09088265208559729
09-01-2026 10:45||NIFTY27JAN2624400PE,0.1424779712778017
09-01-2026 10:45||NIFTY27JAN2625000PE,0.10970570997522641
09-01-2026 10:50||NIFTY27JAN2625800CE,0.0956439966555134
09-01-2026 10:50||NIFTY27JAN2625900CE,0.09374536664993453
09-01-2026 10:50||NIFTY27JAN2626000CE,0.09185405315577679
09-01-2026 10:50||NIFTY27JAN2626400CE,0.08803212524230286
09-01-2026 10:50||NIFTY27JAN2626500CE,0.08747635965696583
09-01-2026 10:50||NIFTY27JAN2624100PE,0.16116241697634026
09-01-2026 10:55||NIFTY27JAN2626300CE,0.09133798478601876
09-01-2026 10:55||NIFTY27JAN2623800PE,0.17448849062010285
09-01-2026 10:55||NIFTY27JAN2624700PE,0.12423452426287991
09-01-2026 10:55||NIFTY27JAN2624900PE,0.11453090359000545
09-01-2026 11:00||NIFTY27JAN2625200CE,0.1678089705552401
09-01-2026 11:00||NIFTY27JAN2625700CE,0.10308743997811988
09-01-2026 11:00||NIFTY27JAN2625800CE,0.09985747245405835
09-01-2026 11:00||NIFTY27JAN2624900PE,0.1131210968717724
09-01-2026 11:00||NIFTY27JAN2625000PE,0.10841114731394472
09-01-2026 11:05||NIFTY27JAN2625300CE,0.12556085964697553
09-01-2026 11:05||NIFTY27JAN2625500CE,0.11377090193746481
09-01-2026 11:05||NIFTY27JAN2625700CE,0.10567326846550398
09-01-2026 11:05||NIFTY27JAN2624000PE,0.16326862496708586
09-01-2026 11:05||NIFTY27JAN2624400PE,0.13835482579119004
09-01-2026 11:05||NIFTY27JAN2625100PE,0.10440544914291208
09-01-2026 11:10||NIFTY27JAN2625200CE,0.11931687133114562
09-01-2026 11:10||NIFTY27JAN2625500CE,0.10644150978216005
09-01-2026 11:10||NIFTY27JAN2625800CE,0.09499097867210164
09-01-2026 11:10||NIFTY27JAN2623900PE,0.1704572802976145
09-01-2026 11:10||NIFTY27JAN2624700PE,0.12375967608515694
09-01-2026 11:10||NIFTY27JAN2625100PE,0.10645417169440266
09-01-2026 11:15||NIFTY27JAN2625700CE,0.1021439688563764
09-01-2026 11:15||NIFTY27JAN2626400CE,0.09188584280504575
09-01-2026 11:15||NIFTY27JAN2624200PE,0.15211890492710226
09-01-2026 11:15||NIFTY27JAN2624600PE,0.12816336378909077
09-01-2026 11:20||NIFTY27JAN2625200CE,0.1315310891900216
09-01-2026 11:20||NIFTY27JAN2625500CE,0.11054972546386112
09-01-2026 11:25||NIFTY27JAN2625600CE,0.10985169919763987
09-01-2026 11:25||NIFTY27JAN2624600PE,0.12754293695864702
09-01-2026 11:25||NIFTY27JAN2625100PE,0.10345676651168755
09-01-2026 11:30||NIFTY27JAN2625300CE,0.12214737150861975
09-01-2026 11:30||NIFTY27JAN2626200CE,0.09020437976948645
09-01-2026 11:30||NIFTY27JAN2624000PE,0.16279052957126863
09-01-2026 11:30||NIFTY27JAN2624100PE,0.1573139260294753
09-01-2026 11:30||NIFTY27JAN2624500PE,0.1342867503597081
09-01-2026 11:30||NIFTY27JAN2624600PE,0.1285868134098413
09-01-2026 11:30||NIFTY27JAN2624900PE,0.11337839230491235
09-01-2026 11:30||NIFTY27JAN2625000PE,0.10882510773591536
09-01-2026 11:35||NIFTY27JAN2625200CE,0.12040722507243916
09-01-2026 11:35||NIFTY27JAN2625300CE,0.11639570023787787
09-01-2026 11:35||NIFTY27JAN2625700CE,0.10146234169395843
09-01-2026 11:35||NIFTY27JAN2625800CE,0.09863570344792717
09-01-2026 11:35||NIFTY27JAN2624100PE,0.1574618983026527
09-01-2026 11:35||NIFTY27JAN2624600PE,0.12777352639116468
09-01-2026 11:40||NIFTY27JAN2625300CE,0.11832877467432874
09-01-2026 11:40||NIFTY27JAN2625800CE,0.09830672257823674
09-01-2026 11:40||NIFTY27JAN2625900CE,0.09660007293869119
09-01-2026 11:40||NIFTY27JAN2624600PE,0.12775936344261993
09-01-2026 11:40||NIFTY27JAN2624700PE,0.12267941917966835
09-01-2026 11:40||NIFTY27JAN2625000PE,0.10856652997741316
09-01-2026 11:45||NIFTY27JAN2625900CE,0.09732320896396447
09-01-2026 11:45||NIFTY27JAN2626000CE,0.09556322638811125
09-01-2026 11:45||NIFTY27JAN2626200CE,0.09334912213527313
09-01-2026 11:45||NIFTY27JAN2626500CE,0.09211147448367056
09-01-2026 11:50||NIFTY27JAN2625200CE,0.11869428504547398
09-01-2026 11:50||NIFTY27JAN2625400CE,0.11251792123889115
09-01-2026 11:50||NIFTY27JAN2625500CE,0.10944795283812633
09-01-2026 11:50||NIFTY27JAN2626000CE,0.09664185576147863
09-01-2026 11:50||NIFTY27JAN2626500CE,0.09296143667639696
09-01-2026 11:50||NIFTY27JAN2625000PE,0.10856169997786644
09-01-2026 11:55||NIFTY27JAN2625400CE,0.11473960627236188
09-01-2026 11:55||NIFTY27JAN2625600CE,0.10629380857800433
09-01-2026 11:55||NIFTY27JAN2625800CE,0.10036465114939788
09-01-2026 11:55||NIFTY27JAN2626300CE,0.093729505702231
09-01-2026 11:55||NIFTY27JAN2624200PE,0.15159427601781017
09-01-2026 11:55||NIFTY27JAN2624300PE,0.14455768912448289
09-01-2026 11:55||NIFTY27JAN2624500PE,0.13257486731880402
09-01-2026 11:55||NIFTY27JAN2624900PE,0.11367104415263217
09-01-2026 12:00||NIFTY27JAN2625600CE,0.11187126950904717
09-01-2026 12:00||NIFTY27JAN2625800CE,0.10394329455685387
09-01-2026 12:00||NIFTY27JAN2626300CE,0.09530893535865138
09-01-2026 12:00||NIFTY27JAN2623800PE,0.17247861640663417
09-01-2026 12:00||NIFTY27JAN2624400PE,0.13792786881849858
09-01-2026 12:00||NIFTY27JAN2624800PE,0.11536551408719777
09-01-2026 12:05||NIFTY27JAN2625500CE,0.1087260489966652
09-01-2026 12:05||NIFTY27JAN2626000CE,0.09547721153158663
09-01-2026 12:05||NIFTY27JAN2626500CE,0.09301045368728325
09-01-2026 12:05||NIFTY27JAN2624600PE,0.12768293695864694
09-01-2026 12:10||NIFTY27JAN2625500CE,0.10588388233726082
09-01-2026 12:10||NIFTY27JAN2625900CE,0.09644712354497675
09-01-2026 12:10||NIFTY27JAN2626300CE,0.09339020912597919
09-01-2026 12:10||NIFTY27JAN2624200PE,0.15211258068568356
09-01-2026 12:10||NIFTY27JAN2624300PE,0.14547265596208914
09-01-2026 12:15||NIFTY27JAN2625400CE,0.11145174198681654
09-01-2026 12:15||NIFTY27JAN2625500CE,0.10765844769792375
09-01-2026 12:15||NIFTY27JAN2625800CE,0.0995857542059081
09-01-2026 12:15||NIFTY27JAN2625900CE,0.09762910706056983
09-01-2026 12:15||NIFTY27JAN2626200CE,0.0933444741983063
09-01-2026 12:15||NIFTY27JAN2626300CE,0.0921833885056648
09-01-2026 12:15||NIFTY27JAN2626400CE,0.09102670922093622
09-01-2026 12:15||NIFTY27JAN2626500CE,0.08987440302522666
09-01-2026 12:15||NIFTY27JAN2623800PE,0.17502406715632438
09-01-2026 12:15||NIFTY27JAN2624100PE,0.15695947463739046
09-01-2026 12:15||NIFTY27JAN2624200PE,0.1504261150890649
09-01-2026 12:15||NIFTY27JAN2624300PE,0.14391969730611398
09-01-2026 12:20||NIFTY27JAN2624000PE,0.1627306770418893
09-01-2026 12:20||NIFTY27JAN2624700PE,0.12109408843694218
09-01-2026 12:20||NIFTY27JAN2624800PE,0.11633747353886957
09-01-2026 12:20||NIFTY27JAN2625000PE,0.10758197997861312
09-01-2026 12:25||NIFTY27JAN2624200PE,0.1503164255812033
09-01-2026 12:25||NIFTY27JAN2624400PE,0.13832889341153065
09-01-2026 12:25||NIFTY27JAN2624600PE,0.12696792679601732
09-01-2026 12:25||NIFTY27JAN2625000PE,0.10879207997887984
09-01-2026 12:30||NIFTY27JAN2626400CE,0.09497785038560418
09-01-2026 12:30||NIFTY27JAN2623800PE,0.1650727253748451
09-01-2026 12:30||NIFTY27JAN2624400PE,0.1381030634911747
09-01-2026 12:30||NIFTY27JAN2624900PE,0.11256168672464069
09-01-2026 12:35||NIFTY27JAN2625700CE,0.09788183851342311
09-01-2026 12:35||NIFTY27JAN2626400CE,0.09623815341663183
09-01-2026 12:35||NIFTY27JAN2624100PE,0.15913225100076034
09-01-2026 12:35||NIFTY27JAN2624300PE,0.14621606991952957
09-01-2026 12:35||NIFTY27JAN2624700PE,0.12413626515832389
09-01-2026 12:35||NIFTY27JAN2624900PE,0.1157868975685809
09-01-2026 12:40||NIFTY27JAN2625800CE,0.09934132751018442
09-01-2026 12:40||NIFTY27JAN2626100CE,0.09625934865741023
09-01-2026 12:40||NIFTY27JAN2624100PE,0.15857156635149278
09-01-2026 12:45||NIFTY27JAN2625300CE,0.10573793476421214
09-01-2026 12:45||NIFTY27JAN2625800CE,0.09730529672346483
09-01-2026 12:45||NIFTY27JAN2625900CE,0.0964937451115815
09-01-2026 12:45||NIFTY27JAN2626000CE,0.0956853208739732
09-01-2026 12:45||NIFTY27JAN2626400CE,0.09855834281102407
09-01-2026 12:45||NIFTY27JAN2623900PE,0.1701892259099859
09-01-2026 12:45||NIFTY27JAN2624100PE,0.15840924423071406
09-01-2026 12:45||NIFTY27JAN2624200PE,0.1517959864936685
09-01-2026 12:45||NIFTY27JAN2625100PE,0.10717417169440266
09-01-2026 12:50||NIFTY27JAN2625300CE,0.12189739127151705
09-01-2026 12:50||NIFTY27JAN2625500CE,0.111356833312401
09-01-2026 12:50||NIFTY27JAN2626200CE,0.09805583015468737
09-01-2026 12:50||NIFTY27JAN2623800PE,0.17882450743842324
09-01-2026 12:50||NIFTY27JAN2624100PE,0.1558415663514927
09-01-2026 12:55||NIFTY27JAN2625600CE,0.10484331375551623
09-01-2026 12:55||NIFTY27JAN2625700CE,0.1022766730969375
09-01-2026 12:55||NIFTY27JAN2624100PE,0.1578816285923352
09-01-2026 12:55||NIFTY27JAN2624500PE,0.1327233571105291
09-01-2026 12:55||NIFTY27JAN2624800PE,0.11736619957292617
09-01-2026 13:00||NIFTY27JAN2625200CE,0.11592211884349889
09-01-2026 13:00||NIFTY27JAN2625600CE,0.10402468748648959
09-01-2026 13:00||NIFTY27JAN2625800CE,0.09962173448794767
09-01-2026 13:00||NIFTY27JAN2626400CE,0.09838777462784722
09-01-2026 13:00||NIFTY27JAN2624200PE,0.1507977478990159
09-01-2026 13:00||NIFTY27JAN2624900PE,0.11384671684520357
09-01-2026 13:05||NIFTY27JAN2626000CE,0.09811268268659437
09-01-2026 13:05||NIFTY27JAN2626400CE,0.09865734344712145
09-01-2026 13:05||NIFTY27JAN2626500CE,0.09935205042879275
09-01-2026 13:05||NIFTY27JAN2623900PE,0.17000914222773345
09-01-2026 13:05||NIFTY27JAN2624100PE,0.1582814418698077
09-01-2026 13:05||NIFTY27JAN2624300PE,0.14549768546105607
09-01-2026 13:05||NIFTY27JAN2624400PE,0.13926108891873742
09-01-2026 13:05||NIFTY27JAN2624700PE,0.12235823366570531
09-01-2026 13:05||NIFTY27JAN2624800PE,0.11791449471928368
09-01-2026 13:05||NIFTY27JAN2624900PE,0.11348863807050452
09-01-2026 13:05||NIFTY27JAN2625000PE,0.10908052037371856
09-01-2026 13:10||NIFTY27JAN2625200CE,0.11943788120868065
09-01-2026 13:10||NIFTY27JAN2625900CE,0.09954242277351948
09-01-2026 13:10||NIFTY27JAN2626100CE,0.0976238793076029
09-01-2026 13:10||NIFTY27JAN2626400CE,0.09890777462784722
09-01-2026 13:10||NIFTY27JAN2624000PE,0.163619030602125
09-01-2026 13:10||NIFTY27JAN2624100PE,0.15778243120974514
09-01-2026 13:10||NIFTY27JAN2624300PE,0.14565202671235372
09-01-2026 13:15||NIFTY27JAN2625300CE,0.11647100788172454
09-01-2026 13:15||NIFTY27JAN2625700CE,0.10443623530501764
09-01-2026 13:15||NIFTY27JAN2625800CE,0.1025000192298035
09-01-2026 13:15||NIFTY27JAN2625900CE,0.10057129337089074
09-01-2026 13:15||NIFTY27JAN2626100CE,0.0983053520452723
09-01-2026 13:15||NIFTY27JAN2626200CE,0.09796202205917307
09-01-2026 13:15||NIFTY27JAN2624100PE,0.1582814418698077
09-01-2026 13:15||NIFTY27JAN2624400PE,0.13890922128130104
09-01-2026 13:15||NIFTY27JAN2625000PE,0.1086367899781065
09-01-2026 13:20||NIFTY27JAN2625200CE,0.12085047530094432
09-01-2026 13:20||NIFTY27JAN2625600CE,0.10391513670638199
09-01-2026 13:20||NIFTY27JAN2624100PE,0.15836256220497277
09-01-2026 13:20||NIFTY27JAN2625000PE,0.10869690997842645
09-01-2026 13:25||NIFTY27JAN2625300CE,0.11736538535045926
09-01-2026 13:25||NIFTY27JAN2626200CE,0.09713537213830813
09-01-2026 13:25||NIFTY27JAN2624500PE,0.1333376938433814
09-01-2026 13:25||NIFTY27JAN2625100PE,0.1059142116146684
09-01-2026 13:30||NIFTY27JAN2625900CE,0.09636342663701751
09-01-2026 13:30||NIFTY27JAN2626400CE,0.09745798296167876
09-01-2026 13:30||NIFTY27JAN2624300PE,0.14656235593138994
09-01-2026 13:30||NIFTY27JAN2624900PE,0.11528196784989439
09-01-2026 13:35||NIFTY27JAN2625300CE,0.12215591604723898
09-01-2026 13:35||NIFTY27JAN2625400CE,0.11690263721344615
09-01-2026 13:35||NIFTY27JAN2625900CE,0.10085228763804863
09-01-2026 13:35||NIFTY27JAN2626100CE,0.09862842911493058
09-01-2026 13:35||NIFTY27JAN2623900PE,0.16899897486322835
09-01-2026 13:35||NIFTY27JAN2624100PE,0.15738684643528397
09-01-2026 13:35||NIFTY27JAN2624400PE,0.1392867622580237
09-01-2026 13:35||NIFTY27JAN2624600PE,0.1268879267960174
09-01-2026 13:35||NIFTY27JAN2625100PE,0.10519365273094558
09-01-2026 13:40||NIFTY27JAN2625300CE,0.10670405136791009
09-01-2026 13:40||NIFTY27JAN2625500CE,0.10095963724115647
09-01-2026 13:40||NIFTY27JAN2626500CE,0.0977348204035162
09-01-2026 13:40||NIFTY27JAN2624500PE,0.13413284690503088
09-01-2026 13:40||NIFTY27JAN2624800PE,0.11911593747544179
09-01-2026 13:40||NIFTY27JAN2625100PE,0.10806313376748856
09-01-2026 13:45||NIFTY27JAN2625200CE,0.11210249505601448
09-01-2026 13:45||NIFTY27JAN2626000CE,0.09673300961047732
09-01-2026 13:45||NIFTY27JAN2623900PE,0.1686488702604127
09-01-2026 13:45||NIFTY27JAN2624100PE,0.15700688792917897
09-01-2026 13:45||NIFTY27JAN2624300PE,0.14469206061068696
09-01-2026 13:45||NIFTY27JAN2624400PE,0.1387087945532514
09-01-2026 13:50||NIFTY27JAN2625400CE,0.10963703738100451
09-01-2026 13:50||NIFTY27JAN2625800CE,0.09853691859693568
09-01-2026 13:50||NIFTY27JAN2626100CE,0.09633458812159765
09-01-2026 13:50||NIFTY27JAN2623800PE,0.16839081764169275
09-01-2026 13:50||NIFTY27JAN2624600PE,0.12802577282937172
09-01-2026 13:50||NIFTY27JAN2624700PE,0.12288249592797135
09-01-2026 13:55||NIFTY27JAN2625400CE,0.11581819665038218
09-01-2026 13:55||NIFTY27JAN2625500CE,0.11281822752911375
09-01-2026 13:55||NIFTY27JAN2626400CE,0.10138756629401569
09-01-2026 13:55||NIFTY27JAN2624000PE,0.1599302916385752
09-01-2026 14:00||NIFTY27JAN2625500CE,0.10557429410302212
09-01-2026 14:00||NIFTY27JAN2625800CE,0.0985967635577878
09-01-2026 14:00||NIFTY27JAN2626000CE,0.09611844230385182
09-01-2026 14:00||NIFTY27JAN2624200PE,0.15128422239512915
09-01-2026 14:00||NIFTY27JAN2624300PE,0.14549242744643126
09-01-2026 14:00||NIFTY27JAN2624400PE,0.13972441817027004
09-01-2026 14:05||NIFTY27JAN2625200CE,0.12519009912725532
09-01-2026 14:05||NIFTY27JAN2625400CE,0.11501001965925658
09-01-2026 14:05||NIFTY27JAN2624100PE,0.15709651448412393
09-01-2026 14:05||NIFTY27JAN2624300PE,0.14463218398366975
09-01-2026 14:05||NIFTY27JAN2624400PE,0.13867891758891754
09-01-2026 14:10||NIFTY27JAN2625300CE,0.1132468181474951
09-01-2026 14:10||NIFTY27JAN2626300CE,0.09665779047083596
09-01-2026 14:10||NIFTY27JAN2626400CE,0.09723338818318834
09-01-2026 14:10||NIFTY27JAN2626500CE,0.09780680971752104
09-01-2026 14:10||NIFTY27JAN2624300PE,0.14457252054090805
09-01-2026 14:10||NIFTY27JAN2624700PE,0.12258135625169021
09-01-2026 14:15||NIFTY27JAN2625500CE,0.10522488233982392
09-01-2026 14:20||NIFTY27JAN2625200CE,0.11460171184284486
09-01-2026 14:20||NIFTY27JAN2625400CE,0.10894945864710207
09-01-2026 14:20||NIFTY27JAN2625900CE,0.09775830115408028
09-01-2026 14:20||NIFTY27JAN2624100PE,0.15642218875991773
09-01-2026 14:20||NIFTY27JAN2624300PE,0.14447631238733552
09-01-2026 14:20||NIFTY27JAN2624400PE,0.13871637715209945
09-01-2026 14:20||NIFTY27JAN2625000PE,0.10903207997887984
09-01-2026 14:25||NIFTY27JAN2625300CE,0.11060734187729289
09-01-2026 14:25||NIFTY27JAN2625600CE,0.1004459960835675
09-01-2026 14:25||NIFTY27JAN2624100PE,0.15718901022884046
09-01-2026 14:25||NIFTY27JAN2624200PE,0.1509838217314468
09-01-2026 14:25||NIFTY27JAN2624300PE,0.14480422171290014
09-01-2026 14:25||NIFTY27JAN2625100PE,0.10687409185387062
09-01-2026 14:30||NIFTY27JAN2625900CE,0.10089706562977503
09-01-2026 14:30||NIFTY27JAN2626300CE,0.09937203422543392
09-01-2026 14:30||NIFTY27JAN2624000PE,0.16172063537510203
09-01-2026 14:30||NIFTY27JAN2624200PE,0.14868230368287577
09-01-2026 14:35||NIFTY27JAN2625800CE,0.1004211530911431
09-01-2026 14:35||NIFTY27JAN2624200PE,0.1496649757462715
09-01-2026 14:35||NIFTY27JAN2624300PE,0.14360504444732844
09-01-2026 14:35||NIFTY27JAN2624600PE,0.12682387192057154
09-01-2026 14:40||NIFTY27JAN2625200CE,0.12430087134158126
09-01-2026 14:40||NIFTY27JAN2625600CE,0.10710877928105486
09-01-2026 14:40||NIFTY27JAN2625900CE,0.10007720076524587
09-01-2026 14:40||NIFTY27JAN2626100CE,0.09831439655024772
09-01-2026 14:40||NIFTY27JAN2626400CE,0.10035301137083756
09-01-2026 14:40||NIFTY27JAN2623800PE,0.17397285121985487
09-01-2026 14:45||NIFTY27JAN2625300CE,0.1146615810057465
09-01-2026 14:45||NIFTY27JAN2625600CE,0.10484961912694067
09-01-2026 14:45||NIFTY27JAN2624500PE,0.1323979740249866
09-01-2026 14:45||NIFTY27JAN2624600PE,0.12699803375669164
09-01-2026 14:50||NIFTY27JAN2626000CE,0.09748836538058527
09-01-2026 14:50||NIFTY27JAN2626300CE,0.09814715779987614
09-01-2026 14:50||NIFTY27JAN2623900PE,0.16888398532350984
09-01-2026 14:55||NIFTY27JAN2625600CE,0.10319069334842253
09-01-2026 14:55||NIFTY27JAN2625900CE,0.0975488610010311
09-01-2026 14:55||NIFTY27JAN2623900PE,0.16805629252204995
09-01-2026 14:55||NIFTY27JAN2624000PE,0.162386358422206
09-01-2026 14:55||NIFTY27JAN2624800PE,0.11734104836283905
09-01-2026 15:00||NIFTY27JAN2625400CE,0.11295733265735798
09-01-2026 15:00||NIFTY27JAN2625600CE,0.10640449267797937
09-01-2026 15:00||NIFTY27JAN2625700CE,0.10374937722374654
09-01-2026 15:00||NIFTY27JAN2625800CE,0.10110457292345987
09-01-2026 15:00||NIFTY27JAN2626500CE,0.10080444233078009
09-01-2026 15:00||NIFTY27JAN2624000PE,0.16172446871952734
09-01-2026 15:00||NIFTY27JAN2624300PE,0.14389672835760223
09-01-2026 15:05||NIFTY27JAN2625600CE,0.10578840818636108
09-01-2026 15:05||NIFTY27JAN2626500CE,0.10079368618530817
09-01-2026 15:05||NIFTY27JAN2624200PE,0.15017724919647102
09-01-2026 15:05||NIFTY27JAN2624300PE,0.14386065414064209
09-01-2026 15:05||NIFTY27JAN2625000PE,0.106719839732584
09-01-2026 15:05||NIFTY27JAN2625100PE,0.10180936079605954
09-01-2026 15:10||NIFTY27JAN2625200CE,0.11844033666063132
09-01-2026 15:10||NIFTY27JAN2626200CE,0.09691062977252146
09-01-2026 15:10||NIFTY27JAN2623800PE,0.17296959869896267
09-01-2026 15:10||NIFTY27JAN2624000PE,0.16191353121681476
09-01-2026 15:10||NIFTY27JAN2624600PE,0.12695835362646124
09-01-2026 15:10||NIFTY27JAN2625000PE,0.10793855716401289
09-01-2026 15:10||NIFTY27JAN2625100PE,0.1033455233304558
09-01-2026 15:15||NIFTY27JAN2625200CE,0.11374160399067057
09-01-2026 15:15||NIFTY27JAN2625900CE,0.09680691316543842
09-01-2026 15:15||NIFTY27JAN2626000CE,0.09600692108550514
09-01-2026 15:15||NIFTY27JAN2624200PE,0.1515836543335333
09-01-2026 15:15||NIFTY27JAN2624300PE,0.14520372666236875
09-01-2026 15:15||NIFTY27JAN2624500PE,0.13332374486670787
09-01-2026 15:15||NIFTY27JAN2624700PE,0.12322571859812637
09-01-2026 15:15||NIFTY27JAN2624900PE,0.1146820481713955
09-01-2026 15:20||NIFTY27JAN2625200CE,0.12569273610403317
09-01-2026 15:20||NIFTY27JAN2625300CE,0.11951418152215863
09-01-2026 15:20||NIFTY27JAN2625600CE,0.10497059569192423
09-01-2026 15:20||NIFTY27JAN2625800CE,0.10069608526151586
09-01-2026 15:20||NIFTY27JAN2626100CE,0.09751378352192792
09-01-2026 15:20||NIFTY27JAN2623800PE,0.17181408809150686
09-01-2026 15:20||NIFTY27JAN2624700PE,0.12379020240238423
09-01-2026 15:20||NIFTY27JAN2625100PE,0.10689481041865721
09-01-2026 15:25||NIFTY27JAN2625500CE,0.1163770489992284
09-01-2026 15:25||NIFTY27JAN2626000CE,0.10223169546582891
09-01-2026 15:25||NIFTY27JAN2626100CE,0.10093837483848699
09-01-2026 15:25||NIFTY27JAN2624100PE,0.15879098577654577
09-01-2026 15:25||NIFTY27JAN2624200PE,0.15259772323852616
09-01-2026 15:25||NIFTY27JAN2624400PE,0.14053795078594117
12-01-2026 09:15||NIFTY27JAN2625200CE,0.11467566338111215
12-01-2026 09:15||NIFTY27JAN2626000CE,0.10262380739114518
12-01-2026 09:15||NIFTY27JAN2626100CE,0.1027471395128247
12-01-2026 09:15||NIFTY27JAN2624000PE,0.17642224994863964
12-01-2026 09:15||NIFTY27JAN2624900PE,0.12499635539844883
12-01-2026 09:20||NIFTY27JAN2625200CE,0.1278428119407036
12-01-2026 09:20||NIFTY27JAN2625600CE,0.11389550780107566
12-01-2026 09:20||NIFTY27JAN2625800CE,0.11013216084560436
12-01-2026 09:20||NIFTY27JAN2624200PE,0.16311988632062438
12-01-2026 09:20||NIFTY27JAN2624600PE,0.13861871948112744
12-01-2026 09:20||NIFTY27JAN2624800PE,0.12839056449056016
12-01-2026 09:20||NIFTY27JAN2625000PE,0.11906815525701742
12-01-2026 09:20||NIFTY27JAN2625100PE,0.11443488080195181
12-01-2026 09:25||NIFTY27JAN2625800CE,0.11466627906045077
12-01-2026 09:25||NIFTY27JAN2626200CE,0.11327270993024383
12-01-2026 09:25||NIFTY27JAN2624700PE,0.13249513155198822
12-01-2026 09:30||NIFTY27JAN2625200CE,0.13974821786931216
12-01-2026 09:30||NIFTY27JAN2625600CE,0.12376248044962682
12-01-2026 09:30||NIFTY27JAN2625800CE,0.11759550386471126
12-01-2026 09:30||NIFTY27JAN2626000CE,0.11445842307303519
12-01-2026 09:30||NIFTY27JAN2623900PE,0.18070821818032576
12-01-2026 09:30||NIFTY27JAN2624000PE,0.17470162132675787
12-01-2026 09:30||NIFTY27JAN2624400PE,0.14875805324524438
12-01-2026 09:35||NIFTY27JAN2625700CE,0.11846588556028323
12-01-2026 09:35||NIFTY27JAN2625800CE,0.11646955410886589
12-01-2026 09:35||NIFTY27JAN2625900CE,0.11448094542897781
12-01-2026 09:35||NIFTY27JAN2626200CE,0.11325217557780139
12-01-2026 09:35||NIFTY27JAN2626500CE,0.11912103967615578
12-01-2026 09:35||NIFTY27JAN2623900PE,0.1793832112626739
12-01-2026 09:35||NIFTY27JAN2624500PE,0.14269183044578093
12-01-2026 09:35||NIFTY27JAN2624600PE,0.13725589382304348
12-01-2026 09:35||NIFTY27JAN2624700PE,0.13184200974214602
12-01-2026 09:35||NIFTY27JAN2625000PE,0.11705628997677316
12-01-2026 09:40||NIFTY27JAN2625200CE,0.13204303444058207
12-01-2026 09:40||NIFTY27JAN2625400CE,0.12425236218499332
12-01-2026 09:40||NIFTY27JAN2623900PE,0.18037803343788741
12-01-2026 09:40||NIFTY27JAN2624600PE,0.13928100414493447
12-01-2026 09:40||NIFTY27JAN2624700PE,0.13378439778692455
12-01-2026 09:45||NIFTY27JAN2626400CE,0.11747582541690506
12-01-2026 09:45||NIFTY27JAN2626500CE,0.11856750781667423
12-01-2026 09:45||NIFTY27JAN2623900PE,0.1807829183747901
12-01-2026 09:45||NIFTY27JAN2624800PE,0.12583913303506813
12-01-2026 09:45||NIFTY27JAN2625000PE,0.11557023997397321
12-01-2026 09:50||NIFTY27JAN2625400CE,0.12679715549154585
12-01-2026 09:50||NIFTY27JAN2625900CE,0.11212548550445363
12-01-2026 09:50||NIFTY27JAN2626000CE,0.11095549708755124
12-01-2026 09:50||NIFTY27JAN2625000PE,0.11933155997749323
12-01-2026 09:55||NIFTY27JAN2625400CE,0.11660930116638028
12-01-2026 09:55||NIFTY27JAN2625700CE,0.10937170232630904
12-01-2026 09:55||NIFTY27JAN2625900CE,0.10709888030609835
12-01-2026 09:55||NIFTY27JAN2626200CE,0.10843800573248874
12-01-2026 09:55||NIFTY27JAN2626400CE,0.11327617425718903
12-01-2026 09:55||NIFTY27JAN2623800PE,0.1874409644218852
12-01-2026 09:55||NIFTY27JAN2625000PE,0.1200710020603514
12-01-2026 09:55||NIFTY27JAN2625100PE,0.11487283849926289
12-01-2026 10:00||NIFTY27JAN2625200CE,0.1441748713520171
12-01-2026 10:00||NIFTY27JAN2625700CE,0.12064352138443003
12-01-2026 10:00||NIFTY27JAN2626100CE,0.11404780260165794
12-01-2026 10:00||NIFTY27JAN2626200CE,0.11434446637605436
12-01-2026 10:00||NIFTY27JAN2624800PE,0.12482438505188001
12-01-2026 10:05||NIFTY27JAN2623900PE,0.18256377611787852
12-01-2026 10:05||NIFTY27JAN2624300PE,0.15748175922188679
12-01-2026 10:05||NIFTY27JAN2624600PE,0.1399255949911328
12-01-2026 10:05||NIFTY27JAN2624700PE,0.13426425051221536
12-01-2026 10:05||NIFTY27JAN2624800PE,0.1286257802147671
12-01-2026 10:05||NIFTY27JAN2625100PE,0.11404792419939917
12-01-2026 10:10||NIFTY27JAN2625600CE,0.11676425779789684
12-01-2026 10:10||NIFTY27JAN2626300CE,0.11335284573624431
12-01-2026 10:10||NIFTY27JAN2626400CE,0.1158561550330972
12-01-2026 10:10||NIFTY27JAN2624000PE,0.1748914201400716
12-01-2026 10:10||NIFTY27JAN2624100PE,0.16882815669361873
12-01-2026 10:10||NIFTY27JAN2624900PE,0.12270527105818457
12-01-2026 10:15||NIFTY27JAN2626200CE,0.11302670801941424
12-01-2026 10:15||NIFTY27JAN2626400CE,0.11480990187003938
12-01-2026 10:15||NIFTY27JAN2626500CE,0.11569643926373067
12-01-2026 10:15||NIFTY27JAN2623800PE,0.18544243193141732
12-01-2026 10:15||NIFTY27JAN2624500PE,0.1419070203721235
12-01-2026 10:15||NIFTY27JAN2624800PE,0.12452442537457008
12-01-2026 10:15||NIFTY27JAN2625000PE,0.11407655434253341
12-01-2026 10:15||NIFTY27JAN2625100PE,0.10888392089876864
12-01-2026 10:20||NIFTY27JAN2625200CE,0.13207603964580747
12-01-2026 10:20||NIFTY27JAN2626500CE,0.11588077502524069
12-01-2026 10:20||NIFTY27JAN2624200PE,0.1635562396302607
12-01-2026 10:20||NIFTY27JAN2624800PE,0.12758634417456996
12-01-2026 10:20||NIFTY27JAN2624900PE,0.12254306528885679
12-01-2026 10:25||NIFTY27JAN2625200CE,0.14281598026580128
12-01-2026 10:25||NIFTY27JAN2625800CE,0.11435807893064408
12-01-2026 10:25||NIFTY27JAN2625900CE,0.11273247091795191
12-01-2026 10:25||NIFTY27JAN2626000CE,0.11111312730619936
12-01-2026 10:25||NIFTY27JAN2623800PE,0.18652163528338567
12-01-2026 10:25||NIFTY27JAN2624300PE,0.15643474966288903
12-01-2026 10:25||NIFTY27JAN2624400PE,0.1502948187003283
12-01-2026 10:25||NIFTY27JAN2624900PE,0.12135034133949807
12-01-2026 10:30||NIFTY27JAN2625200CE,0.12827378221417518
12-01-2026 10:30||NIFTY27JAN2625800CE,0.1094008623927407
12-01-2026 10:30||NIFTY27JAN2626200CE,0.10807758588414115
12-01-2026 10:30||NIFTY27JAN2624500PE,0.14505771425160124
12-01-2026 10:35||NIFTY27JAN2625400CE,0.12398750982316993
12-01-2026 10:35||NIFTY27JAN2625700CE,0.11371956224308775
12-01-2026 10:35||NIFTY27JAN2626400CE,0.11393638259102057
12-01-2026 10:35||NIFTY27JAN2624600PE,0.1377273780140182
12-01-2026 10:40||NIFTY27JAN2625300CE,0.1305579075348184
12-01-2026 10:40||NIFTY27JAN2625400CE,0.12512732239363464
12-01-2026 10:40||NIFTY27JAN2625500CE,0.11971807555949514
12-01-2026 10:40||NIFTY27JAN2626400CE,0.1131513920607402
12-01-2026 10:40||NIFTY27JAN2625000PE,0.11696132270249415
12-01-2026 10:40||NIFTY27JAN2625100PE,0.11168379786566367
12-01-2026 10:45||NIFTY27JAN2626000CE,0.1102587884585514
12-01-2026 10:45||NIFTY27JAN2626200CE,0.11135321470110966
12-01-2026 10:45||NIFTY27JAN2626300CE,0.11306986475887795
12-01-2026 10:45||NIFTY27JAN2624400PE,0.14905766389989197
12-01-2026 10:45||NIFTY27JAN2625000PE,0.1155812599766931
12-01-2026 10:50||NIFTY27JAN2625500CE,0.1120199128706834
12-01-2026 10:50||NIFTY27JAN2625600CE,0.11029659713688572
12-01-2026 10:50||NIFTY27JAN2626200CE,0.10617806298453619
12-01-2026 10:50||NIFTY27JAN2623900PE,0.18311362967393674
12-01-2026 10:50||NIFTY27JAN2624900PE,0.12360014053574529
12-01-2026 10:55||NIFTY27JAN2625500CE,0.11707885292542068
12-01-2026 10:55||NIFTY27JAN2626200CE,0.10852301527449665
12-01-2026 10:55||NIFTY27JAN2626400CE,0.11351645834877759
12-01-2026 10:55||NIFTY27JAN2624000PE,0.17520196871229363
12-01-2026 10:55||NIFTY27JAN2624300PE,0.15627437954394097
12-01-2026 10:55||NIFTY27JAN2624400PE,0.15004444959332985
12-01-2026 10:55||NIFTY27JAN2624900PE,0.1221003815002486
12-01-2026 10:55||NIFTY27JAN2625100PE,0.11255870190982158
12-01-2026 11:00||NIFTY27JAN2625200CE,0.12951012545195187
12-01-2026 11:00||NIFTY27JAN2625400CE,0.12270332675441425
12-01-2026 11:00||NIFTY27JAN2625600CE,0.1161888964688528
12-01-2026 11:00||NIFTY27JAN2626000CE,0.10867915384406765
12-01-2026 11:00||NIFTY27JAN2626300CE,0.11192420153103642
12-01-2026 11:00||NIFTY27JAN2623800PE,0.18707984663967744
12-01-2026 11:00||NIFTY27JAN2624000PE,0.1743467916284479
12-01-2026 11:00||NIFTY27JAN2624500PE,0.14239237751597247
12-01-2026 11:00||NIFTY27JAN2624800PE,0.12634951812981604
12-01-2026 11:00||NIFTY27JAN2624900PE,0.12170779076455797
12-01-2026 11:00||NIFTY27JAN2625000PE,0.11708466756690686
12-01-2026 11:05||NIFTY27JAN2625200CE,0.13205671291489057
12-01-2026 11:05||NIFTY27JAN2625500CE,0.12061255202668976
12-01-2026 11:05||NIFTY27JAN2625600CE,0.11763679663895893
12-01-2026 11:05||NIFTY27JAN2625700CE,0.11467264266620185
12-01-2026 11:05||NIFTY27JAN2624100PE,0.16724622402685893
12-01-2026 11:05||NIFTY27JAN2624700PE,0.1301246457207015
12-01-2026 11:10||NIFTY27JAN2625200CE,0.12777762380835622
12-01-2026 11:10||NIFTY27JAN2625800CE,0.10910631782023773
12-01-2026 11:10||NIFTY27JAN2626000CE,0.10705971153775035
12-01-2026 11:10||NIFTY27JAN2624400PE,0.14889150609328783
12-01-2026 11:10||NIFTY27JAN2624500PE,0.14274824127099178
12-01-2026 11:15||NIFTY27JAN2625400CE,0.11883437006419602
12-01-2026 11:15||NIFTY27JAN2625700CE,0.11160665798630726
12-01-2026 11:15||NIFTY27JAN2625800CE,0.1098900085798143
12-01-2026 11:20||NIFTY27JAN2626400CE,0.1168817708495248
12-01-2026 11:20||NIFTY27JAN2624800PE,0.12384525198971325
12-01-2026 11:25||NIFTY27JAN2625400CE,0.12093780509952329
12-01-2026 11:25||NIFTY27JAN2623800PE,0.18160280929101108
12-01-2026 11:25||NIFTY27JAN2624200PE,0.15757175253066624
12-01-2026 11:25||NIFTY27JAN2624300PE,0.15153848759607502
12-01-2026 11:25||NIFTY27JAN2624700PE,0.12849492912228536
12-01-2026 11:30||NIFTY27JAN2623900PE,0.17616913804719508
12-01-2026 11:30||NIFTY27JAN2624000PE,0.17038253863665462
12-01-2026 11:35||NIFTY27JAN2625300CE,0.1244110276446218
12-01-2026 11:35||NIFTY27JAN2625600CE,0.11563026365982988
12-01-2026 11:35||NIFTY27JAN2625800CE,0.11177221898528478
12-01-2026 11:35||NIFTY27JAN2624200PE,0.1570774999644262
12-01-2026 11:35||NIFTY27JAN2624400PE,0.145208073737105
12-01-2026 11:35||NIFTY27JAN2624700PE,0.12831018215941387
12-01-2026 11:35||NIFTY27JAN2624900PE,0.11926657628257668
12-01-2026 11:40||NIFTY27JAN2625200CE,0.12395218866468884
12-01-2026 11:40||NIFTY27JAN2625300CE,0.12206737674493263
12-01-2026 11:40||NIFTY27JAN2624300PE,0.15187247185396244
12-01-2026 11:40||NIFTY27JAN2624400PE,0.1459892046721387
12-01-2026 11:40||NIFTY27JAN2625000PE,0.11587764998039991
12-01-2026 11:50||NIFTY27JAN2625600CE,0.11595004881553343
12-01-2026 11:50||NIFTY27JAN2625800CE,0.11244958896032936
12-01-2026 11:50||NIFTY27JAN2625900CE,0.11148293193793057
12-01-2026 11:50||NIFTY27JAN2624700PE,0.12813525300981
12-01-2026 11:55||NIFTY27JAN2625700CE,0.11409102139073862
12-01-2026 11:55||NIFTY27JAN2626000CE,0.11095512500030819
12-01-2026 11:55||NIFTY27JAN2626500CE,0.12109782605789925
12-01-2026 11:55||NIFTY27JAN2624000PE,0.16958257288070838
12-01-2026 11:55||NIFTY27JAN2624900PE,0.11880176704614169
12-01-2026 11:55||NIFTY27JAN2625100PE,0.11063456739671577
12-01-2026 12:00||NIFTY27JAN2625900CE,0.11022884169596381
12-01-2026 12:00||NIFTY27JAN2624100PE,0.16342117215949017
12-01-2026 12:00||NIFTY27JAN2624900PE,0.1188871786938346
12-01-2026 12:00||NIFTY27JAN2625100PE,0.1111283390268801
12-01-2026 12:05||NIFTY27JAN2625500CE,0.11927881370963393
12-01-2026 12:05||NIFTY27JAN2625800CE,0.11231660851864002
12-01-2026 12:05||NIFTY27JAN2626000CE,0.11059003846163329
12-01-2026 12:05||NIFTY27JAN2624000PE,0.16976641662736283
12-01-2026 12:05||NIFTY27JAN2624900PE,0.11762144576013753
12-01-2026 12:10||NIFTY27JAN2625800CE,0.12014937014094233
12-01-2026 12:10||NIFTY27JAN2623800PE,0.18249549273701218
12-01-2026 12:10||NIFTY27JAN2624200PE,0.15648491731244812
12-01-2026 12:10||NIFTY27JAN2624700PE,0.12458399625963548
12-01-2026 12:10||NIFTY27JAN2624800PE,0.1189807239094882
12-01-2026 12:10||NIFTY27JAN2625000PE,0.10891604997613316
12-01-2026 12:15||NIFTY27JAN2625900CE,0.11430689188416951
12-01-2026 12:15||NIFTY27JAN2626200CE,0.11292630725508243
12-01-2026 12:15||NIFTY27JAN2625100PE,0.10873768467780376
12-01-2026 12:20||NIFTY27JAN2625300CE,0.1447568181474951
12-01-2026 12:20||NIFTY27JAN2625500CE,0.1331202548769827
12-01-2026 12:20||NIFTY27JAN2626400CE,0.11755911932803262
12-01-2026 12:20||NIFTY27JAN2624400PE,0.14902692619290894
12-01-2026 12:20||NIFTY27JAN2624700PE,0.1304287449085241
12-01-2026 12:20||NIFTY27JAN2625100PE,0.11052772459806956
12-01-2026 12:25||NIFTY27JAN2625200CE,0.12650695048709343
12-01-2026 12:25||NIFTY27JAN2626300CE,0.11218203422543392
12-01-2026 12:25||NIFTY27JAN2624800PE,0.12933020158635086
12-01-2026 12:30||NIFTY27JAN2625500CE,0.13405538232828992
12-01-2026 12:30||NIFTY27JAN2625700CE,0.12522235406630955
12-01-2026 12:30||NIFTY27JAN2626500CE,0.11807625707991312
12-01-2026 12:30||NIFTY27JAN2623800PE,0.1868181132605088
12-01-2026 12:30||NIFTY27JAN2624800PE,0.13006045655915344
12-01-2026 12:30||NIFTY27JAN2624900PE,0.1252105089195549
12-01-2026 12:35||NIFTY27JAN2626000CE,0.11041352884252671
12-01-2026 12:35||NIFTY27JAN2626300CE,0.11124205323688655
12-01-2026 12:35||NIFTY27JAN2624300PE,0.16227740737186444
12-01-2026 12:35||NIFTY27JAN2624600PE,0.14459287598286943
12-01-2026 12:35||NIFTY27JAN2624900PE,0.1292348895310545
12-01-2026 12:35||NIFTY27JAN2625100PE,0.1192051699615767
12-01-2026 12:40||NIFTY27JAN2625300CE,0.14925853751956106
12-01-2026 12:40||NIFTY27JAN2625500CE,0.1380994901691404
12-01-2026 12:40||NIFTY27JAN2626000CE,0.11971724999321984
12-01-2026 12:40||NIFTY27JAN2626200CE,0.11772392175310721
12-01-2026 12:40||NIFTY27JAN2624300PE,0.15899827863288954
12-01-2026 12:40||NIFTY27JAN2624400PE,0.15262284777665858
12-01-2026 12:40||NIFTY27JAN2624500PE,0.14627349237510007
12-01-2026 12:40||NIFTY27JAN2625000PE,0.11898001997338654
12-01-2026 12:45||NIFTY27JAN2625300CE,0.1289115810057465
12-01-2026 12:45||NIFTY27JAN2625700CE,0.11427463593944115
12-01-2026 12:45||NIFTY27JAN2625800CE,0.11203799176127265
12-01-2026 12:45||NIFTY27JAN2626000CE,0.10947435576764243
12-01-2026 12:45||NIFTY27JAN2626200CE,0.10945560114649774
12-01-2026 12:45||NIFTY27JAN2626400CE,0.11159845644765952
12-01-2026 12:45||NIFTY27JAN2624300PE,0.16471188267902537
12-01-2026 12:45||NIFTY27JAN2624500PE,0.15209225506665278
12-01-2026 12:45||NIFTY27JAN2624800PE,0.13508551408719777
12-01-2026 12:45||NIFTY27JAN2625000PE,0.12570063997503983
12-01-2026 12:50||NIFTY27JAN2625300CE,0.13746597823737858
12-01-2026 12:50||NIFTY27JAN2625800CE,0.11904513564673515
12-01-2026 12:50||NIFTY27JAN2624500PE,0.15096223465843295
12-01-2026 12:55||NIFTY27JAN2625400CE,0.13044142713029086
12-01-2026 12:55||NIFTY27JAN2625900CE,0.11314716215511134
12-01-2026 12:55||NIFTY27JAN2626200CE,0.1114350858780711
12-01-2026 12:55||NIFTY27JAN2624500PE,0.15098551589201925
12-01-2026 12:55||NIFTY27JAN2624600PE,0.14533414583630694
12-01-2026 12:55||NIFTY27JAN2624700PE,0.1397057022941389
12-01-2026 12:55||NIFTY27JAN2625000PE,0.12405053997477314
12-01-2026 13:00||NIFTY27JAN2625500CE,0.1278890097885679
12-01-2026 13:00||NIFTY27JAN2626000CE,0.11491615628801198
12-01-2026 13:00||NIFTY27JAN2626100CE,0.11391616611223215
12-01-2026 13:00||NIFTY27JAN2626300CE,0.11345601711271697
12-01-2026 13:00||NIFTY27JAN2626500CE,0.11452196404357108
12-01-2026 13:00||NIFTY27JAN2624200PE,0.1675764049199873
12-01-2026 13:00||NIFTY27JAN2624500PE,0.14961858810214554
12-01-2026 13:00||NIFTY27JAN2624600PE,0.14355198854146844
12-01-2026 13:05||NIFTY27JAN2625300CE,0.1407701383142429
12-01-2026 13:05||NIFTY27JAN2625500CE,0.13084031370066304
12-01-2026 13:05||NIFTY27JAN2626400CE,0.11516278409756683
12-01-2026 13:05||NIFTY27JAN2623900PE,0.1860483681668974
12-01-2026 13:05||NIFTY27JAN2624200PE,0.16824661153214554
12-01-2026 13:05||NIFTY27JAN2624500PE,0.14946172445293468
12-01-2026 13:05||NIFTY27JAN2624900PE,0.12800022085724636
12-01-2026 13:10||NIFTY27JAN2626400CE,0.11307335228074374
12-01-2026 13:10||NIFTY27JAN2624700PE,0.13824920418343725
12-01-2026 13:10||NIFTY27JAN2624800PE,0.13310926012399224
12-01-2026 13:15||NIFTY27JAN2625500CE,0.11679294115837781
12-01-2026 13:15||NIFTY27JAN2625800CE,0.10981656975885296
12-01-2026 13:15||NIFTY27JAN2626100CE,0.10710504789283748
12-01-2026 13:15||NIFTY27JAN2626300CE,0.1084249018640833
12-01-2026 13:15||NIFTY27JAN2626400CE,0.10971488947777445
12-01-2026 13:15||NIFTY27JAN2623800PE,0.1888670231105708
12-01-2026 13:15||NIFTY27JAN2624500PE,0.15137757139406174
12-01-2026 13:15||NIFTY27JAN2624700PE,0.14017601919899
12-01-2026 13:15||NIFTY27JAN2624800PE,0.1350727414071545
12-01-2026 13:15||NIFTY27JAN2625100PE,0.12280437129573218
12-01-2026 13:20||NIFTY27JAN2625200CE,0.14028972282373345
12-01-2026 13:20||NIFTY27JAN2625500CE,0.12634724507816236
12-01-2026 13:20||NIFTY27JAN2626200CE,0.11118965648771557
12-01-2026 13:20||NIFTY27JAN2626500CE,0.11524198485799589
12-01-2026 13:20||NIFTY27JAN2624200PE,0.1671458016292328
12-01-2026 13:20||NIFTY27JAN2624300PE,0.16128586806292805
12-01-2026 13:20||NIFTY27JAN2625000PE,0.12243055997482648
12-01-2026 13:25||NIFTY27JAN2625500CE,0.11656521567401164
12-01-2026 13:25||NIFTY27JAN2625800CE,0.10992163758848014
12-01-2026 13:25||NIFTY27JAN2626000CE,0.10766399038212618
12-01-2026 13:25||NIFTY27JAN2626400CE,0.10898719164409977
12-01-2026 13:25||NIFTY27JAN2626500CE,0.10972159616758086
12-01-2026 13:25||NIFTY27JAN2624300PE,0.16226810696231642
12-01-2026 13:25||NIFTY27JAN2624500PE,0.1507968319373933
12-01-2026 13:25||NIFTY27JAN2624600PE,0.14511689476629802
12-01-2026 13:25||NIFTY27JAN2624800PE,0.13467537295778306
12-01-2026 13:30||NIFTY27JAN2625300CE,0.1524744663627154
12-01-2026 13:30||NIFTY27JAN2625500CE,0.1391932470384707
12-01-2026 13:30||NIFTY27JAN2625600CE,0.13377777300793703
12-01-2026 13:30||NIFTY27JAN2625700CE,0.1283834119901755
12-01-2026 13:30||NIFTY27JAN2623900PE,0.18359905854548092
12-01-2026 13:30||NIFTY27JAN2624400PE,0.154477725375474
12-01-2026 13:30||NIFTY27JAN2624800PE,0.13092634417456983
12-01-2026 13:30||NIFTY27JAN2624900PE,0.1258830652888568
12-01-2026 13:30||NIFTY27JAN2625100PE,0.11585698692135102
12-01-2026 13:35||NIFTY27JAN2625500CE,0.12017366639130704
12-01-2026 13:35||NIFTY27JAN2625600CE,0.11770702491546516
12-01-2026 13:35||NIFTY27JAN2625900CE,0.11079244207858675
12-01-2026 13:35||NIFTY27JAN2624700PE,0.1402835121143657
12-01-2026 13:35||NIFTY27JAN2624900PE,0.12972519073668345
12-01-2026 13:40||NIFTY27JAN2625200CE,0.14303862166710507
12-01-2026 13:40||NIFTY27JAN2625400CE,0.1265938779111069
12-01-2026 13:40||NIFTY27JAN2626100CE,0.10794988513016943
12-01-2026 13:40||NIFTY27JAN2626200CE,0.10791988542264619
12-01-2026 13:40||NIFTY27JAN2623900PE,0.18617760575939565
12-01-2026 13:40||NIFTY27JAN2624000PE,0.18059860362966051
12-01-2026 13:40||NIFTY27JAN2624100PE,0.17504279908096163
12-01-2026 13:40||NIFTY27JAN2624800PE,0.1347378351174799
12-01-2026 13:40||NIFTY27JAN2624900PE,0.13006455223726202
12-01-2026 13:45||NIFTY27JAN2623800PE,0.19274247781331144
12-01-2026 13:45||NIFTY27JAN2623900PE,0.18692409192789394
12-01-2026 13:45||NIFTY27JAN2624600PE,0.14463175809361167
12-01-2026 13:45||NIFTY27JAN2625100PE,0.1199774451562082
12-01-2026 13:50||NIFTY27JAN2625200CE,0.13746290427010305
12-01-2026 13:50||NIFTY27JAN2625300CE,0.13349632989164084
12-01-2026 13:50||NIFTY27JAN2625400CE,0.12954540279004795
12-01-2026 13:50||NIFTY27JAN2626200CE,0.10925478053381828
12-01-2026 13:50||NIFTY27JAN2624200PE,0.16966659087092992
12-01-2026 13:55||NIFTY27JAN2626100CE,0.10785366857911798
12-01-2026 13:55||NIFTY27JAN2626400CE,0.10933308712859452
12-01-2026 13:55||NIFTY27JAN2623800PE,0.19491368986400634
12-01-2026 13:55||NIFTY27JAN2624000PE,0.18281162833023037
12-01-2026 13:55||NIFTY27JAN2624100PE,0.1767983643074702
12-01-2026 13:55||NIFTY27JAN2624700PE,0.14014900806713773
12-01-2026 13:55||NIFTY27JAN2624900PE,0.12989531121893516
12-01-2026 14:00||NIFTY27JAN2625400CE,0.12246081691832747
12-01-2026 14:00||NIFTY27JAN2625600CE,0.11707731287224463
12-01-2026 14:00||NIFTY27JAN2625700CE,0.11382734580456363
12-01-2026 14:00||NIFTY27JAN2626300CE,0.1084077918763755
12-01-2026 14:00||NIFTY27JAN2626400CE,0.10958111394360888
12-01-2026 14:00||NIFTY27JAN2624000PE,0.1820186874672668
12-01-2026 14:00||NIFTY27JAN2624400PE,0.1578824279236048
12-01-2026 14:00||NIFTY27JAN2624500PE,0.15175004026143843
12-01-2026 14:00||NIFTY27JAN2624600PE,0.14564263184430234
12-01-2026 14:00||NIFTY27JAN2625000PE,0.12442983997290646
12-01-2026 14:05||NIFTY27JAN2625800CE,0.11540861432509639
12-01-2026 14:05||NIFTY27JAN2626000CE,0.11084755768628618
12-01-2026 14:05||NIFTY27JAN2626200CE,0.10932952289960496
12-01-2026 14:05||NIFTY27JAN2626400CE,0.1088314240586482
12-01-2026 14:05||NIFTY27JAN2626500CE,0.10858378791515899
12-01-2026 14:05||NIFTY27JAN2624400PE,0.15712774586733452
12-01-2026 14:05||NIFTY27JAN2624600PE,0.14476703248461129
12-01-2026 14:05||NIFTY27JAN2624800PE,0.13311436489053513
12-01-2026 14:10||NIFTY27JAN2625200CE,0.1404894456474672
12-01-2026 14:10||NIFTY27JAN2625500CE,0.11687785292285759
12-01-2026 14:10||NIFTY27JAN2626400CE,0.1077885132659772
12-01-2026 14:10||NIFTY27JAN2624100PE,0.17695692942307387
12-01-2026 14:10||NIFTY27JAN2624600PE,0.1462020629725002
12-01-2026 14:10||NIFTY27JAN2624800PE,0.13473971771407187
12-01-2026 14:15||NIFTY27JAN2625800CE,0.11255975773881202
12-01-2026 14:15||NIFTY27JAN2624100PE,0.1754243743970485
12-01-2026 14:15||NIFTY27JAN2624200PE,0.1692444450399503
12-01-2026 14:15||NIFTY27JAN2624900PE,0.128525150575933
12-01-2026 14:20||NIFTY27JAN2625200CE,0.1504228119407039
12-01-2026 14:20||NIFTY27JAN2625700CE,0.12330107001637661
12-01-2026 14:20||NIFTY27JAN2626200CE,0.11174910305125735
12-01-2026 14:20||NIFTY27JAN2626500CE,0.11235795840722534
12-01-2026 14:20||NIFTY27JAN2624400PE,0.15613389960288648
12-01-2026 14:20||NIFTY27JAN2624500PE,0.14983367289931265
12-01-2026 14:20||NIFTY27JAN2624600PE,0.14355910910474684
12-01-2026 14:20||NIFTY27JAN2625000PE,0.12121943997183979
12-01-2026 14:25||NIFTY27JAN2626300CE,0.10672639734177003
12-01-2026 14:25||NIFTY27JAN2626500CE,0.10819082910658831
12-01-2026 14:25||NIFTY27JAN2623900PE,0.18812321126267398
12-01-2026 14:25||NIFTY27JAN2624200PE,0.17094217971558084
12-01-2026 14:25||NIFTY27JAN2624500PE,0.1526814455656483
12-01-2026 14:25||NIFTY27JAN2624600PE,0.14649818062880443
12-01-2026 14:30||NIFTY27JAN2625200CE,0.12342441587919474
12-01-2026 14:30||NIFTY27JAN2625700CE,0.10904069065060443
12-01-2026 14:30||NIFTY27JAN2626200CE,0.10479108778890069
12-01-2026 14:30||NIFTY27JAN2623900PE,0.18801404808519934
12-01-2026 14:30||NIFTY27JAN2624200PE,0.17099698343403047
12-01-2026 14:35||NIFTY27JAN2625900CE,0.11729334499093833
12-01-2026 14:35||NIFTY27JAN2626000CE,0.11527449984713575
12-01-2026 14:35||NIFTY27JAN2626100CE,0.11326340460779286
12-01-2026 14:35||NIFTY27JAN2626400CE,0.11126
12-01-2026 14:35||NIFTY27JAN2626500CE,0.11126
12-01-2026 14:35||NIFTY27JAN2624500PE,0.14894702037212348
12-01-2026 14:35||NIFTY27JAN2625100PE,0.11634880244524945
12-01-2026 14:40||NIFTY27JAN2625300CE,0.13429085964697565
12-01-2026 14:40||NIFTY27JAN2625600CE,0.11933752927787589
12-01-2026 14:40||NIFTY27JAN2626400CE,0.10932210227775455
12-01-2026 14:40||NIFTY27JAN2624100PE,0.17633225100076025
12-01-2026 14:40||NIFTY27JAN2624300PE,0.16401229420282065
12-01-2026 14:40||NIFTY27JAN2624500PE,0.1516774285365222
12-01-2026 14:40||NIFTY27JAN2625100PE,0.11968812380072891
12-01-2026 14:45||NIFTY27JAN2625300CE,0.12695037546901067
12-01-2026 14:45||NIFTY27JAN2625500CE,0.11856810782547178
12-01-2026 14:45||NIFTY27JAN2626000CE,0.10742460464274389
12-01-2026 14:45||NIFTY27JAN2626100CE,0.10692114938760267
12-01-2026 14:45||NIFTY27JAN2626200CE,0.1064196193962647
12-01-2026 14:45||NIFTY27JAN2626500CE,0.10843523628352586
12-01-2026 14:45||NIFTY27JAN2624000PE,0.18252480205382524
12-01-2026 14:45||NIFTY27JAN2624600PE,0.1466774389897958
12-01-2026 14:45||NIFTY27JAN2625000PE,0.1247897599726932
12-01-2026 14:50||NIFTY27JAN2625600CE,0.12217220701143132
12-01-2026 14:50||NIFTY27JAN2626000CE,0.10964671153035384
12-01-2026 14:50||NIFTY27JAN2626300CE,0.10764954192027629
12-01-2026 14:50||NIFTY27JAN2626400CE,0.10840620132158867
12-01-2026 14:50||NIFTY27JAN2624000PE,0.18292808329885188
12-01-2026 14:50||NIFTY27JAN2624400PE,0.1581328380807076
12-01-2026 14:50||NIFTY27JAN2624800PE,0.13399903222834342
12-01-2026 14:50||NIFTY27JAN2625100PE,0.1183504391761523
12-01-2026 14:55||NIFTY27JAN2626200CE,0.10737916030330474
12-01-2026 14:55||NIFTY27JAN2624300PE,0.16449239708376948
12-01-2026 14:55||NIFTY27JAN2624500PE,0.15198196935157374
12-01-2026 14:55||NIFTY27JAN2624700PE,0.13988343114248475
12-01-2026 14:55||NIFTY27JAN2624900PE,0.12915993973199272
12-01-2026 14:55||NIFTY27JAN2625100PE,0.11918002016037715
12-01-2026 15:00||NIFTY27JAN2626000CE,0.10848146484310955
12-01-2026 15:00||NIFTY27JAN2626100CE,0.10712814480522084
12-01-2026 15:00||NIFTY27JAN2623800PE,0.19503511565400383
12-01-2026 15:00||NIFTY27JAN2623900PE,0.18900496875715866
12-01-2026 15:00||NIFTY27JAN2624300PE,0.16441718103377695
12-01-2026 15:00||NIFTY27JAN2624700PE,0.13979807133739894
12-01-2026 15:00||NIFTY27JAN2624800PE,0.1343781303252993
12-01-2026 15:05||NIFTY27JAN2625900CE,0.10757745173112038
12-01-2026 15:05||NIFTY27JAN2626200CE,0.10481481870184989
12-01-2026 15:05||NIFTY27JAN2623800PE,0.19334004198732224
12-01-2026 15:05||NIFTY27JAN2624200PE,0.17179683625499034
12-01-2026 15:05||NIFTY27JAN2624300PE,0.1653802423328422
12-01-2026 15:05||NIFTY27JAN2624900PE,0.1300248694506793
12-01-2026 15:10||NIFTY27JAN2625200CE,0.13721473276388402
12-01-2026 15:10||NIFTY27JAN2625600CE,0.11356889646885285
12-01-2026 15:10||NIFTY27JAN2625900CE,0.10649205597724136
12-01-2026 15:10||NIFTY27JAN2626200CE,0.10395143110846353
12-01-2026 15:10||NIFTY27JAN2626300CE,0.10464022818727346
12-01-2026 15:10||NIFTY27JAN2626400CE,0.10532641122913705
12-01-2026 15:10||NIFTY27JAN2624000PE,0.18326476038703798
12-01-2026 15:10||NIFTY27JAN2624500PE,0.1526739359295674
12-01-2026 15:10||NIFTY27JAN2624600PE,0.14628400661208515
12-01-2026 15:15||NIFTY27JAN2625200CE,0.14075267904924227
12-01-2026 15:15||NIFTY27JAN2625400CE,0.1290504479499078
12-01-2026 15:15||NIFTY27JAN2625500CE,0.12323384115367042
12-01-2026 15:15||NIFTY27JAN2623900PE,0.19083922167145592
12-01-2026 15:15||NIFTY27JAN2624000PE,0.18507262202846342
12-01-2026 15:15||NIFTY27JAN2624500PE,0.1535413571049757
12-01-2026 15:15||NIFTY27JAN2624900PE,0.12981933732073472
12-01-2026 15:20||NIFTY27JAN2625200CE,0.1397568033059882
12-01-2026 15:20||NIFTY27JAN2625300CE,0.13408220913046556
12-01-2026 15:20||NIFTY27JAN2626200CE,0.1052267302398166
12-01-2026 15:20||NIFTY27JAN2626300CE,0.10524339674523182
12-01-2026 15:20||NIFTY27JAN2624100PE,0.18116899543845238
12-01-2026 15:20||NIFTY27JAN2624200PE,0.17449573838726024
12-01-2026 15:20||NIFTY27JAN2624400PE,0.16138027741634578
12-01-2026 15:20||NIFTY27JAN2624500PE,0.15493701593967818
12-01-2026 15:20||NIFTY27JAN2625000PE,0.12434871996991986
12-01-2026 15:25||NIFTY27JAN2625400CE,0.11822961521811082
12-01-2026 15:25||NIFTY27JAN2625500CE,0.11474298443939213
12-01-2026 15:25||NIFTY27JAN2625700CE,0.108654922166175
12-01-2026 15:25||NIFTY27JAN2624200PE,0.173960733430473
12-01-2026 15:25||NIFTY27JAN2624600PE,0.14863192069568543
13-01-2026 09:15||NIFTY27JAN2625500CE,0.10068324404665192
13-01-2026 09:15||NIFTY27JAN2625600CE,0.09980991963223224
13-01-2026 09:15||NIFTY27JAN2625800CE,0.09841798578555651
13-01-2026 09:15||NIFTY27JAN2625900CE,0.09789799097350749
13-01-2026 09:15||NIFTY27JAN2626100CE,0.09731988505719004
13-01-2026 09:15||NIFTY27JAN2624000PE,0.19011389578673527
13-01-2026 09:15||NIFTY27JAN2624700PE,0.1449638360018903
13-01-2026 09:20||NIFTY27JAN2623800PE,0.20107708603307567
13-01-2026 09:20||NIFTY27JAN2624500PE,0.15590952849004536
13-01-2026 09:20||NIFTY27JAN2624600PE,0.14925626875207218
13-01-2026 09:20||NIFTY27JAN2624800PE,0.13701870964682403
13-01-2026 09:25||NIFTY27JAN2625300CE,0.07668844862558034
13-01-2026 09:25||NIFTY27JAN2625500CE,0.08288371570861398
13-01-2026 09:25||NIFTY27JAN2623800PE,0.19878614260485153
13-01-2026 09:25||NIFTY27JAN2624200PE,0.176037871866311
13-01-2026 09:25||NIFTY27JAN2624400PE,0.1651497130859565
13-01-2026 09:25||NIFTY27JAN2624600PE,0.15403261175449942
13-01-2026 09:25||NIFTY27JAN2624800PE,0.1430000402955912
13-01-2026 09:30||NIFTY27JAN2625300CE,0.09559842886268304
13-01-2026 09:30||NIFTY27JAN2625500CE,0.0979161470617636
13-01-2026 09:30||NIFTY27JAN2625700CE,0.0989308365779865
13-01-2026 09:30||NIFTY27JAN2626000CE,0.09985053846286604
13-01-2026 09:30||NIFTY27JAN2626200CE,0.10116697519563543
13-01-2026 09:30||NIFTY27JAN2624500PE,0.15514205098445358
13-01-2026 09:35||NIFTY27JAN2625300CE,0.11417193673789812
13-01-2026 09:35||NIFTY27JAN2625700CE,0.10801284292419544
13-01-2026 09:35||NIFTY27JAN2625800CE,0.10702951947775771
13-01-2026 09:35||NIFTY27JAN2624000PE,0.1861636666194056
13-01-2026 09:35||NIFTY27JAN2625000PE,0.12568536997431973
13-01-2026 09:40||NIFTY27JAN2625200CE,0.11840714057499742
13-01-2026 09:40||NIFTY27JAN2625400CE,0.11430097439904928
13-01-2026 09:40||NIFTY27JAN2625600CE,0.11082720702414708
13-01-2026 09:45||NIFTY27JAN2625400CE,0.09987561022488015
13-01-2026 09:45||NIFTY27JAN2625800CE,0.09925415967772042
13-01-2026 09:45||NIFTY27JAN2625900CE,0.0994674908826636
13-01-2026 09:45||NIFTY27JAN2623800PE,0.19258270443966238
13-01-2026 09:45||NIFTY27JAN2624500PE,0.15340233669953252
13-01-2026 09:50||NIFTY27JAN2626300CE,0.10560755704038194
13-01-2026 09:50||NIFTY27JAN2623900PE,0.19131344138886844
13-01-2026 09:50||NIFTY27JAN2624500PE,0.15321773153645052
13-01-2026 09:50||NIFTY27JAN2624600PE,0.1469411342986732
13-01-2026 09:50||NIFTY27JAN2625000PE,0.12472196398677966
13-01-2026 09:50||NIFTY27JAN2625100PE,0.1192857165984657
13-01-2026 09:55||NIFTY27JAN2625600CE,0.10444477539005378
13-01-2026 09:55||NIFTY27JAN2624100PE,0.17825149293254341
13-01-2026 09:55||NIFTY27JAN2624200PE,0.17164047458590564
13-01-2026 09:55||NIFTY27JAN2624300PE,0.16505671824801932
13-01-2026 09:55||NIFTY27JAN2624700PE,0.1412943420761473
13-01-2026 10:00||NIFTY27JAN2626300CE,0.1120313878360437
13-01-2026 10:00||NIFTY27JAN2626500CE,0.11348585748001284
13-01-2026 10:00||NIFTY27JAN2624200PE,0.1694144007820525
13-01-2026 10:05||NIFTY27JAN2626400CE,0.10989826705326726
13-01-2026 10:05||NIFTY27JAN2624000PE,0.18159290621500623
13-01-2026 10:05||NIFTY27JAN2624800PE,0.13415915319641308
13-01-2026 10:10||NIFTY27JAN2625800CE,0.10147376937676367
13-01-2026 10:10||NIFTY27JAN2624100PE,0.17940911983458327
13-01-2026 10:10||NIFTY27JAN2624200PE,0.17276586244046427
13-01-2026 10:10||NIFTY27JAN2624500PE,0.15381708159678337
13-01-2026 10:10||NIFTY27JAN2624700PE,0.14221432183317692
13-01-2026 10:10||NIFTY27JAN2625100PE,0.12409421161466848
13-01-2026 10:15||NIFTY27JAN2625800CE,0.10229895348575176
13-01-2026 10:15||NIFTY27JAN2624500PE,0.15285681628992429
13-01-2026 10:15||NIFTY27JAN2624800PE,0.13626041626339924
13-01-2026 10:15||NIFTY27JAN2624900PE,0.1314004687317603
13-01-2026 10:15||NIFTY27JAN2625100PE,0.12173885454813595
13-01-2026 10:20||NIFTY27JAN2625300CE,0.11807734187729288
13-01-2026 10:20||NIFTY27JAN2625700CE,0.10632758754255056
13-01-2026 10:20||NIFTY27JAN2626500CE,0.10786413987259141
13-01-2026 10:20||NIFTY27JAN2623900PE,0.1908829183747901
13-01-2026 10:20||NIFTY27JAN2624100PE,0.17839106842475266
13-01-2026 10:25||NIFTY27JAN2625700CE,0.11523890076281941
13-01-2026 10:25||NIFTY27JAN2623900PE,0.19130778239112967
13-01-2026 10:25||NIFTY27JAN2624200PE,0.1724896590472503
13-01-2026 10:25||NIFTY27JAN2624500PE,0.1518461224104466
13-01-2026 10:25||NIFTY27JAN2624700PE,0.13925827932020748
13-01-2026 10:25||NIFTY27JAN2625100PE,0.11793924156817474
13-01-2026 10:30||NIFTY27JAN2625300CE,0.11905284577909807
13-01-2026 10:30||NIFTY27JAN2625900CE,0.10254956455727106
13-01-2026 10:30||NIFTY27JAN2626000CE,0.1020410961153456
13-01-2026 10:30||NIFTY27JAN2626100CE,0.10153457957243417
13-01-2026 10:30||NIFTY27JAN2626400CE,0.1036286647814911
13-01-2026 10:30||NIFTY27JAN2623800PE,0.1990917191410732
13-01-2026 10:30||NIFTY27JAN2624400PE,0.16184226430860957
13-01-2026 10:30||NIFTY27JAN2624600PE,0.14944828239425653
13-01-2026 10:30||NIFTY27JAN2624700PE,0.1432816833873928
13-01-2026 10:30||NIFTY27JAN2624900PE,0.13187945780298638
13-01-2026 10:35||NIFTY27JAN2626000CE,0.10218657698005361
13-01-2026 10:35||NIFTY27JAN2626100CE,0.10216324387595208
13-01-2026 10:35||NIFTY27JAN2623800PE,0.2024224500356971
13-01-2026 10:35||NIFTY27JAN2623900PE,0.19500073077804148
13-01-2026 10:35||NIFTY27JAN2624300PE,0.16764730449091553
13-01-2026 10:35||NIFTY27JAN2624600PE,0.14879200199672246
13-01-2026 10:35||NIFTY27JAN2625000PE,0.12653520997389314
13-01-2026 10:40||NIFTY27JAN2626300CE,0.10366742396021332
13-01-2026 10:40||NIFTY27JAN2623900PE,0.19206913804719505
13-01-2026 10:40||NIFTY27JAN2624000PE,0.1862825386366547
13-01-2026 10:40||NIFTY27JAN2624400PE,0.16045477116679094
13-01-2026 10:40||NIFTY27JAN2624500PE,0.15429483986369652
13-01-2026 10:40||NIFTY27JAN2624800PE,0.13633925400313787
13-01-2026 10:45||NIFTY27JAN2625200CE,0.1323041783591714
13-01-2026 10:45||NIFTY27JAN2625600CE,0.11022525389417998
13-01-2026 10:45||NIFTY27JAN2623900PE,0.19030809619957673
13-01-2026 10:45||NIFTY27JAN2624900PE,0.128654086316044
13-01-2026 10:50||NIFTY27JAN2625500CE,0.10798540774714148
13-01-2026 10:50||NIFTY27JAN2625600CE,0.1046439450474505
13-01-2026 10:50||NIFTY27JAN2625700CE,0.10131550952585297
13-01-2026 10:50||NIFTY27JAN2625900CE,0.09816030888107631
13-01-2026 10:50||NIFTY27JAN2624900PE,0.13129009352101725
13-01-2026 10:50||NIFTY27JAN2625000PE,0.12633014664058717
13-01-2026 10:55||NIFTY27JAN2625200CE,0.13704687138332503
13-01-2026 10:55||NIFTY27JAN2625700CE,0.11024141049677888
13-01-2026 10:55||NIFTY27JAN2626400CE,0.10671331440186523
13-01-2026 10:55||NIFTY27JAN2624300PE,0.1634709913781711
13-01-2026 10:55||NIFTY27JAN2624400PE,0.15722772824414488
13-01-2026 11:00||NIFTY27JAN2625700CE,0.1031794966290232
13-01-2026 11:00||NIFTY27JAN2625800CE,0.10219283988276702
13-01-2026 11:00||NIFTY27JAN2626400CE,0.10371813447719255
13-01-2026 11:00||NIFTY27JAN2623900PE,0.1900229183747901
13-01-2026 11:00||NIFTY27JAN2624200PE,0.1711275826092894
13-01-2026 11:00||NIFTY27JAN2625000PE,0.12439015997375988
13-01-2026 11:05||NIFTY27JAN2625800CE,0.10949562014407212
13-01-2026 11:05||NIFTY27JAN2624100PE,0.17637127589422766
13-01-2026 11:05||NIFTY27JAN2624800PE,0.13273420359977547
13-01-2026 11:05||NIFTY27JAN2625100PE,0.1178890020465792
13-01-2026 11:10||NIFTY27JAN2625900CE,0.10330348455221934
13-01-2026 11:10||NIFTY27JAN2626400CE,0.10382800190111799
13-01-2026 11:10||NIFTY27JAN2623900PE,0.18937811712013988
13-01-2026 11:10||NIFTY27JAN2624800PE,0.13397222228280736
13-01-2026 11:10||NIFTY27JAN2624900PE,0.12851648799632476
13-01-2026 11:10||NIFTY27JAN2625000PE,0.12308262043899211
13-01-2026 11:10||NIFTY27JAN2625100PE,0.11767044502544707
13-01-2026 11:15||NIFTY27JAN2625200CE,0.11479052748123604
13-01-2026 11:15||NIFTY27JAN2625300CE,0.11304682447525843
13-01-2026 11:15||NIFTY27JAN2624500PE,0.15091162241183492
13-01-2026 11:15||NIFTY27JAN2625100PE,0.11958712579408085
13-01-2026 11:20||NIFTY27JAN2626100CE,0.10126405172181784
13-01-2026 11:20||NIFTY27JAN2624900PE,0.12846975900861535
13-01-2026 11:25||NIFTY27JAN2625600CE,0.1120437890467047
13-01-2026 11:25||NIFTY27JAN2626000CE,0.10301327884191035
13-01-2026 11:25||NIFTY27JAN2626200CE,0.1021049713739763
13-01-2026 11:25||NIFTY27JAN2626400CE,0.10374813447719254
13-01-2026 11:25||NIFTY27JAN2624000PE,0.18251184371193174
13-01-2026 11:25||NIFTY27JAN2624500PE,0.14986170404471455
13-01-2026 11:25||NIFTY27JAN2624800PE,0.13239967739138203
13-01-2026 11:30||NIFTY27JAN2625500CE,0.11520828429651232
13-01-2026 11:30||NIFTY27JAN2625800CE,0.10827855816236849
13-01-2026 11:30||NIFTY27JAN2625900CE,0.10618524571386354
13-01-2026 11:30||NIFTY27JAN2625100PE,0.11730932140870659
13-01-2026 11:35||NIFTY27JAN2625300CE,0.11014182805498196
13-01-2026 11:35||NIFTY27JAN2626000CE,0.09947416345947598
13-01-2026 11:35||NIFTY27JAN2626300CE,0.10020653042193861
13-01-2026 11:35||NIFTY27JAN2626500CE,0.10181043187864434
13-01-2026 11:35||NIFTY27JAN2623800PE,0.19762096363279785
13-01-2026 11:35||NIFTY27JAN2623900PE,0.1909214954119567
13-01-2026 11:35||NIFTY27JAN2624100PE,0.1776062447738064
13-01-2026 11:35||NIFTY27JAN2624900PE,0.12942991965161738
13-01-2026 11:40||NIFTY27JAN2625300CE,0.09807905200215812
13-01-2026 11:40||NIFTY27JAN2625400CE,0.09783905449198485
13-01-2026 11:40||NIFTY27JAN2623800PE,0.1924476101143837
13-01-2026 11:40||NIFTY27JAN2624500PE,0.15151640812552572
13-01-2026 11:40||NIFTY27JAN2624900PE,0.13016012045537
13-01-2026 11:45||NIFTY27JAN2625400CE,0.11259320864387287
13-01-2026 11:45||NIFTY27JAN2625800CE,0.10460620154087676
13-01-2026 11:45||NIFTY27JAN2626200CE,0.10209137554318082
13-01-2026 11:45||NIFTY27JAN2626300CE,0.1032084791691781
13-01-2026 11:45||NIFTY27JAN2626400CE,0.10432134330252774
13-01-2026 11:45||NIFTY27JAN2623800PE,0.19164171914107303
13-01-2026 11:45||NIFTY27JAN2625000PE,0.12215516997378653
13-01-2026 11:50||NIFTY27JAN2626200CE,0.09848389067677582
13-01-2026 11:50||NIFTY27JAN2626300CE,0.0995038808081877
13-01-2026 11:50||NIFTY27JAN2624000PE,0.18074764579758604
13-01-2026 11:50||NIFTY27JAN2624300PE,0.16254757198138245
13-01-2026 11:50||NIFTY27JAN2625100PE,0.1198765269900921
13-01-2026 11:55||NIFTY27JAN2625400CE,0.11083504692470965
13-01-2026 11:55||NIFTY27JAN2625500CE,0.10788174398977197
13-01-2026 11:55||NIFTY27JAN2624300PE,0.160703302436119
13-01-2026 11:55||NIFTY27JAN2624800PE,0.13159991932752138
13-01-2026 11:55||NIFTY27JAN2625000PE,0.12202584997559981
13-01-2026 12:00||NIFTY27JAN2625900CE,0.10237913127197285
13-01-2026 12:00||NIFTY27JAN2624500PE,0.14761691833102392
13-01-2026 12:00||NIFTY27JAN2625000PE,0.12112576997538647
13-01-2026 12:05||NIFTY27JAN2625300CE,0.11251357705837468
13-01-2026 12:05||NIFTY27JAN2625800CE,0.1050020251863499
13-01-2026 12:05||NIFTY27JAN2623800PE,0.1915374214638258
13-01-2026 12:05||NIFTY27JAN2624500PE,0.14656196935157376
13-01-2026 12:05||NIFTY27JAN2624700PE,0.13478908903901873
13-01-2026 12:05||NIFTY27JAN2625000PE,0.11974043997450648
13-01-2026 12:10||NIFTY27JAN2625200CE,0.1146785545299432
13-01-2026 12:10||NIFTY27JAN2625500CE,0.10007606574864882
13-01-2026 12:10||NIFTY27JAN2625600CE,0.09992273398123161
13-01-2026 12:10||NIFTY27JAN2624500PE,0.14806280608859101
13-01-2026 12:10||NIFTY27JAN2625000PE,0.12263644997719983
13-01-2026 12:15||NIFTY27JAN2625300CE,0.11557354742704781
13-01-2026 12:15||NIFTY27JAN2625800CE,0.10648163758848017
13-01-2026 12:15||NIFTY27JAN2626500CE,0.10731531189807306
13-01-2026 12:15||NIFTY27JAN2624200PE,0.16536712531402686
13-01-2026 12:15||NIFTY27JAN2624300PE,0.15902053059830207
13-01-2026 12:20||NIFTY27JAN2625700CE,0.10193434824738261
13-01-2026 12:20||NIFTY27JAN2624100PE,0.17148597506348878
13-01-2026 12:20||NIFTY27JAN2624700PE,0.13630967608515693
13-01-2026 12:20||NIFTY27JAN2625100PE,0.11824528946184851
13-01-2026 12:25||NIFTY27JAN2625700CE,0.1107059727524836
13-01-2026 12:25||NIFTY27JAN2623800PE,0.186812306144886
13-01-2026 12:25||NIFTY27JAN2624200PE,0.16424348915694104
13-01-2026 12:25||NIFTY27JAN2624300PE,0.15782356193924885
13-01-2026 12:25||NIFTY27JAN2624500PE,0.1449518060858144
13-01-2026 12:30||NIFTY27JAN2626000CE,0.10054527884684135
13-01-2026 12:30||NIFTY27JAN2626400CE,0.10495494319363916
13-01-2026 12:30||NIFTY27JAN2623900PE,0.1831113295977496
13-01-2026 12:30||NIFTY27JAN2624000PE,0.17692858273821374
13-01-2026 12:30||NIFTY27JAN2624100PE,0.1707715438400599
13-01-2026 12:30||NIFTY27JAN2624400PE,0.15328380119815782
13-01-2026 12:30||NIFTY27JAN2624700PE,0.13573442304802844
13-01-2026 12:30||NIFTY27JAN2624900PE,0.12597088350963012
13-01-2026 12:35||NIFTY27JAN2625900CE,0.10303495173733182
13-01-2026 12:35||NIFTY27JAN2626100CE,0.10291481800721757
13-01-2026 12:35||NIFTY27JAN2626400CE,0.1061792708435464
13-01-2026 12:35||NIFTY27JAN2624200PE,0.1633765449238979
13-01-2026 12:35||NIFTY27JAN2624300PE,0.15769660931696777
13-01-2026 12:35||NIFTY27JAN2624600PE,0.14058226622509243
13-01-2026 12:35||NIFTY27JAN2624800PE,0.12932993948886648
13-01-2026 12:35||NIFTY27JAN2625100PE,0.11582704595354901
13-01-2026 12:40||NIFTY27JAN2626500CE,0.10666379960712899
13-01-2026 12:40||NIFTY27JAN2624100PE,0.1696716493392826
13-01-2026 12:40||NIFTY27JAN2624300PE,0.1574631172504112
13-01-2026 12:40||NIFTY27JAN2624600PE,0.14073063853663456
13-01-2026 12:40||NIFTY27JAN2624700PE,0.13514403316609205
13-01-2026 12:40||NIFTY27JAN2625100PE,0.11683556890370984
13-01-2026 12:45||NIFTY27JAN2625300CE,0.09921861659718839
13-01-2026 12:45||NIFTY27JAN2626200CE,0.10157773855626753
13-01-2026 12:50||NIFTY27JAN2625400CE,0.10678181417849045
13-01-2026 12:50||NIFTY27JAN2625500CE,0.10554849353974673
13-01-2026 12:50||NIFTY27JAN2623900PE,0.18117884933984962
13-01-2026 12:50||NIFTY27JAN2624100PE,0.16930643149633384
13-01-2026 12:50||NIFTY27JAN2624600PE,0.14030839427697978
13-01-2026 12:55||NIFTY27JAN2625300CE,0.1127548319893346
13-01-2026 12:55||NIFTY27JAN2625500CE,0.10636754901332565
13-01-2026 12:55||NIFTY27JAN2626200CE,0.1046478339763465
13-01-2026 12:55||NIFTY27JAN2626400CE,0.10760654109162965
13-01-2026 12:55||NIFTY27JAN2626500CE,0.10907749978395546
13-01-2026 12:55||NIFTY27JAN2624000PE,0.17407992703971922
13-01-2026 12:55||NIFTY27JAN2624300PE,0.15721790120041862
13-01-2026 12:55||NIFTY27JAN2624500PE,0.14549307139545006
13-01-2026 12:55||NIFTY27JAN2624700PE,0.13479517203792882
13-01-2026 12:55||NIFTY27JAN2625000PE,0.12050895796669123
13-01-2026 12:55||NIFTY27JAN2625100PE,0.11581672253845672
13-01-2026 13:00||NIFTY27JAN2626400CE,0.10946182766784238
13-01-2026 13:00||NIFTY27JAN2624000PE,0.17446818746582002
13-01-2026 13:00||NIFTY27JAN2624600PE,0.1397204760440567
13-01-2026 13:00||NIFTY27JAN2624700PE,0.13409387111238855
13-01-2026 13:05||NIFTY27JAN2625200CE,0.12176976242779719
13-01-2026 13:05||NIFTY27JAN2625700CE,0.10814213034295332
13-01-2026 13:05||NIFTY27JAN2626500CE,0.11385982984340029
13-01-2026 13:05||NIFTY27JAN2624000PE,0.17482142704405954
13-01-2026 13:05||NIFTY27JAN2624600PE,0.13878253045346242
13-01-2026 13:10||NIFTY27JAN2625600CE,0.10430249022799229
13-01-2026 13:10||NIFTY27JAN2626000CE,0.10200568269399088
13-01-2026 13:10||NIFTY27JAN2626400CE,0.10735404173140094
13-01-2026 13:10||NIFTY27JAN2626500CE,0.10891217024743512
13-01-2026 13:10||NIFTY27JAN2623900PE,0.18336838908746067
13-01-2026 13:10||NIFTY27JAN2624400PE,0.15225534454936387
13-01-2026 13:10||NIFTY27JAN2624500PE,0.14623541168497614
13-01-2026 13:10||NIFTY27JAN2624700PE,0.13518478742149348
13-01-2026 13:10||NIFTY27JAN2625000PE,0.12112720997922652
13-01-2026 13:15||NIFTY27JAN2625800CE,0.10680295542123723
13-01-2026 13:15||NIFTY27JAN2626100CE,0.10671049275005998
13-01-2026 13:15||NIFTY27JAN2626200CE,0.10810562987423088
13-01-2026 13:15||NIFTY27JAN2626300CE,0.10949545217742991
13-01-2026 13:15||NIFTY27JAN2623800PE,0.18822377360546555
13-01-2026 13:15||NIFTY27JAN2624000PE,0.17610158669219864
13-01-2026 13:15||NIFTY27JAN2624100PE,0.17007832278469975
13-01-2026 13:15||NIFTY27JAN2624700PE,0.13440971657109743
13-01-2026 13:15||NIFTY27JAN2625000PE,0.12015676997805316
13-01-2026 13:20||NIFTY27JAN2625300CE,0.11744129902739621
13-01-2026 13:20||NIFTY27JAN2625400CE,0.11439466396769657
13-01-2026 13:20||NIFTY27JAN2625900CE,0.10510893822130014
13-01-2026 13:20||NIFTY27JAN2626500CE,0.11245058598887238
13-01-2026 13:20||NIFTY27JAN2624300PE,0.15772957718012295
13-01-2026 13:20||NIFTY27JAN2624400PE,0.15195297546561826
13-01-2026 13:20||NIFTY27JAN2624800PE,0.12878503021491872
13-01-2026 13:20||NIFTY27JAN2625000PE,0.11965662997767984
13-01-2026 13:25||NIFTY27JAN2625600CE,0.10461227538369593
13-01-2026 13:25||NIFTY27JAN2626400CE,0.10924670456148759
13-01-2026 13:25||NIFTY27JAN2624000PE,0.17719791663170312
13-01-2026 13:25||NIFTY27JAN2624200PE,0.16479948135252268
13-01-2026 13:25||NIFTY27JAN2624300PE,0.15821622265317584
13-01-2026 13:25||NIFTY27JAN2624600PE,0.14026275403131386
13-01-2026 13:30||NIFTY27JAN2625500CE,0.10981353921194209
13-01-2026 13:30||NIFTY27JAN2623800PE,0.18914006580368295
13-01-2026 13:30||NIFTY27JAN2624000PE,0.17630678214840956
13-01-2026 13:30||NIFTY27JAN2624100PE,0.1699301889801499
13-01-2026 13:35||NIFTY27JAN2625700CE,0.10216283073382569
13-01-2026 13:35||NIFTY27JAN2624300PE,0.15883775716709034
13-01-2026 13:35||NIFTY27JAN2624800PE,0.12988993948886635
13-01-2026 13:40||NIFTY27JAN2625500CE,0.11184558822398617
13-01-2026 13:40||NIFTY27JAN2625700CE,0.10775141049677889
13-01-2026 13:40||NIFTY27JAN2625900CE,0.10514853281488752
13-01-2026 13:40||NIFTY27JAN2626100CE,0.10478575670683221
13-01-2026 13:40||NIFTY27JAN2623800PE,0.1903906499847961
13-01-2026 13:40||NIFTY27JAN2624400PE,0.14973183374047225
13-01-2026 13:40||NIFTY27JAN2624500PE,0.14366856802600864
13-01-2026 13:45||NIFTY27JAN2625300CE,0.11108562250522702
13-01-2026 13:45||NIFTY27JAN2625800CE,0.10175361433761576
13-01-2026 13:45||NIFTY27JAN2626000CE,0.10116524038520806
13-01-2026 13:45||NIFTY27JAN2624000PE,0.17645729797492657
13-01-2026 13:45||NIFTY27JAN2624100PE,0.16940404593936065
13-01-2026 13:45||NIFTY27JAN2625100PE,0.11665417169440268
13-01-2026 13:50||NIFTY27JAN2626000CE,0.10211550961664108
13-01-2026 13:50||NIFTY27JAN2624200PE,0.1623674173195628
13-01-2026 13:50||NIFTY27JAN2624400PE,0.15009807719619211
13-01-2026 13:50||NIFTY27JAN2624500PE,0.14393147930077838
13-01-2026 13:55||NIFTY27JAN2625500CE,0.10897741175807191
13-01-2026 13:55||NIFTY27JAN2626000CE,0.10328531730847464
13-01-2026 13:55||NIFTY27JAN2624200PE,0.16209344786279306
13-01-2026 13:55||NIFTY27JAN2624300PE,0.1556635207584688
13-01-2026 13:55||NIFTY27JAN2625000PE,0.11887147997727988
13-01-2026 14:00||NIFTY27JAN2625300CE,0.10409632410110056
13-01-2026 14:00||NIFTY27JAN2625700CE,0.10178366731181222
13-01-2026 14:00||NIFTY27JAN2623900PE,0.18065076552381076
13-01-2026 14:00||NIFTY27JAN2624000PE,0.1743778327295329
13-01-2026 14:00||NIFTY27JAN2624100PE,0.1681309828912115
13-01-2026 14:00||NIFTY27JAN2624600PE,0.1390285365537943
13-01-2026 14:05||NIFTY27JAN2625700CE,0.10454776264026863
13-01-2026 14:05||NIFTY27JAN2626300CE,0.10668420153103636
13-01-2026 14:05||NIFTY27JAN2626500CE,0.11108745894634045
13-01-2026 14:05||NIFTY27JAN2623900PE,0.18015325310380026
13-01-2026 14:05||NIFTY27JAN2624200PE,0.1613325722786815
13-01-2026 14:05||NIFTY27JAN2624500PE,0.14332319384476966
13-01-2026 14:10||NIFTY27JAN2625200CE,0.10278893139193176
13-01-2026 14:10||NIFTY27JAN2625400CE,0.10315035433162403
13-01-2026 14:10||NIFTY27JAN2626100CE,0.10141195402776927
13-01-2026 14:10||NIFTY27JAN2624300PE,0.15470311725041128
13-01-2026 14:10||NIFTY27JAN2624700PE,0.13223501009416663
13-01-2026 14:15||NIFTY27JAN2626200CE,0.10408838741280478
13-01-2026 14:15||NIFTY27JAN2623800PE,0.18297239000257337
13-01-2026 14:15||NIFTY27JAN2624800PE,0.12523551408719769
13-01-2026 14:20||NIFTY27JAN2625200CE,0.11066790103680225
13-01-2026 14:20||NIFTY27JAN2625800CE,0.09940941860319542
13-01-2026 14:20||NIFTY27JAN2624000PE,0.1716081041322456
13-01-2026 14:20||NIFTY27JAN2624400PE,0.1479345184132803
13-01-2026 14:20||NIFTY27JAN2624800PE,0.1268727937129042
13-01-2026 14:20||NIFTY27JAN2624900PE,0.12260283981164945
13-01-2026 14:25||NIFTY27JAN2625600CE,0.10338233397759491
13-01-2026 14:25||NIFTY27JAN2626000CE,0.10169597115624054
13-01-2026 14:25||NIFTY27JAN2626200CE,0.10416875000910507
13-01-2026 14:25||NIFTY27JAN2624000PE,0.1710735067957429
13-01-2026 14:25||NIFTY27JAN2624100PE,0.16481315293184637
13-01-2026 14:25||NIFTY27JAN2624200PE,0.15857872193251
13-01-2026 14:25||NIFTY27JAN2624500PE,0.14142675035970811
13-01-2026 14:25||NIFTY27JAN2624600PE,0.13572681340984127
13-01-2026 14:30||NIFTY27JAN2625600CE,0.11148985350253672
13-01-2026 14:30||NIFTY27JAN2624500PE,0.1398563424712819
13-01-2026 14:30||NIFTY27JAN2624600PE,0.13405640662755786
13-01-2026 14:30||NIFTY27JAN2624900PE,0.11923104415263223
13-01-2026 14:30||NIFTY27JAN2625100PE,0.11034672453398843
13-01-2026 14:35||NIFTY27JAN2625400CE,0.1169978641547939
13-01-2026 14:35||NIFTY27JAN2626300CE,0.10785404943941519
13-01-2026 14:35||NIFTY27JAN2626500CE,0.11209791292113348
13-01-2026 14:35||NIFTY27JAN2623800PE,0.18191289314869846
13-01-2026 14:35||NIFTY27JAN2624200PE,0.1583663222751242
13-01-2026 14:35||NIFTY27JAN2625100PE,0.11121441121599798
13-01-2026 14:40||NIFTY27JAN2625300CE,0.12184796439553902
13-01-2026 14:40||NIFTY27JAN2625600CE,0.11153913084444894
13-01-2026 14:40||NIFTY27JAN2625800CE,0.10681666665832042
13-01-2026 14:40||NIFTY27JAN2624500PE,0.14166568984980002
13-01-2026 14:40||NIFTY27JAN2624600PE,0.13570575577590427
13-01-2026 14:40||NIFTY27JAN2624800PE,0.12450440521322498
13-01-2026 14:45||NIFTY27JAN2626000CE,0.10067107623935663
13-01-2026 14:45||NIFTY27JAN2626100CE,0.10095107348857499
13-01-2026 14:45||NIFTY27JAN2626500CE,0.10862933834884343
13-01-2026 14:45||NIFTY27JAN2625100PE,0.11418648706982597
13-01-2026 14:50||NIFTY27JAN2624400PE,0.14841064601942833
13-01-2026 14:50||NIFTY27JAN2624500PE,0.14205738353907227
13-01-2026 14:55||NIFTY27JAN2625700CE,0.10040232489597341
13-01-2026 14:55||NIFTY27JAN2625900CE,0.09845388995863201
13-01-2026 14:55||NIFTY27JAN2626400CE,0.10364089963532011
13-01-2026 14:55||NIFTY27JAN2623800PE,0.18949071258385508
13-01-2026 14:55||NIFTY27JAN2623900PE,0.1828064015309344
13-01-2026 14:55||NIFTY27JAN2624100PE,0.16952127589422766
13-01-2026 14:55||NIFTY27JAN2624400PE,0.1506545663873006
13-01-2026 14:55||NIFTY27JAN2624500PE,0.14444463564181093
13-01-2026 14:55||NIFTY27JAN2624800PE,0.12796053715066213
13-01-2026 14:55||NIFTY27JAN2624900PE,0.12313058929514446
13-01-2026 14:55||NIFTY27JAN2625100PE,0.11352861470524638
13-01-2026 15:00||NIFTY27JAN2625700CE,0.08837142023704686
13-01-2026 15:00||NIFTY27JAN2626200CE,0.09327423665150796
13-01-2026 15:00||NIFTY27JAN2623900PE,0.18413956063899606
13-01-2026 15:00||NIFTY27JAN2624500PE,0.14741597537169845
13-01-2026 15:00||NIFTY27JAN2624600PE,0.1415260405235026
13-01-2026 15:00||NIFTY27JAN2625100PE,0.11739708587381505
13-01-2026 15:05||NIFTY27JAN2625400CE,0.11552210627882034
13-01-2026 15:05||NIFTY27JAN2625700CE,0.10654121187323565
13-01-2026 15:05||NIFTY27JAN2625800CE,0.10428123459633803
13-01-2026 15:05||NIFTY27JAN2626000CE,0.10174223146923012
13-01-2026 15:05||NIFTY27JAN2626100CE,0.10145556761883988
13-01-2026 15:05||NIFTY27JAN2626500CE,0.10701160678525985
13-01-2026 15:05||NIFTY27JAN2624000PE,0.17458614579324572
13-01-2026 15:05||NIFTY27JAN2624500PE,0.14241196935157382
13-01-2026 15:05||NIFTY27JAN2624900PE,0.12030991965161746
13-01-2026 15:10||NIFTY27JAN2625300CE,0.09517334979807472
13-01-2026 15:10||NIFTY27JAN2625600CE,0.09417951171750823
13-01-2026 15:10||NIFTY27JAN2626200CE,0.09523307252654405
13-01-2026 15:10||NIFTY27JAN2624000PE,0.17676259371410208
13-01-2026 15:10||NIFTY27JAN2624200PE,0.16427650822606643
13-01-2026 15:10||NIFTY27JAN2624400PE,0.15170261267024043
13-01-2026 15:10||NIFTY27JAN2624900PE,0.12398521081705886
13-01-2026 15:15||NIFTY27JAN2625700CE,0.09266922178791953
13-01-2026 15:15||NIFTY27JAN2626000CE,0.0922206923093992
13-01-2026 15:15||NIFTY27JAN2626300CE,0.09677962928872112
13-01-2026 15:15||NIFTY27JAN2626500CE,0.10163118214223464
13-01-2026 15:15||NIFTY27JAN2623800PE,0.18491563945872636
13-01-2026 15:15||NIFTY27JAN2624200PE,0.16509692145038293
13-01-2026 15:15||NIFTY27JAN2624600PE,0.14098394478787152
13-01-2026 15:15||NIFTY27JAN2624700PE,0.13539067282380812
13-01-2026 15:20||NIFTY27JAN2625300CE,0.10377569168838674
13-01-2026 15:20||NIFTY27JAN2625600CE,0.0986175195249418
13-01-2026 15:20||NIFTY27JAN2626200CE,0.09692272901425963
13-01-2026 15:20||NIFTY27JAN2623900PE,0.18253417360857813
13-01-2026 15:20||NIFTY27JAN2624300PE,0.1580362962576172
13-01-2026 15:20||NIFTY27JAN2624800PE,0.12809929432582787
13-01-2026 15:25||NIFTY27JAN2626000CE,0.09351475961479196
13-01-2026 15:25||NIFTY27JAN2624500PE,0.14599812241599988
13-01-2026 15:25||NIFTY27JAN2624700PE,0.1350596355992163
13-01-2026 15:25||NIFTY27JAN2624900PE,0.12464937748148533
14-01-2026 09:15||NIFTY27JAN2625300CE,0.1306275987168436
14-01-2026 09:15||NIFTY27JAN2626100CE,0.10189095785674965
14-01-2026 09:15||NIFTY27JAN2626500CE,0.10936047256705186
14-01-2026 09:15||NIFTY27JAN2624300PE,0.16222355705739022
14-01-2026 09:15||NIFTY27JAN2624400PE,0.1557936293555554
14-01-2026 09:20||NIFTY27JAN2624100PE,0.17670113066559517
14-01-2026 09:25||NIFTY27JAN2625300CE,0.12716315214306337
14-01-2026 09:25||NIFTY27JAN2626500CE,0.10835100186888219
14-01-2026 09:25||NIFTY27JAN2624000PE,0.18286658329451164
14-01-2026 09:25||NIFTY27JAN2624200PE,0.16976122929965298
14-01-2026 09:25||NIFTY27JAN2624700PE,0.13676807689050477
14-01-2026 09:30||NIFTY27JAN2626200CE,0.0975880057324887
14-01-2026 09:30||NIFTY27JAN2626500CE,0.10462964080703259
14-01-2026 09:30||NIFTY27JAN2623800PE,0.19751261547925378
14-01-2026 09:30||NIFTY27JAN2624000PE,0.18549253121392115
14-01-2026 09:30||NIFTY27JAN2624600PE,0.14643110116776012
14-01-2026 09:30||NIFTY27JAN2624700PE,0.14013783688399858
14-01-2026 09:35||NIFTY27JAN2625500CE,0.10046005882368018
14-01-2026 09:35||NIFTY27JAN2626400CE,0.10298069130148858
14-01-2026 09:35||NIFTY27JAN2624000PE,0.184262593714102
14-01-2026 09:40||NIFTY27JAN2625500CE,0.10034817646591429
14-01-2026 09:40||NIFTY27JAN2625800CE,0.0972336918571897
14-01-2026 09:40||NIFTY27JAN2623800PE,0.19414708125774396
14-01-2026 09:40||NIFTY27JAN2624000PE,0.1822977082977668
14-01-2026 09:40||NIFTY27JAN2624200PE,0.16968613632418159
14-01-2026 09:40||NIFTY27JAN2624700PE,0.13758984026429805
14-01-2026 09:40||NIFTY27JAN2624800PE,0.1317832367937708
14-01-2026 09:40||NIFTY27JAN2625000PE,0.1206142499713332
14-01-2026 09:45||NIFTY27JAN2625400CE,0.10587458660018852
14-01-2026 09:45||NIFTY27JAN2624300PE,0.16232838088059948
14-01-2026 09:45||NIFTY27JAN2624400PE,0.1557737910739635
14-01-2026 09:45||NIFTY27JAN2624500PE,0.1492460094804905
14-01-2026 09:45||NIFTY27JAN2624600PE,0.1427448177024221
14-01-2026 09:50||NIFTY27JAN2625200CE,0.1424143972874858
14-01-2026 09:50||NIFTY27JAN2625300CE,0.13609473379183273
14-01-2026 09:50||NIFTY27JAN2626400CE,0.10881989584504093
14-01-2026 09:50||NIFTY27JAN2623800PE,0.19386139622708112
14-01-2026 09:50||NIFTY27JAN2623900PE,0.18732705644588435
14-01-2026 09:50||NIFTY27JAN2624600PE,0.1412762194742421
14-01-2026 09:55||NIFTY27JAN2626000CE,0.09396493269214175
14-01-2026 09:55||NIFTY27JAN2624100PE,0.17884121365338518
14-01-2026 10:00||NIFTY27JAN2625500CE,0.10358368625832687
14-01-2026 10:00||NIFTY27JAN2626100CE,0.09715629310661204
14-01-2026 10:00||NIFTY27JAN2626500CE,0.104729489577938
14-01-2026 10:00||NIFTY27JAN2624000PE,0.18216057287492118
14-01-2026 10:00||NIFTY27JAN2624400PE,0.1557070901277939
14-01-2026 10:00||NIFTY27JAN2625100PE,0.11531980045189769
14-01-2026 10:05||NIFTY27JAN2625300CE,0.1146440310439418
14-01-2026 10:05||NIFTY27JAN2625400CE,0.1097574150729138
14-01-2026 10:05||NIFTY27JAN2626200CE,0.09977543692057993
14-01-2026 10:05||NIFTY27JAN2626300CE,0.10204220548902718
14-01-2026 10:05||NIFTY27JAN2626400CE,0.10430037149952379
14-01-2026 10:05||NIFTY27JAN2624600PE,0.14213206297250014
14-01-2026 10:05||NIFTY27JAN2624800PE,0.13007351811404702
14-01-2026 10:05||NIFTY27JAN2625000PE,0.11898420997122637
14-01-2026 10:10||NIFTY27JAN2625400CE,0.11035285431224884
14-01-2026 10:10||NIFTY27JAN2625600CE,0.10399466795518984
14-01-2026 10:10||NIFTY27JAN2626400CE,0.10481074811980645
14-01-2026 10:10||NIFTY27JAN2624000PE,0.18026672912826697
14-01-2026 10:10||NIFTY27JAN2624200PE,0.167281332605732
14-01-2026 10:10||NIFTY27JAN2624500PE,0.1475807521553238
14-01-2026 10:10||NIFTY27JAN2624600PE,0.1412274890989225
14-01-2026 10:15||NIFTY27JAN2625200CE,0.09694346532948589
14-01-2026 10:15||NIFTY27JAN2625600CE,0.09730777343183754
14-01-2026 10:15||NIFTY27JAN2625900CE,0.09571023166080724
14-01-2026 10:15||NIFTY27JAN2624100PE,0.1747913588820177
14-01-2026 10:15||NIFTY27JAN2625000PE,0.11948993997317314
14-01-2026 10:20||NIFTY27JAN2625500CE,0.10179641861630148
14-01-2026 10:20||NIFTY27JAN2625600CE,0.10056766535213077
14-01-2026 10:20||NIFTY27JAN2625700CE,0.09934370256118803
14-01-2026 10:20||NIFTY27JAN2625800CE,0.09812449303577343
14-01-2026 10:20||NIFTY27JAN2624200PE,0.16651143591181122
14-01-2026 10:20||NIFTY27JAN2624700PE,0.13402324895575216
14-01-2026 10:20||NIFTY27JAN2625000PE,0.11752019997386647
14-01-2026 10:25||NIFTY27JAN2626100CE,0.09949121040663167
14-01-2026 10:25||NIFTY27JAN2626200CE,0.10067786550421737
14-01-2026 10:25||NIFTY27JAN2626400CE,0.10515623107550673
14-01-2026 10:25||NIFTY27JAN2623800PE,0.19170469608898077
14-01-2026 10:25||NIFTY27JAN2624300PE,0.15981713988139742
14-01-2026 10:25||NIFTY27JAN2625000PE,0.11746981997285313
14-01-2026 10:30||NIFTY27JAN2625200CE,0.12355879215432554
14-01-2026 10:30||NIFTY27JAN2626500CE,0.10798952738521163
14-01-2026 10:30||NIFTY27JAN2623900PE,0.1848421090087313
14-01-2026 10:30||NIFTY27JAN2624000PE,0.17896884393881662
14-01-2026 10:30||NIFTY27JAN2624700PE,0.13356020439338184
14-01-2026 10:30||NIFTY27JAN2624800PE,0.12784359994335054
14-01-2026 10:30||NIFTY27JAN2625100PE,0.11246936132897266
14-01-2026 10:35||NIFTY27JAN2625600CE,0.09927453477573615
14-01-2026 10:35||NIFTY27JAN2625700CE,0.09787454896196587
14-01-2026 10:35||NIFTY27JAN2626300CE,0.10055463879444745
14-01-2026 10:35||NIFTY27JAN2623900PE,0.18696780331169285
14-01-2026 10:35||NIFTY27JAN2624400PE,0.15443612701034382
14-01-2026 10:40||NIFTY27JAN2625300CE,0.10592427862821004
14-01-2026 10:40||NIFTY27JAN2625600CE,0.09876632811566186
14-01-2026 10:40||NIFTY27JAN2626300CE,0.1006700095177742
14-01-2026 10:40||NIFTY27JAN2626500CE,0.10592004720525199
14-01-2026 10:40||NIFTY27JAN2623800PE,0.18718404616266313
14-01-2026 10:40||NIFTY27JAN2624100PE,0.17383626552075382
14-01-2026 10:45||NIFTY27JAN2625400CE,0.12168576767976835
14-01-2026 10:45||NIFTY27JAN2624000PE,0.17662939580264975
14-01-2026 10:45||NIFTY27JAN2624600PE,0.13807654467838976
14-01-2026 10:45||NIFTY27JAN2624800PE,0.12547794351571567
14-01-2026 10:50||NIFTY27JAN2625200CE,0.1148603463992022
14-01-2026 10:50||NIFTY27JAN2625400CE,0.10966991140417721
14-01-2026 10:50||NIFTY27JAN2625800CE,0.10015235464453921
14-01-2026 10:50||NIFTY27JAN2624000PE,0.17962054163929866
14-01-2026 10:50||NIFTY27JAN2624300PE,0.16071660490046355
14-01-2026 10:50||NIFTY27JAN2624800PE,0.12841848787202959
14-01-2026 10:55||NIFTY27JAN2625200CE,0.12531207923943513
14-01-2026 10:55||NIFTY27JAN2626200CE,0.1005722562196587
14-01-2026 10:55||NIFTY27JAN2626300CE,0.09998675146866856
14-01-2026 10:55||NIFTY27JAN2626400CE,0.09940346875243788
14-01-2026 10:55||NIFTY27JAN2626500CE,0.09882239126913137
14-01-2026 10:55||NIFTY27JAN2624600PE,0.140671432889464
14-01-2026 10:55||NIFTY27JAN2625000PE,0.11674414997106644
14-01-2026 11:00||NIFTY27JAN2626100CE,0.09961504789283748
14-01-2026 11:00||NIFTY27JAN2626300CE,0.10152357415309886
14-01-2026 11:00||NIFTY27JAN2624100PE,0.17513599581043632
14-01-2026 11:05||NIFTY27JAN2625300CE,0.10572507903857017
14-01-2026 11:05||NIFTY27JAN2626000CE,0.0967209224908771
14-01-2026 11:05||NIFTY27JAN2626100CE,0.09696092013306427
14-01-2026 11:05||NIFTY27JAN2626300CE,0.09934406845086778
14-01-2026 11:05||NIFTY27JAN2624000PE,0.18195835413296887
14-01-2026 11:05||NIFTY27JAN2624800PE,0.1309036189207718
14-01-2026 11:10||NIFTY27JAN2625200CE,0.11725730697584642
14-01-2026 11:10||NIFTY27JAN2624000PE,0.1815631145489424
14-01-2026 11:10||NIFTY27JAN2624300PE,0.16208161518855843
14-01-2026 11:10||NIFTY27JAN2624500PE,0.14884626526798603
14-01-2026 11:15||NIFTY27JAN2625500CE,0.10969826468861889
14-01-2026 11:15||NIFTY27JAN2625800CE,0.10155527130598954
14-01-2026 11:15||NIFTY27JAN2626000CE,0.09851884615100134
14-01-2026 11:15||NIFTY27JAN2624100PE,0.175995933569594
14-01-2026 11:15||NIFTY27JAN2624300PE,0.16256369092869558
14-01-2026 11:15||NIFTY27JAN2624400PE,0.15592475897381242
14-01-2026 11:15||NIFTY27JAN2624500PE,0.1493129801907173
14-01-2026 11:15||NIFTY27JAN2624600PE,0.14272813337138712
14-01-2026 11:20||NIFTY27JAN2625300CE,0.11028516795858885
14-01-2026 11:20||NIFTY27JAN2625600CE,0.10155548826977606
14-01-2026 11:20||NIFTY27JAN2625800CE,0.09771202518634992
14-01-2026 11:20||NIFTY27JAN2623800PE,0.19852018902938914
14-01-2026 11:20||NIFTY27JAN2623900PE,0.19127997921010007
14-01-2026 11:20||NIFTY27JAN2624600PE,0.1438763617510568
14-01-2026 11:20||NIFTY27JAN2624800PE,0.13142341730732224
14-01-2026 11:20||NIFTY27JAN2625100PE,0.11650836332232432
14-01-2026 11:25||NIFTY27JAN2625400CE,0.12837511807179108
14-01-2026 11:25||NIFTY27JAN2626200CE,0.1023011450409481
14-01-2026 11:25||NIFTY27JAN2623900PE,0.18803390164125738
14-01-2026 11:25||NIFTY27JAN2624700PE,0.1351173279006043
14-01-2026 11:25||NIFTY27JAN2624900PE,0.12337899595435531
14-01-2026 11:30||NIFTY27JAN2625300CE,0.10736567192548936
14-01-2026 11:30||NIFTY27JAN2625800CE,0.0972824515440066
14-01-2026 11:30||NIFTY27JAN2626000CE,0.09546903845916778
14-01-2026 11:30||NIFTY27JAN2624200PE,0.17146081795175916
14-01-2026 11:30||NIFTY27JAN2624300PE,0.1651179006463513
14-01-2026 11:30||NIFTY27JAN2624400PE,0.15880103235602236
14-01-2026 11:30||NIFTY27JAN2625000PE,0.12178925997135971
14-01-2026 11:35||NIFTY27JAN2625500CE,0.1032277843080464
14-01-2026 11:35||NIFTY27JAN2625700CE,0.10016123539906072
14-01-2026 11:35||NIFTY27JAN2626100CE,0.09660049808550981
14-01-2026 11:35||NIFTY27JAN2623900PE,0.1901277196294403
14-01-2026 11:35||NIFTY27JAN2624400PE,0.15737876204811718
14-01-2026 11:35||NIFTY27JAN2624500PE,0.1505655046977248
14-01-2026 11:35||NIFTY27JAN2624700PE,0.13774280361040597
14-01-2026 11:35||NIFTY27JAN2625100PE,0.11574019965455702
14-01-2026 11:40||NIFTY27JAN2625500CE,0.1010062137611653
14-01-2026 11:40||NIFTY27JAN2625600CE,0.09918956564720065
14-01-2026 11:40||NIFTY27JAN2626500CE,0.10176096406160856
14-01-2026 11:40||NIFTY27JAN2623900PE,0.19007834724633432
14-01-2026 11:45||NIFTY27JAN2626400CE,0.10296454546541524
14-01-2026 11:45||NIFTY27JAN2623900PE,0.1901218514260702
14-01-2026 11:45||NIFTY27JAN2624300PE,0.16333138885047113
14-01-2026 11:45||NIFTY27JAN2624500PE,0.14993616322688655
14-01-2026 11:50||NIFTY27JAN2625700CE,0.10052934322769634
14-01-2026 11:50||NIFTY27JAN2625800CE,0.09864602883028167
14-01-2026 11:50||NIFTY27JAN2626100CE,0.09609996168573001
14-01-2026 11:50||NIFTY27JAN2625100PE,0.11583007989375912
14-01-2026 11:55||NIFTY27JAN2625200CE,0.11424552479297907
14-01-2026 11:55||NIFTY27JAN2625600CE,0.1015952148315806
14-01-2026 11:55||NIFTY27JAN2624200PE,0.17144102268749453
14-01-2026 11:55||NIFTY27JAN2624400PE,0.15795622946964685
14-01-2026 11:55||NIFTY27JAN2624800PE,0.13177828625857993
14-01-2026 12:00||NIFTY27JAN2623800PE,0.2012114047039838
14-01-2026 12:00||NIFTY27JAN2624400PE,0.1592067212743023
14-01-2026 12:00||NIFTY27JAN2624900PE,0.12742297792934518
14-01-2026 12:00||NIFTY27JAN2625000PE,0.12175874959547407
14-01-2026 12:00||NIFTY27JAN2625100PE,0.11611713301173664
14-01-2026 12:05||NIFTY27JAN2626500CE,0.09740172020708066
14-01-2026 12:05||NIFTY27JAN2624400PE,0.15921130119115928
14-01-2026 12:05||NIFTY27JAN2624600PE,0.145656036546909
14-01-2026 12:10||NIFTY27JAN2625900CE,0.09239456563598643
14-01-2026 12:10||NIFTY27JAN2626300CE,0.09506391635924662
14-01-2026 12:10||NIFTY27JAN2624400PE,0.15708101430511026
14-01-2026 12:10||NIFTY27JAN2624600PE,0.1437167072804637
14-01-2026 12:10||NIFTY27JAN2624800PE,0.13168457116137977
14-01-2026 12:10||NIFTY27JAN2624900PE,0.1262012970258886
14-01-2026 12:10||NIFTY27JAN2625100PE,0.1153005046170669
14-01-2026 12:15||NIFTY27JAN2626500CE,0.10369285442528879
14-01-2026 12:15||NIFTY27JAN2624200PE,0.16847561979378617
14-01-2026 12:15||NIFTY27JAN2624800PE,0.12822790319302568
14-01-2026 12:20||NIFTY27JAN2625300CE,0.10119782608129606
14-01-2026 12:20||NIFTY27JAN2626400CE,0.09780036933102175
14-01-2026 12:20||NIFTY27JAN2623800PE,0.19850516457092726
14-01-2026 12:20||NIFTY27JAN2623900PE,0.19166830905911952
14-01-2026 12:25||NIFTY27JAN2625400CE,0.09492692896332484
14-01-2026 12:25||NIFTY27JAN2625500CE,0.09499359494379747
14-01-2026 12:25||NIFTY27JAN2625900CE,0.09202911196690558
14-01-2026 12:25||NIFTY27JAN2624500PE,0.15089084689947752
14-01-2026 12:30||NIFTY27JAN2625800CE,0.09667175386784103
14-01-2026 12:30||NIFTY27JAN2626300CE,0.09675622973483954
14-01-2026 12:30||NIFTY27JAN2626400CE,0.09927287223700193
14-01-2026 12:30||NIFTY27JAN2623900PE,0.1904420815522648
14-01-2026 12:30||NIFTY27JAN2624300PE,0.16385629625761716
14-01-2026 12:30||NIFTY27JAN2624900PE,0.1256484537842231
14-01-2026 12:35||NIFTY27JAN2625300CE,0.10528205531528191
14-01-2026 12:35||NIFTY27JAN2625500CE,0.10001253920937896
14-01-2026 12:35||NIFTY27JAN2625900CE,0.09436354246742112
14-01-2026 12:35||NIFTY27JAN2623900PE,0.19100191418775966
14-01-2026 12:45||NIFTY27JAN2625600CE,0.09565118842996409
14-01-2026 12:45||NIFTY27JAN2625700CE,0.09424786931663723
14-01-2026 12:50||NIFTY27JAN2626300CE,0.09564399240505722
14-01-2026 12:50||NIFTY27JAN2626500CE,0.09982808316168089
14-01-2026 12:50||NIFTY27JAN2624900PE,0.12463432728054709
14-01-2026 12:55||NIFTY27JAN2623900PE,0.18837694556860438
14-01-2026 12:55||NIFTY27JAN2624300PE,0.1620663579861863
14-01-2026 12:55||NIFTY27JAN2625000PE,0.11831903997077312
14-01-2026 13:00||NIFTY27JAN2625400CE,0.09861138778594397
14-01-2026 13:00||NIFTY27JAN2625700CE,0.09488074310629598
14-01-2026 13:00||NIFTY27JAN2625800CE,0.09335742508927204
14-01-2026 13:00||NIFTY27JAN2626200CE,0.09386348170833934
14-01-2026 13:00||NIFTY27JAN2626300CE,0.09565013108885166
14-01-2026 13:00||NIFTY27JAN2626500CE,0.0992031397120579
14-01-2026 13:00||NIFTY27JAN2624700PE,0.13644310725496012
14-01-2026 13:05||NIFTY27JAN2625800CE,0.09606672479800088
14-01-2026 13:05||NIFTY27JAN2626200CE,0.09503583601516379
14-01-2026 13:05||NIFTY27JAN2626300CE,0.09656582121228158
14-01-2026 13:05||NIFTY27JAN2624000PE,0.1825351666237458
14-01-2026 13:05||NIFTY27JAN2624400PE,0.1559718134876753
14-01-2026 13:05||NIFTY27JAN2624800PE,0.12969102291735668
14-01-2026 13:05||NIFTY27JAN2624900PE,0.12415441602431673
14-01-2026 13:10||NIFTY27JAN2625300CE,0.0992819268434304
14-01-2026 13:10||NIFTY27JAN2625800CE,0.09007230040284948
14-01-2026 13:10||NIFTY27JAN2625900CE,0.08980563639667051
14-01-2026 13:10||NIFTY27JAN2626400CE,0.09626118372690866
14-01-2026 13:10||NIFTY27JAN2624000PE,0.18297134371048507
14-01-2026 13:10||NIFTY27JAN2624600PE,0.1434439199412637
14-01-2026 13:10||NIFTY27JAN2624700PE,0.13702399038060437
14-01-2026 13:10||NIFTY27JAN2624900PE,0.12491855418609941
14-01-2026 13:15||NIFTY27JAN2625200CE,0.11341667336300668
14-01-2026 13:15||NIFTY27JAN2625600CE,0.09343685546075298
14-01-2026 13:15||NIFTY27JAN2626100CE,0.09175732825077453
14-01-2026 13:15||NIFTY27JAN2626200CE,0.09280065141241585
14-01-2026 13:15||NIFTY27JAN2624000PE,0.1821205728749214
14-01-2026 13:15||NIFTY27JAN2624600PE,0.1418666259794266
14-01-2026 13:15||NIFTY27JAN2624800PE,0.1294883064199249
14-01-2026 13:20||NIFTY27JAN2625200CE,0.09059889108621579
14-01-2026 13:20||NIFTY27JAN2625900CE,0.0887508301178926
14-01-2026 13:20||NIFTY27JAN2624400PE,0.15481138315860177
14-01-2026 13:20||NIFTY27JAN2624700PE,0.13564314774090075
14-01-2026 13:20||NIFTY27JAN2624900PE,0.12449937748148533
14-01-2026 13:25||NIFTY27JAN2625200CE,0.1063927129044547
14-01-2026 13:25||NIFTY27JAN2625600CE,0.09569695311725133
14-01-2026 13:25||NIFTY27JAN2626400CE,0.09839138517852238
14-01-2026 13:25||NIFTY27JAN2626500CE,0.10064422067622784
14-01-2026 13:25||NIFTY27JAN2624100PE,0.17267624477380641
14-01-2026 13:25||NIFTY27JAN2624700PE,0.13398290482525738
14-01-2026 13:25||NIFTY27JAN2624900PE,0.12250895579360478
14-01-2026 13:30||NIFTY27JAN2625200CE,0.09890639608238083
14-01-2026 13:30||NIFTY27JAN2625700CE,0.09004401750724841
14-01-2026 13:30||NIFTY27JAN2626500CE,0.10083899808338115
14-01-2026 13:30||NIFTY27JAN2624200PE,0.1664189858227459
14-01-2026 13:30||NIFTY27JAN2624300PE,0.15971572848381602
14-01-2026 13:35||NIFTY27JAN2625500CE,0.08164740196694087
14-01-2026 13:35||NIFTY27JAN2625700CE,0.08412243191275146
14-01-2026 13:35||NIFTY27JAN2624000PE,0.17792653232021896
14-01-2026 13:35||NIFTY27JAN2624100PE,0.1714899398435282
14-01-2026 13:35||NIFTY27JAN2625100PE,0.11571608786716686
14-01-2026 13:40||NIFTY27JAN2626500CE,0.10509820413063564
14-01-2026 13:45||NIFTY27JAN2625400CE,0.10258969486818474
14-01-2026 13:45||NIFTY27JAN2626200CE,0.09915423937458466
14-01-2026 13:45||NIFTY27JAN2626300CE,0.10208726257198994
14-01-2026 13:45||NIFTY27JAN2626400CE,0.10500915472479815
14-01-2026 13:45||NIFTY27JAN2624100PE,0.16818974181523735
14-01-2026 13:45||NIFTY27JAN2624200PE,0.16169648270648487
14-01-2026 13:45||NIFTY27JAN2624400PE,0.14879183397953588
14-01-2026 13:45||NIFTY27JAN2624600PE,0.1363987986234132
14-01-2026 13:45||NIFTY27JAN2624700PE,0.130441861822145
14-01-2026 13:45||NIFTY27JAN2624800PE,0.12450899351801598
14-01-2026 13:50||NIFTY27JAN2625400CE,0.08574334646533803
14-01-2026 13:50||NIFTY27JAN2625600CE,0.08778066406418882
14-01-2026 13:50||NIFTY27JAN2626300CE,0.09842650191680749
14-01-2026 13:55||NIFTY27JAN2625200CE,0.1031590693305923
14-01-2026 13:55||NIFTY27JAN2626200CE,0.09863962787383182
14-01-2026 13:55||NIFTY27JAN2623800PE,0.18605373172557388
14-01-2026 13:55||NIFTY27JAN2624600PE,0.1360121036230185
14-01-2026 13:55||NIFTY27JAN2624900PE,0.1196253915404361
14-01-2026 14:00||NIFTY27JAN2623800PE,0.1894531547875424
14-01-2026 14:00||NIFTY27JAN2623900PE,0.18277764099872734
14-01-2026 14:00||NIFTY27JAN2624400PE,0.14945121940200123
14-01-2026 14:00||NIFTY27JAN2624500PE,0.14323795536035192
14-01-2026 14:05||NIFTY27JAN2625200CE,0.10871037626469518
14-01-2026 14:05||NIFTY27JAN2625700CE,0.09781259727020157
14-01-2026 14:05||NIFTY27JAN2625900CE,0.09662508687280272
14-01-2026 14:05||NIFTY27JAN2624000PE,0.17512134371048507
14-01-2026 14:05||NIFTY27JAN2624300PE,0.15515683123855095
14-01-2026 14:05||NIFTY27JAN2624700PE,0.13009093265154942
14-01-2026 14:05||NIFTY27JAN2624800PE,0.12455432624251052
14-01-2026 14:10||NIFTY27JAN2625700CE,0.09944651750093994
14-01-2026 14:10||NIFTY27JAN2624200PE,0.16218112599357376
14-01-2026 14:10||NIFTY27JAN2624800PE,0.12340373988884147
14-01-2026 14:15||NIFTY27JAN2625300CE,0.09248549405941359
14-01-2026 14:15||NIFTY27JAN2625900CE,0.09148024225003386
14-01-2026 14:15||NIFTY27JAN2626000CE,0.09240689974262324
14-01-2026 14:15||NIFTY27JAN2626500CE,0.10596657841787067
14-01-2026 14:15||NIFTY27JAN2624600PE,0.1379167072804637
14-01-2026 14:20||NIFTY27JAN2624400PE,0.1495919979144212
14-01-2026 14:20||NIFTY27JAN2624900PE,0.12082557226381353
14-01-2026 14:20||NIFTY27JAN2625100PE,0.1114731326652636
14-01-2026 14:25||NIFTY27JAN2625600CE,0.10178646483475957
14-01-2026 14:25||NIFTY27JAN2626100CE,0.10056774904887152
14-01-2026 14:25||NIFTY27JAN2623800PE,0.18620557659469988
14-01-2026 14:30||NIFTY27JAN2625400CE,0.10741774604425261
14-01-2026 14:30||NIFTY27JAN2626000CE,0.09913457401726572
14-01-2026 14:30||NIFTY27JAN2626100CE,0.1003245623264437
14-01-2026 14:30||NIFTY27JAN2626400CE,0.10735888042866545
14-01-2026 14:30||NIFTY27JAN2626500CE,0.11026672536623244
14-01-2026 14:30||NIFTY27JAN2623900PE,0.18127711293310952
14-01-2026 14:30||NIFTY27JAN2624300PE,0.15429648144332497
14-01-2026 14:30||NIFTY27JAN2624500PE,0.1414221326173333
14-01-2026 14:30||NIFTY27JAN2625000PE,0.11228316639481509
14-01-2026 14:30||NIFTY27JAN2625100PE,0.10654931422246952
14-01-2026 14:35||NIFTY27JAN2625500CE,0.10802315684520515
14-01-2026 14:35||NIFTY27JAN2625900CE,0.0997394208479819
14-01-2026 14:35||NIFTY27JAN2626400CE,0.10808676137980527
14-01-2026 14:35||NIFTY27JAN2624000PE,0.1748165207943308
14-01-2026 14:35||NIFTY27JAN2624300PE,0.15488641971475567
14-01-2026 14:40||NIFTY27JAN2625400CE,0.10567941927692158
14-01-2026 14:40||NIFTY27JAN2625800CE,0.0976878100720361
14-01-2026 14:40||NIFTY27JAN2624300PE,0.1569436673058587
14-01-2026 14:40||NIFTY27JAN2624400PE,0.1502250403681723
14-01-2026 14:40||NIFTY27JAN2624500PE,0.14353389255403487
14-01-2026 14:40||NIFTY27JAN2624700PE,0.13103984026429816
14-01-2026 14:40||NIFTY27JAN2624800PE,0.1252332367937707
14-01-2026 14:40||NIFTY27JAN2625000PE,0.1143448099728264
14-01-2026 14:45||NIFTY27JAN2625400CE,0.09812035626626307
14-01-2026 14:45||NIFTY27JAN2625500CE,0.09736369738789867
14-01-2026 14:45||NIFTY27JAN2625800CE,0.09461305232070466
14-01-2026 14:45||NIFTY27JAN2626100CE,0.09667228329273131
14-01-2026 14:45||NIFTY27JAN2626200CE,0.09881633603651999
14-01-2026 14:45||NIFTY27JAN2626300CE,0.1009522209405386
14-01-2026 14:45||NIFTY27JAN2624500PE,0.14627636730908566
14-01-2026 14:45||NIFTY27JAN2624800PE,0.12742870964682412
14-01-2026 14:45||NIFTY27JAN2625100PE,0.11174019965455673
14-01-2026 14:50||NIFTY27JAN2625200CE,0.109368059453057
14-01-2026 14:50||NIFTY27JAN2625700CE,0.09540315400832867
14-01-2026 14:50||NIFTY27JAN2625800CE,0.09449982975753336
14-01-2026 14:50||NIFTY27JAN2626300CE,0.09965025666665861
14-01-2026 14:50||NIFTY27JAN2624400PE,0.1529413421748805
14-01-2026 14:50||NIFTY27JAN2624600PE,0.13970163614205622
14-01-2026 14:50||NIFTY27JAN2624900PE,0.12231408631604408
14-01-2026 14:55||NIFTY27JAN2625300CE,0.09667107302032239
14-01-2026 14:55||NIFTY27JAN2625400CE,0.0944110964661907
14-01-2026 14:55||NIFTY27JAN2625600CE,0.09140352538687486
14-01-2026 14:55||NIFTY27JAN2626400CE,0.10110698865307582
14-01-2026 14:55||NIFTY27JAN2624100PE,0.17181974181523757
14-01-2026 14:55||NIFTY27JAN2624200PE,0.16532648270648498
14-01-2026 14:55||NIFTY27JAN2624600PE,0.13946131093790862
14-01-2026 14:55||NIFTY27JAN2624800PE,0.1272088709375836
14-01-2026 14:55||NIFTY27JAN2625100PE,0.11215908188711105
14-01-2026 15:00||NIFTY27JAN2625800CE,0.09621843022862764
14-01-2026 15:00||NIFTY27JAN2624300PE,0.1566266254766532
14-01-2026 15:00||NIFTY27JAN2624700PE,0.13123809713347515
14-01-2026 15:05||NIFTY27JAN2626300CE,0.09946598860758576
14-01-2026 15:05||NIFTY27JAN2623900PE,0.1849377196294403
14-01-2026 15:05||NIFTY27JAN2624400PE,0.15270698766849078
14-01-2026 15:05||NIFTY27JAN2624800PE,0.1282241027930507
14-01-2026 15:10||NIFTY27JAN2625500CE,0.09619299019092703
14-01-2026 15:10||NIFTY27JAN2626200CE,0.09854467558387138
14-01-2026 15:10||NIFTY27JAN2624100PE,0.16992098543696266
14-01-2026 15:10||NIFTY27JAN2624500PE,0.14408260200639172
14-01-2026 15:10||NIFTY27JAN2624900PE,0.12225010037499483
14-01-2026 15:15||NIFTY27JAN2625500CE,0.10321470586878344
14-01-2026 15:15||NIFTY27JAN2625900CE,0.0979496138986546
14-01-2026 15:15||NIFTY27JAN2626100CE,0.09918774904887152
14-01-2026 15:15||NIFTY27JAN2624400PE,0.14943181348767529
14-01-2026 15:15||NIFTY27JAN2624700PE,0.1304191902538701
14-01-2026 15:15||NIFTY27JAN2625100PE,0.1105482834817926
14-01-2026 15:20||NIFTY27JAN2626100CE,0.10024763410606156
14-01-2026 15:20||NIFTY27JAN2626300CE,0.10457451768988513
14-01-2026 15:20||NIFTY27JAN2626400CE,0.10751782276195067
14-01-2026 15:20||NIFTY27JAN2624500PE,0.14291225506665278
14-01-2026 15:20||NIFTY27JAN2624800PE,0.12553373988884153
14-01-2026 15:25||NIFTY27JAN2625200CE,0.10416138614223028
14-01-2026 15:25||NIFTY27JAN2626400CE,0.10378240984891829
14-01-2026 15:25||NIFTY27JAN2626500CE,0.10576728693940769
14-01-2026 15:25||NIFTY27JAN2623900PE,0.18475078447735044
14-01-2026 15:25||NIFTY27JAN2624600PE,0.1392533434638316
14-01-2026 15:25||NIFTY27JAN2625100PE,0.11419684635221938
16-01-2026 09:15||NIFTY27JAN2626000CE,0.10677688659328974
16-01-2026 09:15||NIFTY27JAN2626100CE,0.10596689455090806
16-01-2026 09:15||NIFTY27JAN2624100PE,0.17899499944397335
16-01-2026 09:15||NIFTY27JAN2624200PE,0.17174016460810249
16-01-2026 09:15||NIFTY27JAN2624300PE,0.16451524670188103
16-01-2026 09:15||NIFTY27JAN2624800PE,0.13088297375773303
16-01-2026 09:15||NIFTY27JAN2625000PE,0.11915847996927977
16-01-2026 09:20||NIFTY27JAN2625200CE,0.12105831811380846
16-01-2026 09:20||NIFTY27JAN2625400CE,0.11148061021196336
16-01-2026 09:20||NIFTY27JAN2625700CE,0.102034961076779
16-01-2026 09:20||NIFTY27JAN2626000CE,0.09769435576764242
16-01-2026 09:20||NIFTY27JAN2624100PE,0.1785136099114737
16-01-2026 09:20||NIFTY27JAN2624400PE,0.15810659832313861
16-01-2026 09:20||NIFTY27JAN2624600PE,0.1446258942700944
16-01-2026 09:20||NIFTY27JAN2625000PE,0.1207946099722932
16-01-2026 09:25||NIFTY27JAN2625300CE,0.13041894264593681
16-01-2026 09:25||NIFTY27JAN2625600CE,0.11098760740307456
16-01-2026 09:25||NIFTY27JAN2626300CE,0.10145831749848808
16-01-2026 09:25||NIFTY27JAN2626500CE,0.10493509767482537
16-01-2026 09:25||NIFTY27JAN2624600PE,0.14131404181069712
16-01-2026 09:25||NIFTY27JAN2624700PE,0.13492411192088205
16-01-2026 09:30||NIFTY27JAN2625500CE,0.10560711763967096
16-01-2026 09:30||NIFTY27JAN2625700CE,0.10124437741771865
16-01-2026 09:30||NIFTY27JAN2625900CE,0.09709179204042152
16-01-2026 09:30||NIFTY27JAN2626000CE,0.09582847121419351
16-01-2026 09:30||NIFTY27JAN2623800PE,0.19538947597717057
16-01-2026 09:30||NIFTY27JAN2624300PE,0.1596659171149717
16-01-2026 09:30||NIFTY27JAN2624400PE,0.1529993254075225
16-01-2026 09:30||NIFTY27JAN2624900PE,0.12233416663754505
16-01-2026 09:30||NIFTY27JAN2625100PE,0.11158732709884925
16-01-2026 09:35||NIFTY27JAN2626300CE,0.09932063970498703
16-01-2026 09:35||NIFTY27JAN2626400CE,0.10212061281997567
16-01-2026 09:35||NIFTY27JAN2624100PE,0.1743170051003591
16-01-2026 09:35||NIFTY27JAN2624200PE,0.16716375353599416
16-01-2026 09:35||NIFTY27JAN2624800PE,0.12745333666194225
16-01-2026 09:35||NIFTY27JAN2625100PE,0.11247840324259037
16-01-2026 09:40||NIFTY27JAN2625900CE,0.10421881272594002
16-01-2026 09:40||NIFTY27JAN2626500CE,0.10456270319619437
16-01-2026 09:40||NIFTY27JAN2624200PE,0.16643576260714066
16-01-2026 09:40||NIFTY27JAN2624300PE,0.1597591716325625
16-01-2026 09:45||NIFTY27JAN2625400CE,0.1263077952440613
16-01-2026 09:45||NIFTY27JAN2626000CE,0.10198496473729578
16-01-2026 09:45||NIFTY27JAN2626100CE,0.10067497760702411
16-01-2026 09:45||NIFTY27JAN2623900PE,0.18980608782551597
16-01-2026 09:45||NIFTY27JAN2624500PE,0.14673847954596547
16-01-2026 09:45||NIFTY27JAN2624800PE,0.125386265800704
16-01-2026 09:45||NIFTY27JAN2624900PE,0.11949632938890281
16-01-2026 09:50||NIFTY27JAN2625500CE,0.11446365895162137
16-01-2026 09:50||NIFTY27JAN2625600CE,0.11057260694841405
16-01-2026 09:50||NIFTY27JAN2625700CE,0.10669672477709538
16-01-2026 09:50||NIFTY27JAN2625800CE,0.10283589461328253
16-01-2026 09:50||NIFTY27JAN2626000CE,0.09736187499229536
16-01-2026 09:50||NIFTY27JAN2626200CE,0.09641127862905868
16-01-2026 09:50||NIFTY27JAN2623900PE,0.19261642255452602
16-01-2026 09:50||NIFTY27JAN2624200PE,0.17186543384284356
16-01-2026 09:50||NIFTY27JAN2624900PE,0.12175288149352816
16-01-2026 09:55||NIFTY27JAN2625300CE,0.11645983357129876
16-01-2026 09:55||NIFTY27JAN2625400CE,0.11177820828122834
16-01-2026 09:55||NIFTY27JAN2625500CE,0.10711497842283042
16-01-2026 09:55||NIFTY27JAN2625700CE,0.09969962060899379
16-01-2026 09:55||NIFTY27JAN2625900CE,0.09550448228322114
16-01-2026 09:55||NIFTY27JAN2626000CE,0.09407449644034047
16-01-2026 09:55||NIFTY27JAN2626400CE,0.09603453509122133
16-01-2026 09:55||NIFTY27JAN2626500CE,0.09746364659637378
16-01-2026 09:55||NIFTY27JAN2623800PE,0.20056424611093512
16-01-2026 09:55||NIFTY27JAN2624000PE,0.18642533329089472
16-01-2026 09:55||NIFTY27JAN2624200PE,0.17246570243864925
16-01-2026 09:55||NIFTY27JAN2624500PE,0.15051882648570442
16-01-2026 09:55||NIFTY27JAN2624900PE,0.12257257287053236
16-01-2026 09:55||NIFTY27JAN2625000PE,0.1165693038304418
16-01-2026 10:00||NIFTY27JAN2625400CE,0.13243623026647183
16-01-2026 10:00||NIFTY27JAN2625900CE,0.10486604281105055
16-01-2026 10:00||NIFTY27JAN2626000CE,0.10211273673594687
16-01-2026 10:00||NIFTY27JAN2626400CE,0.10167529410632949
16-01-2026 10:00||NIFTY27JAN2626500CE,0.10290591790243292
16-01-2026 10:00||NIFTY27JAN2624000PE,0.18592092704261276
16-01-2026 10:05||NIFTY27JAN2625700CE,0.10950231515570535
16-01-2026 10:05||NIFTY27JAN2626400CE,0.10101472484499828
16-01-2026 10:05||NIFTY27JAN2626500CE,0.10239421442288843
16-01-2026 10:05||NIFTY27JAN2624000PE,0.1865259077497425
16-01-2026 10:05||NIFTY27JAN2624100PE,0.1799393170019739
16-01-2026 10:05||NIFTY27JAN2624400PE,0.15829832987136563
16-01-2026 10:05||NIFTY27JAN2625100PE,0.11021227550838472
16-01-2026 10:10||NIFTY27JAN2625300CE,0.14122708493358965
16-01-2026 10:10||NIFTY27JAN2625600CE,0.11816444333252787
16-01-2026 10:10||NIFTY27JAN2626100CE,0.10108253830815338
16-01-2026 10:10||NIFTY27JAN2626400CE,0.10366528410354522
16-01-2026 10:10||NIFTY27JAN2623900PE,0.19594157945874952
16-01-2026 10:10||NIFTY27JAN2624800PE,0.13003616931735953
16-01-2026 10:15||NIFTY27JAN2625300CE,0.1594681817613712
16-01-2026 10:15||NIFTY27JAN2623800PE,0.20639641517157534
16-01-2026 10:15||NIFTY27JAN2624400PE,0.16458784962001755
16-01-2026 10:15||NIFTY27JAN2624500PE,0.15673793716396384
16-01-2026 10:20||NIFTY27JAN2625700CE,0.11902586573570548
16-01-2026 10:20||NIFTY27JAN2625900CE,0.11097852314993104
16-01-2026 10:20||NIFTY27JAN2626400CE,0.10514809659831414
16-01-2026 10:20||NIFTY27JAN2623800PE,0.21059796653879467
16-01-2026 10:20||NIFTY27JAN2624300PE,0.1762308950219168
16-01-2026 10:20||NIFTY27JAN2624500PE,0.16148890811858416
16-01-2026 10:20||NIFTY27JAN2624800PE,0.13860121972072173
16-01-2026 10:25||NIFTY27JAN2625400CE,0.13942021648432532
16-01-2026 10:25||NIFTY27JAN2626000CE,0.10569423075500674
16-01-2026 10:25||NIFTY27JAN2624000PE,0.19801076037546372
16-01-2026 10:25||NIFTY27JAN2624200PE,0.18417113539050123
16-01-2026 10:25||NIFTY27JAN2624300PE,0.1771812146347896
16-01-2026 10:25||NIFTY27JAN2624600PE,0.15415512191024366
16-01-2026 10:30||NIFTY27JAN2625500CE,0.12479827447974999
16-01-2026 10:30||NIFTY27JAN2624200PE,0.1842353305367645
16-01-2026 10:30||NIFTY27JAN2624400PE,0.1694442417591643
16-01-2026 10:30||NIFTY27JAN2624800PE,0.14047584673584004
16-01-2026 10:35||NIFTY27JAN2625200CE,0.14994702979958016
16-01-2026 10:35||NIFTY27JAN2625600CE,0.11990344723624467
16-01-2026 10:35||NIFTY27JAN2626300CE,0.10055121387391709
16-01-2026 10:35||NIFTY27JAN2626400CE,0.10174786905044196
16-01-2026 10:35||NIFTY27JAN2624000PE,0.1986908437090383
16-01-2026 10:35||NIFTY27JAN2624200PE,0.1850408367365523
16-01-2026 10:35||NIFTY27JAN2624900PE,0.1349362650233194
16-01-2026 10:35||NIFTY27JAN2625100PE,0.12131098560817959
16-01-2026 10:40||NIFTY27JAN2626200CE,0.09417533397027654
16-01-2026 10:40||NIFTY27JAN2623800PE,0.2124863313138878
16-01-2026 10:40||NIFTY27JAN2624200PE,0.18589555781013847
16-01-2026 10:40||NIFTY27JAN2624700PE,0.14946603235050654
16-01-2026 10:40||NIFTY27JAN2624900PE,0.13585652606819784
16-01-2026 10:45||NIFTY27JAN2625200CE,0.13518081190939607
16-01-2026 10:45||NIFTY27JAN2623800PE,0.21224890043819353
16-01-2026 10:45||NIFTY27JAN2624000PE,0.19822044787455953
16-01-2026 10:45||NIFTY27JAN2624400PE,0.1699740983161398
16-01-2026 10:45||NIFTY27JAN2624600PE,0.15494021337391023
16-01-2026 10:45||NIFTY27JAN2624900PE,0.13444133530463293
16-01-2026 10:50||NIFTY27JAN2625400CE,0.13042821846058453
16-01-2026 10:50||NIFTY27JAN2626300CE,0.09865242984020134
16-01-2026 10:50||NIFTY27JAN2626400CE,0.10016908194415346
16-01-2026 10:50||NIFTY27JAN2624200PE,0.18312689593358386
16-01-2026 10:50||NIFTY27JAN2624300PE,0.17574436145529104
16-01-2026 10:50||NIFTY27JAN2624400PE,0.16839214547914624
16-01-2026 10:50||NIFTY27JAN2624600PE,0.153875406463873
16-01-2026 10:55||NIFTY27JAN2625400CE,0.12393837594130619
16-01-2026 10:55||NIFTY27JAN2625800CE,0.1039655755755964
16-01-2026 10:55||NIFTY27JAN2625900CE,0.10110227080924958
16-01-2026 10:55||NIFTY27JAN2626100CE,0.09699760535812589
16-01-2026 10:55||NIFTY27JAN2626500CE,0.09885527409079947
16-01-2026 10:55||NIFTY27JAN2623800PE,0.211901696366928
16-01-2026 10:55||NIFTY27JAN2623900PE,0.2045404802553946
16-01-2026 10:55||NIFTY27JAN2624900PE,0.1333112951438824
16-01-2026 11:00||NIFTY27JAN2625300CE,0.13796295448805201
16-01-2026 11:00||NIFTY27JAN2626000CE,0.0998366196497277
16-01-2026 11:00||NIFTY27JAN2626100CE,0.09808997014269882
16-01-2026 11:00||NIFTY27JAN2624400PE,0.1678842212673039
16-01-2026 11:00||NIFTY27JAN2624900PE,0.1324194825502063
16-01-2026 11:00||NIFTY27JAN2625000PE,0.12564622175650084
16-01-2026 11:05||NIFTY27JAN2626100CE,0.10058655171570123
16-01-2026 11:05||NIFTY27JAN2624300PE,0.17451328515800882
16-01-2026 11:05||NIFTY27JAN2624400PE,0.1672067006466446
16-01-2026 11:05||NIFTY27JAN2625100PE,0.11875578849178589
16-01-2026 11:10||NIFTY27JAN2625800CE,0.10202938952083587
16-01-2026 11:10||NIFTY27JAN2626000CE,0.09748181729984542
16-01-2026 11:10||NIFTY27JAN2624000PE,0.19431599995949042
16-01-2026 11:15||NIFTY27JAN2625800CE,0.10183403099280634
16-01-2026 11:15||NIFTY27JAN2626200CE,0.09543076336063205
16-01-2026 11:15||NIFTY27JAN2623900PE,0.2006852510029904
16-01-2026 11:15||NIFTY27JAN2624600PE,0.15100632110053824
16-01-2026 11:20||NIFTY27JAN2625900CE,0.10029151120495555
16-01-2026 11:20||NIFTY27JAN2626000CE,0.09809153298513903
16-01-2026 11:20||NIFTY27JAN2626200CE,0.09631579198665577
16-01-2026 11:20||NIFTY27JAN2623800PE,0.20547761412378548
16-01-2026 11:20||NIFTY27JAN2624000PE,0.19163135303414394
16-01-2026 11:20||NIFTY27JAN2624100PE,0.18475143233404567
16-01-2026 11:20||NIFTY27JAN2624900PE,0.13067746984583525
16-01-2026 11:25||NIFTY27JAN2626300CE,0.09852670152501249
16-01-2026 11:25||NIFTY27JAN2624200PE,0.17799568177743344
16-01-2026 11:25||NIFTY27JAN2624800PE,0.1362121874652797
16-01-2026 11:25||NIFTY27JAN2625000PE,0.12372773996730634
16-01-2026 11:30||NIFTY27JAN2625600CE,0.10548318357641485
16-01-2026 11:30||NIFTY27JAN2626500CE,0.09891436671623297
16-01-2026 11:30||NIFTY27JAN2624300PE,0.17157609049571945
16-01-2026 11:35||NIFTY27JAN2625300CE,0.11968558297943241
16-01-2026 11:35||NIFTY27JAN2625500CE,0.11058649997821342
16-01-2026 11:35||NIFTY27JAN2626200CE,0.09623550572641874
16-01-2026 11:35||NIFTY27JAN2624500PE,0.15606013261177992
16-01-2026 11:35||NIFTY27JAN2624800PE,0.13597786287033575
16-01-2026 11:40||NIFTY27JAN2625500CE,0.11206850977447072
16-01-2026 11:40||NIFTY27JAN2626100CE,0.09618334290782309
16-01-2026 11:40||NIFTY27JAN2624400PE,0.16284426829767218
16-01-2026 11:40||NIFTY27JAN2624500PE,0.1557476807737067
16-01-2026 11:45||NIFTY27JAN2625400CE,0.1238511318539375
16-01-2026 11:45||NIFTY27JAN2624300PE,0.16942062753144976
16-01-2026 11:45||NIFTY27JAN2625000PE,0.12179296996791976
16-01-2026 11:50||NIFTY27JAN2625500CE,0.11788324506790981
16-01-2026 11:50||NIFTY27JAN2623900PE,0.1976818723466333
16-01-2026 11:50||NIFTY27JAN2624300PE,0.16919068926001896
16-01-2026 11:55||NIFTY27JAN2626200CE,0.0945471087837461
16-01-2026 11:55||NIFTY27JAN2624000PE,0.19066015620704896
16-01-2026 11:55||NIFTY27JAN2624500PE,0.15574988771314074
16-01-2026 11:55||NIFTY27JAN2624800PE,0.13529731851402207
16-01-2026 11:55||NIFTY27JAN2625000PE,0.12276784114671767
16-01-2026 11:55||NIFTY27JAN2625100PE,0.11654064107783675
16-01-2026 12:00||NIFTY27JAN2625200CE,0.15318457434762886
16-01-2026 12:00||NIFTY27JAN2626200CE,0.1016150095420079
16-01-2026 12:00||NIFTY27JAN2623900PE,0.19492412059154418
16-01-2026 12:00||NIFTY27JAN2624000PE,0.18793753512812694
16-01-2026 12:00||NIFTY27JAN2624200PE,0.17393046483466748
16-01-2026 12:00||NIFTY27JAN2624400PE,0.15964013315510237
16-01-2026 12:00||NIFTY27JAN2624800PE,0.13241183105008572
16-01-2026 12:00||NIFTY27JAN2624900PE,0.1262485642558469
16-01-2026 12:05||NIFTY27JAN2625200CE,0.14874598021362204
16-01-2026 12:05||NIFTY27JAN2625900CE,0.11183243241363035
16-01-2026 12:05||NIFTY27JAN2623800PE,0.20284809232532613
16-01-2026 12:05||NIFTY27JAN2624200PE,0.17452011359399824
16-01-2026 12:05||NIFTY27JAN2624500PE,0.15323009179533995
16-01-2026 12:05||NIFTY27JAN2624800PE,0.13270154230224104
16-01-2026 12:05||NIFTY27JAN2625000PE,0.11990775996735976
16-01-2026 12:10||NIFTY27JAN2625300CE,0.1458406916753676
16-01-2026 12:10||NIFTY27JAN2625800CE,0.11300624997809104
16-01-2026 12:10||NIFTY27JAN2626000CE,0.10622462091949388
16-01-2026 12:10||NIFTY27JAN2626100CE,0.10395797652105962
16-01-2026 12:10||NIFTY27JAN2624800PE,0.13394681448039808
16-01-2026 12:10||NIFTY27JAN2625100PE,0.11636211582732119
16-01-2026 12:15||NIFTY27JAN2625800CE,0.10478304261823855
16-01-2026 12:15||NIFTY27JAN2626000CE,0.09955684614607034
16-01-2026 12:15||NIFTY27JAN2624000PE,0.19149901037040012
16-01-2026 12:15||NIFTY27JAN2624600PE,0.14774666662994523
16-01-2026 12:15||NIFTY27JAN2624800PE,0.1351184861510498
16-01-2026 12:15||NIFTY27JAN2624900PE,0.12906144526103688
16-01-2026 12:15||NIFTY27JAN2625000PE,0.12302868115314664
16-01-2026 12:20||NIFTY27JAN2625400CE,0.12648140744520053
16-01-2026 12:20||NIFTY27JAN2625600CE,0.11496200379724542
16-01-2026 12:20||NIFTY27JAN2625700CE,0.1103520505104734
16-01-2026 12:20||NIFTY27JAN2623900PE,0.19797109828579745
16-01-2026 12:20||NIFTY27JAN2624300PE,0.16857001024575693
16-01-2026 12:20||NIFTY27JAN2624500PE,0.15430074485837797
16-01-2026 12:20||NIFTY27JAN2624900PE,0.1287527007701507
16-01-2026 12:25||NIFTY27JAN2626400CE,0.09473676137980518
16-01-2026 12:25||NIFTY27JAN2623800PE,0.20223431872938682
16-01-2026 12:25||NIFTY27JAN2624500PE,0.1554063877173057
16-01-2026 12:25||NIFTY27JAN2624700PE,0.1430804876048915
16-01-2026 12:25||NIFTY27JAN2624800PE,0.13743388239302393
16-01-2026 12:25||NIFTY27JAN2625000PE,0.12620865827824088
16-01-2026 12:25||NIFTY27JAN2625100PE,0.1206296772615874
16-01-2026 12:30||NIFTY27JAN2623800PE,0.1992940042922975
16-01-2026 12:30||NIFTY27JAN2624400PE,0.1534607069272004
16-01-2026 12:30||NIFTY27JAN2624600PE,0.13988658532890824
16-01-2026 12:35||NIFTY27JAN2625600CE,0.11151916595232192
16-01-2026 12:35||NIFTY27JAN2625700CE,0.10867944629561319
16-01-2026 12:35||NIFTY27JAN2625800CE,0.10585075470418033
16-01-2026 12:35||NIFTY27JAN2625900CE,0.10303300585418043
16-01-2026 12:35||NIFTY27JAN2626000CE,0.1002261154081783
16-01-2026 12:35||NIFTY27JAN2626200CE,0.09820647901122462
16-01-2026 12:35||NIFTY27JAN2623800PE,0.202773503844313
16-01-2026 12:35||NIFTY27JAN2623900PE,0.19446440511019855
16-01-2026 12:35||NIFTY27JAN2624800PE,0.13042840722664967
16-01-2026 12:40||NIFTY27JAN2625200CE,0.12044029705656768
16-01-2026 12:40||NIFTY27JAN2625900CE,0.09910733590071677
16-01-2026 12:40||NIFTY27JAN2623800PE,0.20185392043461028
16-01-2026 12:45||NIFTY27JAN2625700CE,0.1040107490165105
16-01-2026 12:45||NIFTY27JAN2625900CE,0.10042125184437327
16-01-2026 12:45||NIFTY27JAN2626000CE,0.09901793240415696
16-01-2026 12:45||NIFTY27JAN2626300CE,0.09961858365882513
16-01-2026 12:45||NIFTY27JAN2624000PE,0.1840488853700384
16-01-2026 12:45||NIFTY27JAN2624800PE,0.13030846771068447
16-01-2026 12:50||NIFTY27JAN2626000CE,0.10356110575962961
16-01-2026 12:50||NIFTY27JAN2626200CE,0.10206099236882167
16-01-2026 12:50||NIFTY27JAN2624300PE,0.16191471189100526
16-01-2026 12:55||NIFTY27JAN2625500CE,0.1051178333149642
16-01-2026 12:55||NIFTY27JAN2625800CE,0.09856697673661625
16-01-2026 12:55||NIFTY27JAN2623900PE,0.192584079451455
16-01-2026 12:55||NIFTY27JAN2624700PE,0.13698771251703962
16-01-2026 12:55||NIFTY27JAN2624900PE,0.12555422687867085
16-01-2026 13:00||NIFTY27JAN2625400CE,0.1107615944664746
16-01-2026 13:00||NIFTY27JAN2625900CE,0.09877006643342234
16-01-2026 13:00||NIFTY27JAN2626000CE,0.09792340814882626
16-01-2026 13:00||NIFTY27JAN2623800PE,0.19808939211948323
16-01-2026 13:00||NIFTY27JAN2624700PE,0.1351691120061306
16-01-2026 13:00||NIFTY27JAN2624800PE,0.12918251049461088
16-01-2026 13:05||NIFTY27JAN2625300CE,0.12893874501696362
16-01-2026 13:05||NIFTY27JAN2624100PE,0.17482886924831736
16-01-2026 13:05||NIFTY27JAN2625000PE,0.11540013997370654
16-01-2026 13:10||NIFTY27JAN2625200CE,0.13072815848930602
16-01-2026 13:15||NIFTY27JAN2625800CE,0.10194092053242121
16-01-2026 13:15||NIFTY27JAN2626100CE,0.09982313977536908
16-01-2026 13:15||NIFTY27JAN2626200CE,0.10064313178100413
16-01-2026 13:15||NIFTY27JAN2623800PE,0.1960122852097032
16-01-2026 13:15||NIFTY27JAN2624100PE,0.1731947094996913
16-01-2026 13:15||NIFTY27JAN2624600PE,0.13784130428348237
16-01-2026 13:15||NIFTY27JAN2624700PE,0.13159803945112783
16-01-2026 13:20||NIFTY27JAN2625600CE,0.10532412107879902
16-01-2026 13:20||NIFTY27JAN2626100CE,0.0989005172426448
16-01-2026 13:20||NIFTY27JAN2624300PE,0.15733553493859592
16-01-2026 13:20||NIFTY27JAN2624700PE,0.1313281578623858
16-01-2026 13:20||NIFTY27JAN2625100PE,0.11151664675088976
16-01-2026 13:25||NIFTY27JAN2625200CE,0.1390326886048794
16-01-2026 13:25||NIFTY27JAN2625300CE,0.13375092659882684
16-01-2026 13:25||NIFTY27JAN2625500CE,0.12324974507175458
16-01-2026 13:25||NIFTY27JAN2625800CE,0.11063880812403125
16-01-2026 13:25||NIFTY27JAN2626400CE,0.10773373812535768
16-01-2026 13:25||NIFTY27JAN2626500CE,0.10937126172501144
16-01-2026 13:25||NIFTY27JAN2623900PE,0.18416944556130985
16-01-2026 13:25||NIFTY27JAN2624300PE,0.1544687295401562
16-01-2026 13:25||NIFTY27JAN2624400PE,0.14767547259026556
16-01-2026 13:30||NIFTY27JAN2625200CE,0.12559548518891522
16-01-2026 13:30||NIFTY27JAN2624000PE,0.17823813536786828
16-01-2026 13:30||NIFTY27JAN2624200PE,0.1634862396302607
16-01-2026 13:30||NIFTY27JAN2624400PE,0.15002606553476178
16-01-2026 13:30||NIFTY27JAN2624900PE,0.12092654613952276
16-01-2026 13:30||NIFTY27JAN2625000PE,0.11591326649693746
16-01-2026 13:35||NIFTY27JAN2625500CE,0.11812225488210905
16-01-2026 13:35||NIFTY27JAN2626100CE,0.10263952107162516
16-01-2026 13:35||NIFTY27JAN2626400CE,0.10786118372690866
16-01-2026 13:35||NIFTY27JAN2624400PE,0.1488256198423083
16-01-2026 13:35||NIFTY27JAN2624500PE,0.14205902863815142
16-01-2026 13:35||NIFTY27JAN2624900PE,0.11917478912917824
16-01-2026 13:40||NIFTY27JAN2625200CE,0.12657558384709447
16-01-2026 13:40||NIFTY27JAN2625300CE,0.12015512827017119
16-01-2026 13:40||NIFTY27JAN2625900CE,0.100712795261654
16-01-2026 13:40||NIFTY27JAN2626000CE,0.09970947186140439
16-01-2026 13:40||NIFTY27JAN2626200CE,0.10053347329087593
16-01-2026 13:40||NIFTY27JAN2626500CE,0.1074403591452309
16-01-2026 13:40||NIFTY27JAN2623900PE,0.18651875518272654
16-01-2026 13:40||NIFTY27JAN2624500PE,0.1439170611885635
16-01-2026 13:40||NIFTY27JAN2624700PE,0.13184840077802923
16-01-2026 13:45||NIFTY27JAN2623900PE,0.18641374472244499
16-01-2026 13:45||NIFTY27JAN2624100PE,0.17053317422557618
16-01-2026 13:45||NIFTY27JAN2624500PE,0.14307205098445358
16-01-2026 13:50||NIFTY27JAN2625900CE,0.095583346195144
16-01-2026 13:50||NIFTY27JAN2626000CE,0.09558667949547706
16-01-2026 13:50||NIFTY27JAN2624700PE,0.13407413964644457
16-01-2026 13:55||NIFTY27JAN2625700CE,0.10339610893959768
16-01-2026 13:55||NIFTY27JAN2626100CE,0.10023080459966971
16-01-2026 13:55||NIFTY27JAN2623900PE,0.18636024054270894
16-01-2026 13:55||NIFTY27JAN2624200PE,0.16329910970518996
16-01-2026 13:55||NIFTY27JAN2624300PE,0.15662585202615592
16-01-2026 13:55||NIFTY27JAN2625000PE,0.11560047997461322
16-01-2026 14:00||NIFTY27JAN2626000CE,0.09905936538305074
16-01-2026 14:00||NIFTY27JAN2624500PE,0.14289152037073516
16-01-2026 14:00||NIFTY27JAN2624900PE,0.12027008053720352
16-01-2026 14:00||NIFTY27JAN2625000PE,0.11532008064473119
16-01-2026 14:00||NIFTY27JAN2625100PE,0.11038984128346149
16-01-2026 14:05||NIFTY27JAN2625500CE,0.10323881370963389
16-01-2026 14:05||NIFTY27JAN2625800CE,0.09792336239900044
16-01-2026 14:05||NIFTY27JAN2626100CE,0.09824681034925682
16-01-2026 14:05||NIFTY27JAN2624100PE,0.17178837132157743
16-01-2026 14:10||NIFTY27JAN2625500CE,0.1094528039031241
16-01-2026 14:10||NIFTY27JAN2626400CE,0.10584005690208295
16-01-2026 14:10||NIFTY27JAN2626500CE,0.10844024589062407
16-01-2026 14:10||NIFTY27JAN2624500PE,0.14418624485976608
16-01-2026 14:10||NIFTY27JAN2625100PE,0.11118772459806968
16-01-2026 14:15||NIFTY27JAN2625500CE,0.11258561762301059
16-01-2026 14:15||NIFTY27JAN2624300PE,0.1569357201243037
16-01-2026 14:15||NIFTY27JAN2624600PE,0.13640210362301858
16-01-2026 14:15||NIFTY27JAN2624900PE,0.11958937748148532
16-01-2026 14:20||NIFTY27JAN2626000CE,0.09981389422804295
16-01-2026 14:20||NIFTY27JAN2626300CE,0.10328505704640584
16-01-2026 14:20||NIFTY27JAN2624200PE,0.16453011359399847
16-01-2026 14:20||NIFTY27JAN2624800PE,0.12517874996951403
16-01-2026 14:20||NIFTY27JAN2625100PE,0.11086748507647415
16-01-2026 14:25||NIFTY27JAN2625500CE,0.09993990196053303
16-01-2026 14:25||NIFTY27JAN2626500CE,0.10690816632336203
16-01-2026 14:25||NIFTY27JAN2623900PE,0.1894665480779048
16-01-2026 14:25||NIFTY27JAN2624900PE,0.122649277079609
16-01-2026 14:25||NIFTY27JAN2625100PE,0.11201199753621022
16-01-2026 14:30||NIFTY27JAN2626300CE,0.10366995248341616
16-01-2026 14:30||NIFTY27JAN2623800PE,0.19317670867348158
16-01-2026 14:30||NIFTY27JAN2624300PE,0.15743512341480043
16-01-2026 14:35||NIFTY27JAN2625300CE,0.10325378460785377
16-01-2026 14:35||NIFTY27JAN2625900CE,0.09661373551809381
16-01-2026 14:35||NIFTY27JAN2626100CE,0.0977301021472931
16-01-2026 14:35||NIFTY27JAN2626200CE,0.09949343524498849
16-01-2026 14:35||NIFTY27JAN2626300CE,0.10125005086698506
16-01-2026 14:35||NIFTY27JAN2626500CE,0.10474333305244848
16-01-2026 14:35||NIFTY27JAN2623800PE,0.19563821811185744
16-01-2026 14:35||NIFTY27JAN2624800PE,0.12701852983407266
16-01-2026 14:35||NIFTY27JAN2624900PE,0.12179815216046347
16-01-2026 14:35||NIFTY27JAN2625000PE,0.11659869790039606
16-01-2026 14:40||NIFTY27JAN2625800CE,0.10032142440965179
16-01-2026 14:40||NIFTY27JAN2626500CE,0.107317674828805
16-01-2026 14:40||NIFTY27JAN2624200PE,0.16511009293278242
16-01-2026 14:40||NIFTY27JAN2624600PE,0.13786707313512966
16-01-2026 14:40||NIFTY27JAN2624900PE,0.120789277079609
16-01-2026 14:45||NIFTY27JAN2625300CE,0.11046991105394298
16-01-2026 14:45||NIFTY27JAN2625600CE,0.10150572264537211
16-01-2026 14:45||NIFTY27JAN2626300CE,0.10092276764598444
16-01-2026 14:45||NIFTY27JAN2626400CE,0.1042827353839708
16-01-2026 14:45||NIFTY27JAN2623900PE,0.18779350391092495
16-01-2026 14:45||NIFTY27JAN2624000PE,0.17995985341263954
16-01-2026 14:45||NIFTY27JAN2624100PE,0.17215877535975166
16-01-2026 14:45||NIFTY27JAN2625000PE,0.11602482997287987
16-01-2026 14:50||NIFTY27JAN2623900PE,0.18735932003793104
16-01-2026 14:50||NIFTY27JAN2624100PE,0.1724340049565474
16-01-2026 14:50||NIFTY27JAN2624200PE,0.1650188422789999
16-01-2026 14:50||NIFTY27JAN2624300PE,0.15763425767871814
16-01-2026 14:50||NIFTY27JAN2624700PE,0.13150880563743486
16-01-2026 14:50||NIFTY27JAN2625100PE,0.11136788427913338
16-01-2026 14:55||NIFTY27JAN2625200CE,0.12221817432012626
16-01-2026 14:55||NIFTY27JAN2625300CE,0.11812601582054878
16-01-2026 14:55||NIFTY27JAN2625600CE,0.10706045657532633
16-01-2026 14:55||NIFTY27JAN2625700CE,0.10414233440157045
16-01-2026 14:55||NIFTY27JAN2625800CE,0.10123554476965162
16-01-2026 14:55||NIFTY27JAN2624200PE,0.16364497929609548
16-01-2026 14:55||NIFTY27JAN2624900PE,0.12090454816467507
16-01-2026 15:00||NIFTY27JAN2625500CE,0.10131680391337662
16-01-2026 15:00||NIFTY27JAN2624000PE,0.1797376353664214
16-01-2026 15:00||NIFTY27JAN2624800PE,0.12744311829658148
16-01-2026 15:00||NIFTY27JAN2624900PE,0.12242650578964274
16-01-2026 15:05||NIFTY27JAN2626200CE,0.09832370229906545
16-01-2026 15:05||NIFTY27JAN2623900PE,0.1869298430520095
16-01-2026 15:05||NIFTY27JAN2624100PE,0.171891087091863
16-01-2026 15:05||NIFTY27JAN2624200PE,0.1641145093194195
16-01-2026 15:05||NIFTY27JAN2624600PE,0.13735819102438748
16-01-2026 15:05||NIFTY27JAN2624900PE,0.12163995981236791
16-01-2026 15:10||NIFTY27JAN2625600CE,0.10083077147362125
16-01-2026 15:10||NIFTY27JAN2623900PE,0.1861695292435625
16-01-2026 15:10||NIFTY27JAN2624700PE,0.13168525048203525
16-01-2026 15:10||NIFTY27JAN2624800PE,0.12639197475804131
16-01-2026 15:10||NIFTY27JAN2625100PE,0.11165892220604748
16-01-2026 15:15||NIFTY27JAN2625300CE,0.1199484387050745
16-01-2026 15:15||NIFTY27JAN2625500CE,0.11025245096104305
16-01-2026 15:15||NIFTY27JAN2626000CE,0.09953684603989277
16-01-2026 15:15||NIFTY27JAN2626100CE,0.09958351224809583
16-01-2026 15:15||NIFTY27JAN2626300CE,0.1022399524834163
16-01-2026 15:15||NIFTY27JAN2623800PE,0.1939408596290148
16-01-2026 15:15||NIFTY27JAN2624200PE,0.16276029954494067
16-01-2026 15:15||NIFTY27JAN2624400PE,0.1493676676372115
16-01-2026 15:15||NIFTY27JAN2624500PE,0.14310107085700735
16-01-2026 15:15||NIFTY27JAN2624700PE,0.13133774766710218
16-01-2026 15:15||NIFTY27JAN2624800PE,0.12583780752567258
16-01-2026 15:15||NIFTY27JAN2625000PE,0.11516963997237305
16-01-2026 15:20||NIFTY27JAN2625500CE,0.10886264703997695
16-01-2026 15:20||NIFTY27JAN2625900CE,0.09922749034125496
16-01-2026 15:20||NIFTY27JAN2626100CE,0.09869646552082696
16-01-2026 15:20||NIFTY27JAN2626400CE,0.10465013280359406
16-01-2026 15:20||NIFTY27JAN2626500CE,0.10723047302123027
16-01-2026 15:20||NIFTY27JAN2623900PE,0.18686667573205257
16-01-2026 15:20||NIFTY27JAN2624000PE,0.17889676836419433
16-01-2026 15:20||NIFTY27JAN2624200PE,0.16390545450405936
16-01-2026 15:20||NIFTY27JAN2624400PE,0.15024142414232305
16-01-2026 15:20||NIFTY27JAN2624600PE,0.13733723573720358
16-01-2026 15:20||NIFTY27JAN2624800PE,0.12563907255103327
16-01-2026 15:25||NIFTY27JAN2626400CE,0.1032185388718666
16-01-2026 15:25||NIFTY27JAN2626500CE,0.1062157032785056
19-01-2026 09:15||NIFTY27JAN2625400CE,0.13057524797875233
19-01-2026 09:15||NIFTY27JAN2625500CE,0.12597862862516432
19-01-2026 09:15||NIFTY27JAN2625900CE,0.1182904440165472
19-01-2026 09:15||NIFTY27JAN2626300CE,0.12731428551147267
19-01-2026 09:15||NIFTY27JAN2626400CE,0.13195090765784057
19-01-2026 09:15||NIFTY27JAN2624700PE,0.13617724692872318
19-01-2026 09:15||NIFTY27JAN2624900PE,0.12428376503003978
19-01-2026 09:20||NIFTY27JAN2625700CE,0.09923363814147618
19-01-2026 09:20||NIFTY27JAN2626100CE,0.10934217434705505
19-01-2026 09:20||NIFTY27JAN2626400CE,0.12297098487475351
19-01-2026 09:20||NIFTY27JAN2624600PE,0.14724619914898288
19-01-2026 09:25||NIFTY27JAN2625500CE,0.10296480583485666
19-01-2026 09:25||NIFTY27JAN2625600CE,0.10335806643744398
19-01-2026 09:25||NIFTY27JAN2625700CE,0.10374979385640261
19-01-2026 09:25||NIFTY27JAN2626100CE,0.1122884323343969
19-01-2026 09:25||NIFTY27JAN2626200CE,0.11623172722328401
19-01-2026 09:25||NIFTY27JAN2626400CE,0.12614631631493986
19-01-2026 09:25||NIFTY27JAN2624500PE,0.15247815301444656
19-01-2026 09:30||NIFTY27JAN2625400CE,0.12923550194396713
19-01-2026 09:30||NIFTY27JAN2625800CE,0.1159380232508644
19-01-2026 09:30||NIFTY27JAN2626500CE,0.13687105855592452
19-01-2026 09:30||NIFTY27JAN2623800PE,0.20689468260041802
19-01-2026 09:30||NIFTY27JAN2624000PE,0.19101853120234685
19-01-2026 09:30||NIFTY27JAN2624200PE,0.17489685116749903
19-01-2026 09:30||NIFTY27JAN2624300PE,0.16669765356062696
19-01-2026 09:30||NIFTY27JAN2624400PE,0.1585321283180337
19-01-2026 09:30||NIFTY27JAN2624800PE,0.12793701609384764
19-01-2026 09:35||NIFTY27JAN2625500CE,0.09997581538601577
19-01-2026 09:35||NIFTY27JAN2625600CE,0.10060914225143462
19-01-2026 09:35||NIFTY27JAN2626200CE,0.11410361643313427
19-01-2026 09:35||NIFTY27JAN2624500PE,0.15555242852263887
19-01-2026 09:35||NIFTY27JAN2624800PE,0.13407337698463223
19-01-2026 09:40||NIFTY27JAN2625700CE,0.10985388132013434
19-01-2026 09:40||NIFTY27JAN2626200CE,0.11904716475048165
19-01-2026 09:40||NIFTY27JAN2626300CE,0.12354712121259297
19-01-2026 09:40||NIFTY27JAN2626500CE,0.13249593024492226
19-01-2026 09:40||NIFTY27JAN2624100PE,0.18417140727447162
19-01-2026 09:40||NIFTY27JAN2624200PE,0.17566817114180855
19-01-2026 09:40||NIFTY27JAN2624400PE,0.1590402108595482
19-01-2026 09:40||NIFTY27JAN2624500PE,0.15091379518304995
19-01-2026 09:40||NIFTY27JAN2624600PE,0.1428204810877928
19-01-2026 09:40||NIFTY27JAN2624900PE,0.12373969876748962
19-01-2026 09:45||NIFTY27JAN2626200CE,0.11695287215651803
19-01-2026 09:45||NIFTY27JAN2623900PE,0.2006955049924006
19-01-2026 09:45||NIFTY27JAN2624000PE,0.19244560087887108
19-01-2026 09:50||NIFTY27JAN2625300CE,0.1000838537649752
19-01-2026 09:50||NIFTY27JAN2625900CE,0.10547931468253474
19-01-2026 09:50||NIFTY27JAN2626200CE,0.11541885498333206
19-01-2026 09:50||NIFTY27JAN2623900PE,0.20128437233933888
19-01-2026 09:50||NIFTY27JAN2624700PE,0.1379219328614941
19-01-2026 09:50||NIFTY27JAN2624800PE,0.13180866606186886
19-01-2026 09:55||NIFTY27JAN2625400CE,0.10121711614719905
19-01-2026 09:55||NIFTY27JAN2625700CE,0.10280611867986565
19-01-2026 09:55||NIFTY27JAN2626400CE,0.127066657224846
19-01-2026 09:55||NIFTY27JAN2624700PE,0.13797268215258437
19-01-2026 10:00||NIFTY27JAN2625700CE,0.10593015564241609
19-01-2026 10:00||NIFTY27JAN2625900CE,0.10862503862255735
19-01-2026 10:00||NIFTY27JAN2624400PE,0.15775798150973466
19-01-2026 10:00||NIFTY27JAN2625000PE,0.11957095997589309
19-01-2026 10:05||NIFTY27JAN2625200CE,0.12572651489457198
19-01-2026 10:05||NIFTY27JAN2625500CE,0.1148801274384914
19-01-2026 10:05||NIFTY27JAN2626100CE,0.1185685089142838
19-01-2026 10:05||NIFTY27JAN2626200CE,0.12253180360818672
19-01-2026 10:05||NIFTY27JAN2624500PE,0.14803312240211666
19-01-2026 10:05||NIFTY27JAN2624800PE,0.12703317537118267
19-01-2026 10:10||NIFTY27JAN2623800PE,0.20879580723257973
19-01-2026 10:10||NIFTY27JAN2624200PE,0.1744778615214736
19-01-2026 10:10||NIFTY27JAN2624400PE,0.15799321716613232
19-01-2026 10:10||NIFTY27JAN2625100PE,0.11615636730902819
19-01-2026 10:15||NIFTY27JAN2625500CE,0.10962739215017847
19-01-2026 10:15||NIFTY27JAN2625700CE,0.10789922178791952
19-01-2026 10:15||NIFTY27JAN2626200CE,0.11994879773128453
19-01-2026 10:15||NIFTY27JAN2626500CE,0.13616799616676234
19-01-2026 10:15||NIFTY27JAN2624200PE,0.17443794416633676
19-01-2026 10:15||NIFTY27JAN2624400PE,0.15762245896728835
19-01-2026 10:15||NIFTY27JAN2624700PE,0.13538625069197988
19-01-2026 10:15||NIFTY27JAN2624800PE,0.1295163145773997
19-01-2026 10:15||NIFTY27JAN2625100PE,0.11566600802663501
19-01-2026 10:20||NIFTY27JAN2625500CE,0.10744750979753885
19-01-2026 10:20||NIFTY27JAN2626300CE,0.12335990496683262
19-01-2026 10:20||NIFTY27JAN2623900PE,0.2009590689911734
19-01-2026 10:20||NIFTY27JAN2624100PE,0.184912510323256
19-01-2026 10:25||NIFTY27JAN2625400CE,0.10220562008034204
19-01-2026 10:25||NIFTY27JAN2626100CE,0.11449248086121472
19-01-2026 10:25||NIFTY27JAN2626400CE,0.1286305312624757
19-01-2026 10:25||NIFTY27JAN2626500CE,0.13372174099958103
19-01-2026 10:30||NIFTY27JAN2626200CE,0.12052902673947415
19-01-2026 10:30||NIFTY27JAN2623800PE,0.20871877952569814
19-01-2026 10:30||NIFTY27JAN2623900PE,0.19998615876872836
19-01-2026 10:30||NIFTY27JAN2624600PE,0.1436708551213946
19-01-2026 10:30||NIFTY27JAN2624700PE,0.13808446545696973
19-01-2026 10:30||NIFTY27JAN2624800PE,0.1325206471254532
19-01-2026 10:30||NIFTY27JAN2624900PE,0.12697921846547955
19-01-2026 10:35||NIFTY27JAN2625200CE,0.10926320792916147
19-01-2026 10:35||NIFTY27JAN2626300CE,0.12542996200119041
19-01-2026 10:35||NIFTY27JAN2623800PE,0.2048178407522637
19-01-2026 10:35||NIFTY27JAN2624700PE,0.13695525048203536
19-01-2026 10:35||NIFTY27JAN2624800PE,0.13166197475804137
19-01-2026 10:35||NIFTY27JAN2625000PE,0.12217157997754656
19-01-2026 10:40||NIFTY27JAN2625400CE,0.11797896651984648
19-01-2026 10:40||NIFTY27JAN2625700CE,0.1123486575841612
19-01-2026 10:40||NIFTY27JAN2623800PE,0.2050686923976544
19-01-2026 10:40||NIFTY27JAN2623900PE,0.19704906946605963
19-01-2026 10:40||NIFTY27JAN2624000PE,0.1890629314876273
19-01-2026 10:40||NIFTY27JAN2624700PE,0.13477840077802933
19-01-2026 10:45||NIFTY27JAN2625600CE,0.10707358398077388
19-01-2026 10:45||NIFTY27JAN2626200CE,0.1193635019290396
19-01-2026 10:45||NIFTY27JAN2624000PE,0.19182249994936312
19-01-2026 10:45||NIFTY27JAN2624700PE,0.13787919025387027
19-01-2026 10:50||NIFTY27JAN2625200CE,0.1225352871685965
19-01-2026 10:50||NIFTY27JAN2626200CE,0.1209685496390791
19-01-2026 10:50||NIFTY27JAN2625100PE,0.11560736531567639
19-01-2026 10:55||NIFTY27JAN2625400CE,0.12236430154500831
19-01-2026 10:55||NIFTY27JAN2625500CE,0.11837434261372128
19-01-2026 10:55||NIFTY27JAN2625900CE,0.11271744698837975
19-01-2026 10:55||NIFTY27JAN2626000CE,0.1146474278812188
19-01-2026 10:55||NIFTY27JAN2624100PE,0.18344714788105326
19-01-2026 10:55||NIFTY27JAN2624200PE,0.17472058096795554
19-01-2026 10:55||NIFTY27JAN2624500PE,0.14923784689114772
19-01-2026 11:00||NIFTY27JAN2625400CE,0.11648943896201183
19-01-2026 11:00||NIFTY27JAN2625600CE,0.11256607762795556
19-01-2026 11:00||NIFTY27JAN2625700CE,0.11146645905775919
19-01-2026 11:00||NIFTY27JAN2625800CE,0.11037111086169707
19-01-2026 11:00||NIFTY27JAN2626300CE,0.12331914450872619
19-01-2026 11:00||NIFTY27JAN2626500CE,0.1329027047655645
19-01-2026 11:00||NIFTY27JAN2623900PE,0.20284708153767558
19-01-2026 11:00||NIFTY27JAN2624400PE,0.15999233601612448
19-01-2026 11:05||NIFTY27JAN2625600CE,0.10210418945106366
19-01-2026 11:05||NIFTY27JAN2626100CE,0.11057750959691731
19-01-2026 11:05||NIFTY27JAN2623800PE,0.21291078930908264
19-01-2026 11:05||NIFTY27JAN2623900PE,0.20401682682912037
19-01-2026 11:05||NIFTY27JAN2624200PE,0.1785238842516568
19-01-2026 11:05||NIFTY27JAN2624500PE,0.1549790101596837
19-01-2026 11:05||NIFTY27JAN2625000PE,0.12533584997559982
19-01-2026 11:10||NIFTY27JAN2625800CE,0.1056464244221712
19-01-2026 11:10||NIFTY27JAN2624300PE,0.16837273657678778
19-01-2026 11:15||NIFTY27JAN2624400PE,0.1608135571863463
19-01-2026 11:15||NIFTY27JAN2624500PE,0.1538855661610279
19-01-2026 11:15||NIFTY27JAN2624600PE,0.14698579513661678
19-01-2026 11:15||NIFTY27JAN2624700PE,0.14011401514664226
19-01-2026 11:15||NIFTY27JAN2624900PE,0.12826997989274333
19-01-2026 11:15||NIFTY27JAN2625100PE,0.11832990031941762
19-01-2026 11:20||NIFTY27JAN2625400CE,0.11668087988616921
19-01-2026 11:20||NIFTY27JAN2625500CE,0.11474937912445406
19-01-2026 11:20||NIFTY27JAN2625600CE,0.11282543807194721
19-01-2026 11:20||NIFTY27JAN2625700CE,0.11090899778332278
19-01-2026 11:20||NIFTY27JAN2626200CE,0.12091891936941986
19-01-2026 11:20||NIFTY27JAN2626300CE,0.12587887138099127
19-01-2026 11:20||NIFTY27JAN2626500CE,0.13574244755884746
19-01-2026 11:20||NIFTY27JAN2623800PE,0.20470767303688847
19-01-2026 11:20||NIFTY27JAN2624200PE,0.17406345240690485
19-01-2026 11:20||NIFTY27JAN2624300PE,0.16602021025929772
19-01-2026 11:20||NIFTY27JAN2624500PE,0.15007884689392426
19-01-2026 11:20||NIFTY27JAN2624900PE,0.12531476904880298
19-01-2026 11:25||NIFTY27JAN2625300CE,0.11858500102655692
19-01-2026 11:25||NIFTY27JAN2625400CE,0.11563169833192471
19-01-2026 11:25||NIFTY27JAN2624900PE,0.12563482928992883
19-01-2026 11:30||NIFTY27JAN2625500CE,0.11230075489108006
19-01-2026 11:30||NIFTY27JAN2625700CE,0.10927832684402701
19-01-2026 11:30||NIFTY27JAN2626500CE,0.13530030241045218
19-01-2026 11:30||NIFTY27JAN2624100PE,0.1838524273354661
19-01-2026 11:30||NIFTY27JAN2624600PE,0.1435359552458721
19-01-2026 11:30||NIFTY27JAN2624900PE,0.12576909017026214
19-01-2026 11:30||NIFTY27JAN2625000PE,0.12055914596722962
19-01-2026 11:35||NIFTY27JAN2625800CE,0.11063953488255635
19-01-2026 11:35||NIFTY27JAN2626000CE,0.1131452692437606
19-01-2026 11:35||NIFTY27JAN2626200CE,0.11860427286930113
19-01-2026 11:35||NIFTY27JAN2626300CE,0.12131816753109291
19-01-2026 11:35||NIFTY27JAN2626400CE,0.12402176275763327
19-01-2026 11:35||NIFTY27JAN2626500CE,0.1267151364277291
19-01-2026 11:35||NIFTY27JAN2623900PE,0.1992944351010283
19-01-2026 11:35||NIFTY27JAN2624600PE,0.14270061987909471
19-01-2026 11:40||NIFTY27JAN2623800PE,0.20794922440410793
19-01-2026 11:40||NIFTY27JAN2624100PE,0.1853644227065818
19-01-2026 11:40||NIFTY27JAN2624200PE,0.17678452078362014
19-01-2026 11:40||NIFTY27JAN2624400PE,0.15990935358990394
19-01-2026 11:40||NIFTY27JAN2624500PE,0.1516127794484528
19-01-2026 11:40||NIFTY27JAN2625100PE,0.115858523003388
19-01-2026 11:45||NIFTY27JAN2625400CE,0.11406906494529756
19-01-2026 11:45||NIFTY27JAN2624300PE,0.1687680966601089
19-01-2026 11:50||NIFTY27JAN2625200CE,0.11366003960406372
19-01-2026 11:50||NIFTY27JAN2626300CE,0.12273430610607389
19-01-2026 11:50||NIFTY27JAN2624600PE,0.14520051825279867
19-01-2026 11:55||NIFTY27JAN2625900CE,0.10570999035988925
19-01-2026 11:55||NIFTY27JAN2626200CE,0.11674937025175856
19-01-2026 11:55||NIFTY27JAN2623800PE,0.2066368763888566
19-01-2026 11:55||NIFTY27JAN2624300PE,0.16910787032202124
19-01-2026 11:55||NIFTY27JAN2624500PE,0.1538326591404668
19-01-2026 11:55||NIFTY27JAN2624600PE,0.14689369856674211
19-01-2026 11:55||NIFTY27JAN2624700PE,0.1399828880118637
19-01-2026 12:00||NIFTY27JAN2626100CE,0.11424804599669713
19-01-2026 12:00||NIFTY27JAN2626500CE,0.13444928161406483
19-01-2026 12:00||NIFTY27JAN2624200PE,0.17561768532861183
19-01-2026 12:00||NIFTY27JAN2624300PE,0.1677877926654738
19-01-2026 12:00||NIFTY27JAN2624400PE,0.15999005570959643
19-01-2026 12:00||NIFTY27JAN2624500PE,0.15222421142750475
19-01-2026 12:00||NIFTY27JAN2624700PE,0.13837264166664384
19-01-2026 12:00||NIFTY27JAN2625000PE,0.12199055997482654
19-01-2026 12:05||NIFTY27JAN2625200CE,0.11262823132539934
19-01-2026 12:05||NIFTY27JAN2625400CE,0.1088392567860733
19-01-2026 12:05||NIFTY27JAN2625500CE,0.10695594283772138
19-01-2026 12:05||NIFTY27JAN2625700CE,0.1053304863825503
19-01-2026 12:05||NIFTY27JAN2626100CE,0.11545696244498173
19-01-2026 12:05||NIFTY27JAN2626200CE,0.11988691925591255
19-01-2026 12:05||NIFTY27JAN2626400CE,0.1286963327692962
19-01-2026 12:05||NIFTY27JAN2626500CE,0.13307604420300576
19-01-2026 12:05||NIFTY27JAN2623900PE,0.2002441840542707
19-01-2026 12:05||NIFTY27JAN2624400PE,0.16084392925214547
19-01-2026 12:05||NIFTY27JAN2624500PE,0.15285068506122515
19-01-2026 12:10||NIFTY27JAN2625600CE,0.11026090819271896
19-01-2026 12:10||NIFTY27JAN2626400CE,0.13069614585998712
19-01-2026 12:10||NIFTY27JAN2623900PE,0.2005349371945435
19-01-2026 12:15||NIFTY27JAN2623900PE,0.20015456062440717
19-01-2026 12:15||NIFTY27JAN2624100PE,0.18477340244199858
19-01-2026 12:15||NIFTY27JAN2624300PE,0.16830758225536466
19-01-2026 12:20||NIFTY27JAN2625300CE,0.10837368574129078
19-01-2026 12:20||NIFTY27JAN2626200CE,0.1158796565119956
19-01-2026 12:20||NIFTY27JAN2623800PE,0.20886922440410816
19-01-2026 12:20||NIFTY27JAN2624400PE,0.1620422950324032
19-01-2026 12:20||NIFTY27JAN2625100PE,0.11806832340205851
19-01-2026 12:25||NIFTY27JAN2625700CE,0.1054791828773155
19-01-2026 12:25||NIFTY27JAN2626500CE,0.1341289791558757
19-01-2026 12:25||NIFTY27JAN2623800PE,0.20777960176370172
19-01-2026 12:30||NIFTY27JAN2625400CE,0.10926951770237278
19-01-2026 12:30||NIFTY27JAN2626500CE,0.13460848766131916
19-01-2026 12:30||NIFTY27JAN2623900PE,0.200884560624407
19-01-2026 12:30||NIFTY27JAN2624300PE,0.1688329423386854
19-01-2026 12:30||NIFTY27JAN2624500PE,0.15244847954596547
19-01-2026 12:30||NIFTY27JAN2625000PE,0.12070009997359987
19-01-2026 12:35||NIFTY27JAN2625300CE,0.1106099505797376
19-01-2026 12:35||NIFTY27JAN2624100PE,0.18501649597542888
19-01-2026 12:35||NIFTY27JAN2624200PE,0.1769365883370224
19-01-2026 12:35||NIFTY27JAN2624400PE,0.1603926229021734
19-01-2026 12:35||NIFTY27JAN2624700PE,0.13845237850803
19-01-2026 12:35||NIFTY27JAN2625000PE,0.12150576997538641
19-01-2026 12:40||NIFTY27JAN2625700CE,0.1096896500303501
19-01-2026 12:40||NIFTY27JAN2625800CE,0.1095996509352524
19-01-2026 12:40||NIFTY27JAN2626400CE,0.13162622161774404
19-01-2026 12:40||NIFTY27JAN2623800PE,0.2073828302846722
19-01-2026 12:45||NIFTY27JAN2626000CE,0.11040187495376576
19-01-2026 12:45||NIFTY27JAN2626100CE,0.11435850274926807
19-01-2026 12:45||NIFTY27JAN2626400CE,0.12940147730017348
19-01-2026 12:50||NIFTY27JAN2625900CE,0.11077345560704124
19-01-2026 12:50||NIFTY27JAN2626500CE,0.1351107560977354
19-01-2026 12:50||NIFTY27JAN2623800PE,0.20682081770017147
19-01-2026 12:50||NIFTY27JAN2624200PE,0.17512351234977194
19-01-2026 12:55||NIFTY27JAN2625700CE,0.10568403696255042
19-01-2026 12:55||NIFTY27JAN2626000CE,0.10936609616887623
19-01-2026 12:55||NIFTY27JAN2623900PE,0.2027447489094752
19-01-2026 12:55||NIFTY27JAN2624100PE,0.1873381638521023
19-01-2026 12:55||NIFTY27JAN2624300PE,0.17070772539204776
19-01-2026 12:55||NIFTY27JAN2624400PE,0.1622104910249219
19-01-2026 12:55||NIFTY27JAN2624500PE,0.15374801026968146
19-01-2026 12:55||NIFTY27JAN2624700PE,0.1386865991536742
19-01-2026 12:55||NIFTY27JAN2625100PE,0.11722820364126063
19-01-2026 13:00||NIFTY27JAN2625400CE,0.10946574802051168
19-01-2026 13:00||NIFTY27JAN2625600CE,0.10581708983634909
19-01-2026 13:00||NIFTY27JAN2625900CE,0.10667941120787108
19-01-2026 13:00||NIFTY27JAN2626200CE,0.11683422712163993
19-01-2026 13:00||NIFTY27JAN2626500CE,0.1322599243377161
19-01-2026 13:00||NIFTY27JAN2623900PE,0.2043834957098643
19-01-2026 13:00||NIFTY27JAN2624000PE,0.19645025458251056
19-01-2026 13:00||NIFTY27JAN2624400PE,0.16331131142309216
19-01-2026 13:00||NIFTY27JAN2624700PE,0.1402163764810013
19-01-2026 13:05||NIFTY27JAN2625700CE,0.10356499027234899
19-01-2026 13:05||NIFTY27JAN2624600PE,0.14714504060920686
19-01-2026 13:05||NIFTY27JAN2625100PE,0.11818892220604736
19-01-2026 13:10||NIFTY27JAN2626200CE,0.1159896441033292
19-01-2026 13:10||NIFTY27JAN2626300CE,0.12113959427663398
19-01-2026 13:10||NIFTY27JAN2623800PE,0.2145071465766975
19-01-2026 13:10||NIFTY27JAN2623900PE,0.20590561596965945
19-01-2026 13:10||NIFTY27JAN2624400PE,0.1642142592791819
19-01-2026 13:10||NIFTY27JAN2624500PE,0.1559325298628741
19-01-2026 13:10||NIFTY27JAN2624600PE,0.14768453467208487
19-01-2026 13:15||NIFTY27JAN2625800CE,0.10737062015659155
19-01-2026 13:20||NIFTY27JAN2625200CE,0.11052169532163578
19-01-2026 13:20||NIFTY27JAN2625400CE,0.10656612203722596
19-01-2026 13:20||NIFTY27JAN2624400PE,0.16287159830914127
19-01-2026 13:20||NIFTY27JAN2624800PE,0.1336237798078139
19-01-2026 13:20||NIFTY27JAN2624900PE,0.1280301601604199
19-01-2026 13:20||NIFTY27JAN2625000PE,0.12245895989039564
19-01-2026 13:25||NIFTY27JAN2625300CE,0.11233583052466858
19-01-2026 13:25||NIFTY27JAN2625400CE,0.10959252565143793
19-01-2026 13:25||NIFTY27JAN2625900CE,0.1068298938345529
19-01-2026 13:25||NIFTY27JAN2626200CE,0.11778441796179807
19-01-2026 13:25||NIFTY27JAN2626500CE,0.1333698109158953
19-01-2026 13:25||NIFTY27JAN2623900PE,0.20452724890218066
19-01-2026 13:25||NIFTY27JAN2625000PE,0.12013464997239978
19-01-2026 13:30||NIFTY27JAN2625800CE,0.10708071705605898
19-01-2026 13:30||NIFTY27JAN2626100CE,0.11412215518992005
19-01-2026 13:30||NIFTY27JAN2626300CE,0.12290960078359
19-01-2026 13:30||NIFTY27JAN2626500CE,0.13297134284118503
19-01-2026 13:30||NIFTY27JAN2624300PE,0.17039616249827094
19-01-2026 13:30||NIFTY27JAN2624900PE,0.1254036445477881
19-01-2026 13:30||NIFTY27JAN2625100PE,0.11413888503132384
19-01-2026 13:35||NIFTY27JAN2626200CE,0.11618900765545834
19-01-2026 13:35||NIFTY27JAN2626400CE,0.1268061647994262
19-01-2026 13:35||NIFTY27JAN2624400PE,0.16401151634169886
19-01-2026 13:35||NIFTY27JAN2624900PE,0.1278287750702274
19-01-2026 13:40||NIFTY27JAN2625300CE,0.10128508449601346
19-01-2026 13:40||NIFTY27JAN2625400CE,0.10172841323008354
19-01-2026 13:40||NIFTY27JAN2625600CE,0.10130331054257845
19-01-2026 13:40||NIFTY27JAN2625800CE,0.10231724342501795
19-01-2026 13:40||NIFTY27JAN2625900CE,0.10418722476834807
19-01-2026 13:40||NIFTY27JAN2624800PE,0.13450794351571566
19-01-2026 13:45||NIFTY27JAN2625500CE,0.12183880389287148
19-01-2026 13:45||NIFTY27JAN2626500CE,0.1331418903159436
19-01-2026 13:45||NIFTY27JAN2624300PE,0.16909150200540193
19-01-2026 13:45||NIFTY27JAN2624700PE,0.1357704959117939
19-01-2026 13:45||NIFTY27JAN2625100PE,0.11013335335556461
19-01-2026 13:50||NIFTY27JAN2625400CE,0.11671125981994074
19-01-2026 13:50||NIFTY27JAN2625700CE,0.107291643960403
19-01-2026 13:50||NIFTY27JAN2626200CE,0.11444325383683418
19-01-2026 13:50||NIFTY27JAN2623900PE,0.20555483259172783
19-01-2026 13:50||NIFTY27JAN2624200PE,0.18127376028436196
19-01-2026 13:50||NIFTY27JAN2625100PE,0.11702027949508872
19-01-2026 13:55||NIFTY27JAN2625600CE,0.10403829630152468
19-01-2026 13:55||NIFTY27JAN2625700CE,0.10407644329935063
19-01-2026 13:55||NIFTY27JAN2625800CE,0.10411444215312261
19-01-2026 13:55||NIFTY27JAN2625900CE,0.10415229400902715
19-01-2026 13:55||NIFTY27JAN2626200CE,0.11100826337884208
19-01-2026 13:55||NIFTY27JAN2624500PE,0.15916610447178509
19-01-2026 13:55||NIFTY27JAN2624600PE,0.15085619639224224
19-01-2026 14:00||NIFTY27JAN2625300CE,0.12170200592105772
19-01-2026 14:00||NIFTY27JAN2625800CE,0.10853549170824131
19-01-2026 14:00||NIFTY27JAN2625900CE,0.1082321614012127
19-01-2026 14:00||NIFTY27JAN2626100CE,0.11037968391950582
19-01-2026 14:00||NIFTY27JAN2624100PE,0.19349354767063132
19-01-2026 14:00||NIFTY27JAN2624600PE,0.14979258125284003
19-01-2026 14:05||NIFTY27JAN2625400CE,0.10766169289192566
19-01-2026 14:05||NIFTY27JAN2626500CE,0.12262143662866003
19-01-2026 14:05||NIFTY27JAN2623800PE,0.2174983438983886
19-01-2026 14:05||NIFTY27JAN2624200PE,0.18732326441518207
19-01-2026 14:05||NIFTY27JAN2624500PE,0.16110747954318883
19-01-2026 14:05||NIFTY27JAN2625000PE,0.1247434099690931
19-01-2026 14:10||NIFTY27JAN2625200CE,0.10025118812191164
19-01-2026 14:10||NIFTY27JAN2626100CE,0.10391664752584263
19-01-2026 14:10||NIFTY27JAN2624400PE,0.16985975175054266
19-01-2026 14:10||NIFTY27JAN2624500PE,0.16084651893475932
19-01-2026 14:10||NIFTY27JAN2625100PE,0.12068019965455673
19-01-2026 14:15||NIFTY27JAN2626400CE,0.122740037902792
19-01-2026 14:15||NIFTY27JAN2623800PE,0.21466758917920076
19-01-2026 14:15||NIFTY27JAN2624100PE,0.1930183918423616
19-01-2026 14:15||NIFTY27JAN2624200PE,0.184591821499997
19-01-2026 14:15||NIFTY27JAN2624500PE,0.15774165301028148
19-01-2026 14:15||NIFTY27JAN2624700PE,0.14134006049755565
19-01-2026 14:15||NIFTY27JAN2624800PE,0.1339401410345413
19-01-2026 14:15||NIFTY27JAN2625100PE,0.1148135130366283
19-01-2026 14:20||NIFTY27JAN2625800CE,0.1021287596868169
19-01-2026 14:20||NIFTY27JAN2626000CE,0.10342371154761228
19-01-2026 14:20||NIFTY27JAN2624200PE,0.18530427681475756
19-01-2026 14:20||NIFTY27JAN2624500PE,0.1600124489308588
19-01-2026 14:25||NIFTY27JAN2625700CE,0.09876390077543633
19-01-2026 14:25||NIFTY27JAN2625900CE,0.09980951986426717
19-01-2026 14:25||NIFTY27JAN2626000CE,0.10141283732446678
19-01-2026 14:25||NIFTY27JAN2626500CE,0.12331901696314963
19-01-2026 14:25||NIFTY27JAN2624000PE,0.20183227078203325
19-01-2026 14:25||NIFTY27JAN2625100PE,0.1201400399734932
19-01-2026 14:30||NIFTY27JAN2624100PE,0.1935878111539948
19-01-2026 14:30||NIFTY27JAN2624300PE,0.17648185180062792
19-01-2026 14:30||NIFTY27JAN2624700PE,0.14339736101855333
19-01-2026 14:30||NIFTY27JAN2624800PE,0.13615410651714335
19-01-2026 14:30||NIFTY27JAN2625000PE,0.12343901997071978
19-01-2026 14:35||NIFTY27JAN2625800CE,0.10439804263075796
19-01-2026 14:35||NIFTY27JAN2626100CE,0.10770008621934068
19-01-2026 14:35||NIFTY27JAN2626300CE,0.11575713543245116
19-01-2026 14:35||NIFTY27JAN2626400CE,0.1211437503774771
19-01-2026 14:35||NIFTY27JAN2623800PE,0.2151886374002951
19-01-2026 14:35||NIFTY27JAN2624300PE,0.17562721188394878
19-01-2026 14:35||NIFTY27JAN2625000PE,0.12265833996890643
19-01-2026 14:40||NIFTY27JAN2625200CE,0.11206267330039107
19-01-2026 14:40||NIFTY27JAN2624000PE,0.2012930207842035
19-01-2026 14:40||NIFTY27JAN2624300PE,0.17748696496967173
19-01-2026 14:40||NIFTY27JAN2624700PE,0.1446454453043683
19-01-2026 14:45||NIFTY27JAN2625800CE,0.10038435077356822
19-01-2026 14:45||NIFTY27JAN2626000CE,0.1019436346243457
19-01-2026 14:45||NIFTY27JAN2623900PE,0.21114366104019244
19-01-2026 14:45||NIFTY27JAN2624100PE,0.19495261405799363
19-01-2026 14:45||NIFTY27JAN2624400PE,0.16919231552426398
19-01-2026 14:45||NIFTY27JAN2624600PE,0.15233327231165375
19-01-2026 14:45||NIFTY27JAN2624800PE,0.1373964717375338
19-01-2026 14:50||NIFTY27JAN2625700CE,0.10212242217248345
19-01-2026 14:50||NIFTY27JAN2624000PE,0.20302285411705437
19-01-2026 14:50||NIFTY27JAN2624200PE,0.18688365697828285
19-01-2026 14:50||NIFTY27JAN2624500PE,0.16139756117606868
19-01-2026 14:50||NIFTY27JAN2625100PE,0.11951291423263966
19-01-2026 14:55||NIFTY27JAN2625300CE,0.10530202101816423
19-01-2026 14:55||NIFTY27JAN2625400CE,0.10328204197420582
19-01-2026 14:55||NIFTY27JAN2626000CE,0.10062980146556934
19-01-2026 14:55||NIFTY27JAN2626100CE,0.10317977641380797
19-01-2026 14:55||NIFTY27JAN2623800PE,0.21987805039648242
19-01-2026 14:55||NIFTY27JAN2624400PE,0.1710072438027516
19-01-2026 15:00||NIFTY27JAN2625600CE,0.09120571289243799
19-01-2026 15:00||NIFTY27JAN2626000CE,0.09573999039691926
19-01-2026 15:00||NIFTY27JAN2626300CE,0.10842081751655984
19-01-2026 15:00||NIFTY27JAN2624300PE,0.1814170678506207
19-01-2026 15:00||NIFTY27JAN2625000PE,0.1286587399699731
19-01-2026 15:05||NIFTY27JAN2625700CE,0.09524929960912758
19-01-2026 15:05||NIFTY27JAN2626000CE,0.09803482693497763
19-01-2026 15:05||NIFTY27JAN2626400CE,0.11715745268129366
19-01-2026 15:05||NIFTY27JAN2623900PE,0.21010347275512412
19-01-2026 15:10||NIFTY27JAN2625800CE,0.09664017441904137
19-01-2026 15:10||NIFTY27JAN2626100CE,0.10301167626154512
19-01-2026 15:10||NIFTY27JAN2624100PE,0.1935012447594584
19-01-2026 15:10||NIFTY27JAN2624300PE,0.1765988168267504
19-01-2026 15:10||NIFTY27JAN2624800PE,0.13833222778796977
19-01-2026 15:15||NIFTY27JAN2625300CE,0.08269005496193296
19-01-2026 15:15||NIFTY27JAN2625400CE,0.08692334437748941
19-01-2026 15:15||NIFTY27JAN2626200CE,0.10571516223841418
19-01-2026 15:15||NIFTY27JAN2624200PE,0.18517808879484754
19-01-2026 15:15||NIFTY27JAN2624400PE,0.1694264691529996
19-01-2026 15:15||NIFTY27JAN2624500PE,0.1618739548787323
19-01-2026 15:15||NIFTY27JAN2624600PE,0.15435220449530893
19-01-2026 15:15||NIFTY27JAN2624700PE,0.1468609683960931
19-01-2026 15:20||NIFTY27JAN2625200CE,0.09778968316749022
19-01-2026 15:20||NIFTY27JAN2625800CE,0.09644607558408848
19-01-2026 15:20||NIFTY27JAN2626400CE,0.12096624282711459
19-01-2026 15:20||NIFTY27JAN2626500CE,0.12717890812034677
19-01-2026 15:20||NIFTY27JAN2624500PE,0.15723839791308575
19-01-2026 15:25||NIFTY27JAN2625800CE,0.09468562984653829
19-01-2026 15:25||NIFTY27JAN2626300CE,0.11401186314645577
19-01-2026 15:25||NIFTY27JAN2624300PE,0.17368020083344327
19-01-2026 15:25||NIFTY27JAN2624400PE,0.16562362475499096
19-01-2026 15:25||NIFTY27JAN2624700PE,0.14330152830327822
20-01-2026 09:15||NIFTY27JAN2625200CE,0.10911510892422015
20-01-2026 09:15||NIFTY27JAN2625500CE,0.1048066274423361
20-01-2026 09:15||NIFTY27JAN2626200CE,0.11540447939495996
20-01-2026 09:15||NIFTY27JAN2626300CE,0.12144585595528568
20-01-2026 09:15||NIFTY27JAN2626400CE,0.12746430503519487
20-01-2026 09:15||NIFTY27JAN2623900PE,0.2083914443132527
20-01-2026 09:15||NIFTY27JAN2624000PE,0.1998287908424693
20-01-2026 09:15||NIFTY27JAN2624100PE,0.19130174102322714
20-01-2026 09:15||NIFTY27JAN2624400PE,0.16688810446089866
20-01-2026 09:15||NIFTY27JAN2624600PE,0.15155558939120586
20-01-2026 09:20||NIFTY27JAN2625200CE,0.0847231507664953
20-01-2026 09:20||NIFTY27JAN2625400CE,0.08900838037822863
20-01-2026 09:20||NIFTY27JAN2625500CE,0.09113835845432933
20-01-2026 09:20||NIFTY27JAN2625800CE,0.09657892442843095
20-01-2026 09:20||NIFTY27JAN2626300CE,0.11920256657020414
20-01-2026 09:20||NIFTY27JAN2626500CE,0.13237249033271958
20-01-2026 09:20||NIFTY27JAN2623800PE,0.21480254225673528
20-01-2026 09:20||NIFTY27JAN2624000PE,0.19801258328293758
20-01-2026 09:20||NIFTY27JAN2624700PE,0.14601781373189118
20-01-2026 09:25||NIFTY27JAN2625400CE,0.10504671258993266
20-01-2026 09:25||NIFTY27JAN2623900PE,0.20336133885768456
20-01-2026 09:25||NIFTY27JAN2625000PE,0.12532019997386648
20-01-2026 09:30||NIFTY27JAN2625700CE,0.10785840466523504
20-01-2026 09:30||NIFTY27JAN2626100CE,0.11776869733928691
20-01-2026 09:30||NIFTY27JAN2626300CE,0.12901273767327784
20-01-2026 09:30||NIFTY27JAN2623900PE,0.202589999941644
20-01-2026 09:30||NIFTY27JAN2624400PE,0.16044787905043156
20-01-2026 09:30||NIFTY27JAN2624800PE,0.1320837802115314
20-01-2026 09:35||NIFTY27JAN2625200CE,0.10618023762438233
20-01-2026 09:35||NIFTY27JAN2625700CE,0.1059341607502823
20-01-2026 09:35||NIFTY27JAN2625800CE,0.10700414999199928
20-01-2026 09:35||NIFTY27JAN2626200CE,0.12312188934184438
20-01-2026 09:35||NIFTY27JAN2624500PE,0.15359964281450147
20-01-2026 09:40||NIFTY27JAN2625900CE,0.11410091700311811
20-01-2026 09:40||NIFTY27JAN2626100CE,0.12239329515722465
20-01-2026 09:40||NIFTY27JAN2626200CE,0.12760657766459557
20-01-2026 09:40||NIFTY27JAN2626400CE,0.1401689299575538
20-01-2026 09:40||NIFTY27JAN2623800PE,0.21400828103436265
20-01-2026 09:40||NIFTY27JAN2624100PE,0.18676648334935464
20-01-2026 09:40||NIFTY27JAN2625000PE,0.12178071997525308
20-01-2026 09:45||NIFTY27JAN2625500CE,0.1127214803831356
20-01-2026 09:45||NIFTY27JAN2626200CE,0.12717072274660107
20-01-2026 09:45||NIFTY27JAN2626300CE,0.13347732839572277
20-01-2026 09:45||NIFTY27JAN2624800PE,0.1333839415022911
20-01-2026 09:50||NIFTY27JAN2625200CE,0.10280691088302972
20-01-2026 09:50||NIFTY27JAN2624100PE,0.18881637961461742
20-01-2026 09:50||NIFTY27JAN2624800PE,0.13617511086029854
20-01-2026 09:50||NIFTY27JAN2625100PE,0.12355544914291196
20-01-2026 09:55||NIFTY27JAN2623900PE,0.2041904811145958
20-01-2026 09:55||NIFTY27JAN2624100PE,0.1860166493249348
20-01-2026 09:55||NIFTY27JAN2625000PE,0.12270736997965319
20-01-2026 10:00||NIFTY27JAN2625200CE,0.12078040576631706
20-01-2026 10:00||NIFTY27JAN2625400CE,0.11556989171908702
20-01-2026 10:00||NIFTY27JAN2625700CE,0.11112405641785243
20-01-2026 10:00||NIFTY27JAN2626000CE,0.1165376538650244
20-01-2026 10:00||NIFTY27JAN2626200CE,0.12648638361542563
20-01-2026 10:00||NIFTY27JAN2623900PE,0.20590031375009085
20-01-2026 10:00||NIFTY27JAN2624600PE,0.14598245750806363
20-01-2026 10:00||NIFTY27JAN2624700PE,0.1392025318972739
20-01-2026 10:05||NIFTY27JAN2626100CE,0.12162214645891888
20-01-2026 10:05||NIFTY27JAN2626200CE,0.12653543189105718
20-01-2026 10:05||NIFTY27JAN2626500CE,0.14470485816305356
20-01-2026 10:10||NIFTY27JAN2626500CE,0.14244485816305316
20-01-2026 10:10||NIFTY27JAN2624900PE,0.13066579314794138
20-01-2026 10:10||NIFTY27JAN2625100PE,0.12153247353998582
20-01-2026 10:15||NIFTY27JAN2625800CE,0.11234118217350264
20-01-2026 10:15||NIFTY27JAN2626300CE,0.13153717683542457
20-01-2026 10:15||NIFTY27JAN2624000PE,0.19468227078203312
20-01-2026 10:20||NIFTY27JAN2625700CE,0.105725009727651
20-01-2026 10:20||NIFTY27JAN2626000CE,0.11205250963389968
20-01-2026 10:20||NIFTY27JAN2624100PE,0.1879820331434636
20-01-2026 10:25||NIFTY27JAN2625800CE,0.10568281008455542
20-01-2026 10:25||NIFTY27JAN2626200CE,0.12072609735518862
20-01-2026 10:25||NIFTY27JAN2626400CE,0.1335683049560594
20-01-2026 10:25||NIFTY27JAN2623800PE,0.2142454298729857
20-01-2026 10:25||NIFTY27JAN2624700PE,0.1396874291154557
20-01-2026 10:25||NIFTY27JAN2625000PE,0.12384696997858657
20-01-2026 10:30||NIFTY27JAN2625500CE,0.10793249999359217
20-01-2026 10:30||NIFTY27JAN2625700CE,0.10744637936547143
20-01-2026 10:30||NIFTY27JAN2625800CE,0.10822970482280317
20-01-2026 10:30||NIFTY27JAN2623900PE,0.2058189381876481
20-01-2026 10:30||NIFTY27JAN2624000PE,0.19679570972893093
20-01-2026 10:30||NIFTY27JAN2624300PE,0.17074179007205886
20-01-2026 10:30||NIFTY27JAN2624600PE,0.14606968491717023
20-01-2026 10:35||NIFTY27JAN2625200CE,0.13031168551814845
20-01-2026 10:35||NIFTY27JAN2625400CE,0.12128615155194458
20-01-2026 10:35||NIFTY27JAN2625900CE,0.11299366796278126
20-01-2026 10:35||NIFTY27JAN2624300PE,0.16923174891967935
20-01-2026 10:35||NIFTY27JAN2624700PE,0.1367713258735756
20-01-2026 10:40||NIFTY27JAN2625800CE,0.1050680135734371
20-01-2026 10:40||NIFTY27JAN2626000CE,0.11027701924807524
20-01-2026 10:40||NIFTY27JAN2624000PE,0.19774686453085774
20-01-2026 10:40||NIFTY27JAN2624300PE,0.17161651229349692
20-01-2026 10:45||NIFTY27JAN2625900CE,0.10935532819856647
20-01-2026 10:45||NIFTY27JAN2626200CE,0.12112089697302253
20-01-2026 10:45||NIFTY27JAN2626400CE,0.13332229169606039
20-01-2026 10:45||NIFTY27JAN2624900PE,0.12684496985255553
20-01-2026 10:50||NIFTY27JAN2625300CE,0.10488063241271388
20-01-2026 10:50||NIFTY27JAN2626200CE,0.12082156491357558
20-01-2026 10:50||NIFTY27JAN2623800PE,0.21517475901148544
20-01-2026 10:50||NIFTY27JAN2624100PE,0.18942608915735226
20-01-2026 10:55||NIFTY27JAN2625300CE,0.10905959400851263
20-01-2026 10:55||NIFTY27JAN2625400CE,0.10811293716282915
20-01-2026 10:55||NIFTY27JAN2625900CE,0.10994099422338718
20-01-2026 10:55||NIFTY27JAN2626400CE,0.13483800192503131
20-01-2026 10:55||NIFTY27JAN2624200PE,0.17923126027724706
20-01-2026 10:55||NIFTY27JAN2624500PE,0.15398144493937604
20-01-2026 10:55||NIFTY27JAN2624600PE,0.1470113973103345
20-01-2026 10:55||NIFTY27JAN2624700PE,0.1400696258143007
20-01-2026 10:55||NIFTY27JAN2624800PE,0.1331559019563342
20-01-2026 11:00||NIFTY27JAN2625300CE,0.10779325098358818
20-01-2026 11:00||NIFTY27JAN2623800PE,0.21447669032963587
20-01-2026 11:00||NIFTY27JAN2624000PE,0.19636120827895887
20-01-2026 11:00||NIFTY27JAN2624400PE,0.16088231552426396
20-01-2026 11:05||NIFTY27JAN2625400CE,0.10772488521516564
20-01-2026 11:05||NIFTY27JAN2625500CE,0.10642489859594927
20-01-2026 11:05||NIFTY27JAN2625800CE,0.10681867248981564
20-01-2026 11:05||NIFTY27JAN2626300CE,0.1294176140988356
20-01-2026 11:05||NIFTY27JAN2623800PE,0.21450870032280034
20-01-2026 11:05||NIFTY27JAN2624400PE,0.16040771535398146
20-01-2026 11:05||NIFTY27JAN2624500PE,0.15171114567336802
20-01-2026 11:10||NIFTY27JAN2625200CE,0.11276724754366109
20-01-2026 11:10||NIFTY27JAN2625600CE,0.10638855468382435
20-01-2026 11:10||NIFTY27JAN2624500PE,0.15047852036240544
20-01-2026 11:10||NIFTY27JAN2624900PE,0.12558557226381353
20-01-2026 11:15||NIFTY27JAN2625300CE,0.11537570155681627
20-01-2026 11:15||NIFTY27JAN2625600CE,0.1077880468700329
20-01-2026 11:15||NIFTY27JAN2623800PE,0.2109161426633298
20-01-2026 11:15||NIFTY27JAN2624300PE,0.1664362036506506
20-01-2026 11:15||NIFTY27JAN2624700PE,0.13498769227406937
20-01-2026 11:15||NIFTY27JAN2625000PE,0.11930650997735989
20-01-2026 11:20||NIFTY27JAN2625700CE,0.10784013618711409
20-01-2026 11:20||NIFTY27JAN2626200CE,0.12419169850168638
20-01-2026 11:20||NIFTY27JAN2624500PE,0.14925342852541576
20-01-2026 11:25||NIFTY27JAN2625200CE,0.12413188555419853
20-01-2026 11:25||NIFTY27JAN2625300CE,0.12057392508535399
20-01-2026 11:25||NIFTY27JAN2625700CE,0.11017877431597327
20-01-2026 11:25||NIFTY27JAN2626100CE,0.11968883143923185
20-01-2026 11:25||NIFTY27JAN2624000PE,0.19284085411126753
20-01-2026 11:25||NIFTY27JAN2624300PE,0.16542127566731463
20-01-2026 11:25||NIFTY27JAN2624900PE,0.12186472888805244
20-01-2026 11:30||NIFTY27JAN2625200CE,0.1142295049752933
20-01-2026 11:30||NIFTY27JAN2625700CE,0.10721318861236581
20-01-2026 11:30||NIFTY27JAN2625800CE,0.10803318036770035
20-01-2026 11:30||NIFTY27JAN2626000CE,0.11303302886594885
20-01-2026 11:30||NIFTY27JAN2623900PE,0.20401152714275278
20-01-2026 11:30||NIFTY27JAN2624200PE,0.17671639457515004
20-01-2026 11:30||NIFTY27JAN2624900PE,0.1245203212591228
20-01-2026 11:35||NIFTY27JAN2625900CE,0.10883139962980004
20-01-2026 11:35||NIFTY27JAN2626300CE,0.12857262360456193
20-01-2026 11:35||NIFTY27JAN2626500CE,0.14180232009217197
20-01-2026 11:35||NIFTY27JAN2623800PE,0.2127757653037359
20-01-2026 11:40||NIFTY27JAN2625300CE,0.11647613634055705
20-01-2026 11:40||NIFTY27JAN2623800PE,0.21180822611149072
20-01-2026 11:40||NIFTY27JAN2624000PE,0.19380942838692264
20-01-2026 11:40||NIFTY27JAN2624100PE,0.18486619813577732
20-01-2026 11:40||NIFTY27JAN2624700PE,0.13460096185060402
20-01-2026 11:40||NIFTY27JAN2624800PE,0.12824769766298913
20-01-2026 11:40||NIFTY27JAN2625100PE,0.11251880244524957
20-01-2026 11:45||NIFTY27JAN2625600CE,0.10748687499205262
20-01-2026 11:45||NIFTY27JAN2625800CE,0.10863836630016342
20-01-2026 11:45||NIFTY27JAN2625900CE,0.11137610059580687
20-01-2026 11:45||NIFTY27JAN2626000CE,0.11410328482946694
20-01-2026 11:45||NIFTY27JAN2623900PE,0.2037117572689471
20-01-2026 11:45||NIFTY27JAN2624500PE,0.14966774485004805
20-01-2026 11:50||NIFTY27JAN2625400CE,0.11121299210788041
20-01-2026 11:50||NIFTY27JAN2625700CE,0.10548928015382557
20-01-2026 11:50||NIFTY27JAN2626300CE,0.1284229087763515
20-01-2026 11:50||NIFTY27JAN2624200PE,0.17704620862420764
20-01-2026 11:50||NIFTY27JAN2624600PE,0.14267937014908555
20-01-2026 11:50||NIFTY27JAN2624700PE,0.13513945287690923
20-01-2026 11:50||NIFTY27JAN2624900PE,0.1223393975618605
20-01-2026 11:55||NIFTY27JAN2625800CE,0.1033150441826938
20-01-2026 11:55||NIFTY27JAN2625900CE,0.10633834735274807
20-01-2026 11:55||NIFTY27JAN2623800PE,0.21780126074642164
20-01-2026 11:55||NIFTY27JAN2623900PE,0.20803008627387723
20-01-2026 11:55||NIFTY27JAN2624000PE,0.198299710143393
20-01-2026 11:55||NIFTY27JAN2624100PE,0.18860979307414427
20-01-2026 12:00||NIFTY27JAN2625800CE,0.10320251137048556
20-01-2026 12:00||NIFTY27JAN2625900CE,0.10643247914532848
20-01-2026 12:00||NIFTY27JAN2623800PE,0.21324429779420395
20-01-2026 12:00||NIFTY27JAN2624400PE,0.16014249995100965
20-01-2026 12:00||NIFTY27JAN2624600PE,0.14442087320543023
20-01-2026 12:00||NIFTY27JAN2624700PE,0.13725095187366582
20-01-2026 12:05||NIFTY27JAN2625800CE,0.10274074613841858
20-01-2026 12:05||NIFTY27JAN2624700PE,0.13626203437753542
20-01-2026 12:05||NIFTY27JAN2624900PE,0.12547619475544672
20-01-2026 12:10||NIFTY27JAN2624200PE,0.17521126027724707
20-01-2026 12:10||NIFTY27JAN2624500PE,0.15024589587224857
20-01-2026 12:10||NIFTY27JAN2624600PE,0.1435790590466439
20-01-2026 12:10||NIFTY27JAN2624700PE,0.13693926828655478
20-01-2026 12:10||NIFTY27JAN2624800PE,0.13032630503702086
20-01-2026 12:10||NIFTY27JAN2624900PE,0.1237399533815864
20-01-2026 12:15||NIFTY27JAN2625400CE,0.10450274605716936
20-01-2026 12:15||NIFTY27JAN2626400CE,0.1393192329885817
20-01-2026 12:15||NIFTY27JAN2624300PE,0.1669708847197091
20-01-2026 12:15||NIFTY27JAN2624500PE,0.14957344893363544
20-01-2026 12:15||NIFTY27JAN2625000PE,0.11787184374597601
20-01-2026 12:15||NIFTY27JAN2625100PE,0.11246535683606523
20-01-2026 12:20||NIFTY27JAN2625200CE,0.10623305215569924
20-01-2026 12:20||NIFTY27JAN2625300CE,0.10512433926172504
20-01-2026 12:20||NIFTY27JAN2625700CE,0.10523755359627017
20-01-2026 12:20||NIFTY27JAN2625800CE,0.10782501958035315
20-01-2026 12:20||NIFTY27JAN2625900CE,0.11040247599983173
20-01-2026 12:20||NIFTY27JAN2623900PE,0.20387284918096965
20-01-2026 12:20||NIFTY27JAN2624000PE,0.1943356865820015
20-01-2026 12:20||NIFTY27JAN2624100PE,0.18483817965928218
20-01-2026 12:25||NIFTY27JAN2625700CE,0.1081103501954362
20-01-2026 12:25||NIFTY27JAN2626000CE,0.11560439425393057
20-01-2026 12:25||NIFTY27JAN2623800PE,0.20948358500385988
20-01-2026 12:25||NIFTY27JAN2625000PE,0.11395356719749371
20-01-2026 12:25||NIFTY27JAN2625100PE,0.10812051343047072
20-01-2026 12:30||NIFTY27JAN2625300CE,0.10749610670923018
20-01-2026 12:30||NIFTY27JAN2626000CE,0.11393003848628815
20-01-2026 12:30||NIFTY27JAN2623800PE,0.21343146628331394
20-01-2026 12:30||NIFTY27JAN2623900PE,0.20368037589995394
20-01-2026 12:30||NIFTY27JAN2624900PE,0.1215259155630441
20-01-2026 12:30||NIFTY27JAN2625000PE,0.1151375389483103
20-01-2026 12:30||NIFTY27JAN2625100PE,0.10877466490290397
20-01-2026 12:35||NIFTY27JAN2625200CE,0.11390902972652855
20-01-2026 12:35||NIFTY27JAN2625500CE,0.10780699999231064
20-01-2026 12:35||NIFTY27JAN2625700CE,0.10770552174336522
20-01-2026 12:35||NIFTY27JAN2625800CE,0.10912550746601773
20-01-2026 12:35||NIFTY27JAN2626200CE,0.12798126737541346
20-01-2026 12:35||NIFTY27JAN2626300CE,0.13530452985486427
20-01-2026 12:35||NIFTY27JAN2623800PE,0.20953362693270383
20-01-2026 12:35||NIFTY27JAN2624200PE,0.17430053713469332
20-01-2026 12:35||NIFTY27JAN2625000PE,0.11711668997783983
20-01-2026 12:40||NIFTY27JAN2625400CE,0.10534836613751145
20-01-2026 12:40||NIFTY27JAN2626100CE,0.12138681037372347
20-01-2026 12:40||NIFTY27JAN2623800PE,0.20983436489482782
20-01-2026 12:40||NIFTY27JAN2624000PE,0.19246197911452276
20-01-2026 12:40||NIFTY27JAN2624300PE,0.16555626537921975
20-01-2026 12:40||NIFTY27JAN2624600PE,0.14163237626177472
20-01-2026 12:40||NIFTY27JAN2624700PE,0.1348324508704222
20-01-2026 12:45||NIFTY27JAN2623800PE,0.20831488479801719
20-01-2026 12:45||NIFTY27JAN2624300PE,0.16449397508907285
20-01-2026 12:45||NIFTY27JAN2624400PE,0.1557340735854845
20-01-2026 12:45||NIFTY27JAN2625100PE,0.11242700603328296
20-01-2026 12:50||NIFTY27JAN2625600CE,0.10633908202891548
20-01-2026 12:50||NIFTY27JAN2626000CE,0.11521381732943124
20-01-2026 12:50||NIFTY27JAN2626200CE,0.12659295804672946
20-01-2026 12:50||NIFTY27JAN2624200PE,0.17464589870597
20-01-2026 12:55||NIFTY27JAN2625400CE,0.10952480313618101
20-01-2026 12:55||NIFTY27JAN2624900PE,0.12171448792354927
20-01-2026 13:00||NIFTY27JAN2625800CE,0.1083255477363049
20-01-2026 13:00||NIFTY27JAN2625900CE,0.11147884960937131
20-01-2026 13:00||NIFTY27JAN2626400CE,0.14131980117175816
20-01-2026 13:00||NIFTY27JAN2623900PE,0.20315643300021854
20-01-2026 13:00||NIFTY27JAN2624200PE,0.17589567143259605
20-01-2026 13:00||NIFTY27JAN2625100PE,0.112998083880463
20-01-2026 13:05||NIFTY27JAN2625300CE,0.1092822975175348
20-01-2026 13:05||NIFTY27JAN2625400CE,0.10733231774737695
20-01-2026 13:05||NIFTY27JAN2625600CE,0.1050944238266597
20-01-2026 13:05||NIFTY27JAN2626500CE,0.1483322494611745
20-01-2026 13:05||NIFTY27JAN2624200PE,0.17568055779590916
20-01-2026 13:05||NIFTY27JAN2624900PE,0.12248951804411216
20-01-2026 13:10||NIFTY27JAN2626000CE,0.11441965386995541
20-01-2026 13:10||NIFTY27JAN2626400CE,0.14145017996054277
20-01-2026 13:10||NIFTY27JAN2624000PE,0.19365676036388968
20-01-2026 13:10||NIFTY27JAN2624400PE,0.15786800200159554
20-01-2026 13:10||NIFTY27JAN2624700PE,0.13475651818179327
20-01-2026 13:10||NIFTY27JAN2625000PE,0.1182218399782399
20-01-2026 13:15||NIFTY27JAN2625200CE,0.11682128715816065
20-01-2026 13:15||NIFTY27JAN2626000CE,0.11661917309953916
20-01-2026 13:15||NIFTY27JAN2626200CE,0.1282781393448794
20-01-2026 13:15||NIFTY27JAN2623900PE,0.2024711505726161
20-01-2026 13:15||NIFTY27JAN2624600PE,0.14056538613861366
20-01-2026 13:15||NIFTY27JAN2624900PE,0.12162041459325895
20-01-2026 13:15||NIFTY27JAN2625000PE,0.11674046685606165
20-01-2026 13:20||NIFTY27JAN2625700CE,0.1044476945593286
20-01-2026 13:20||NIFTY27JAN2626100CE,0.11968981931918499
20-01-2026 13:20||NIFTY27JAN2626200CE,0.1257364270355345
20-01-2026 13:20||NIFTY27JAN2624200PE,0.17657066110198802
20-01-2026 13:20||NIFTY27JAN2624600PE,0.14333544711439136
20-01-2026 13:20||NIFTY27JAN2625000PE,0.11977185997829323
20-01-2026 13:25||NIFTY27JAN2625800CE,0.10819942830566154
20-01-2026 13:25||NIFTY27JAN2623800PE,0.21079555565951702
20-01-2026 13:25||NIFTY27JAN2624100PE,0.18462600616956226
20-01-2026 13:25||NIFTY27JAN2624700PE,0.13417185219080288
20-01-2026 13:25||NIFTY27JAN2625000PE,0.11800676997805318
20-01-2026 13:30||NIFTY27JAN2626000CE,0.11472468271618037
20-01-2026 13:30||NIFTY27JAN2624100PE,0.1847554045080846
20-01-2026 13:30||NIFTY27JAN2624700PE,0.13478728741466392
20-01-2026 13:30||NIFTY27JAN2624900PE,0.12388571282644038
20-01-2026 13:35||NIFTY27JAN2625800CE,0.1090213856749037
20-01-2026 13:35||NIFTY27JAN2625100PE,0.11718584834557143
20-01-2026 13:40||NIFTY27JAN2623800PE,0.20908169820589065
20-01-2026 13:40||NIFTY27JAN2624600PE,0.13982573166802045
20-01-2026 13:40||NIFTY27JAN2625000PE,0.11648135997695983
20-01-2026 13:45||NIFTY27JAN2624000PE,0.19362118744556536
20-01-2026 13:45||NIFTY27JAN2624400PE,0.15753804298531673
20-01-2026 13:45||NIFTY27JAN2624600PE,0.14236597557113123
20-01-2026 13:50||NIFTY27JAN2625200CE,0.11807064323477674
20-01-2026 13:50||NIFTY27JAN2625400CE,0.11277981297872612
20-01-2026 13:50||NIFTY27JAN2626000CE,0.12141560123811711
20-01-2026 13:50||NIFTY27JAN2626100CE,0.1272088776564682
20-01-2026 13:50||NIFTY27JAN2624000PE,0.1930788550410773
20-01-2026 13:50||NIFTY27JAN2624100PE,0.18400559437016953
20-01-2026 13:50||NIFTY27JAN2624200PE,0.17496990424441058
20-01-2026 13:50||NIFTY27JAN2624300PE,0.16597147480231123
20-01-2026 13:50||NIFTY27JAN2624500PE,0.14856780607470785
20-01-2026 13:55||NIFTY27JAN2625200CE,0.11888727583043651
20-01-2026 13:55||NIFTY27JAN2625400CE,0.11304427163874486
20-01-2026 13:55||NIFTY27JAN2625600CE,0.10980434570146103
20-01-2026 13:55||NIFTY27JAN2624400PE,0.15716759216438267
20-01-2026 14:00||NIFTY27JAN2625200CE,0.11510219805162632
20-01-2026 14:00||NIFTY27JAN2626100CE,0.1261864272310236
20-01-2026 14:00||NIFTY27JAN2624100PE,0.18615308427411267
20-01-2026 14:00||NIFTY27JAN2624200PE,0.17644652856328752
20-01-2026 14:00||NIFTY27JAN2624800PE,0.1290735960239266
20-01-2026 14:00||NIFTY27JAN2624900PE,0.12328059816337053
20-01-2026 14:00||NIFTY27JAN2625000PE,0.1175108187934028
20-01-2026 14:00||NIFTY27JAN2625100PE,0.11176407253611152
20-01-2026 14:05||NIFTY27JAN2625200CE,0.113919386163102
20-01-2026 14:05||NIFTY27JAN2626100CE,0.12773671458804814
20-01-2026 14:05||NIFTY27JAN2626400CE,0.14970589018951388
20-01-2026 14:05||NIFTY27JAN2623800PE,0.21222584916142367
20-01-2026 14:05||NIFTY27JAN2625100PE,0.11544732539541046
20-01-2026 14:10||NIFTY27JAN2625500CE,0.1112225980330591
20-01-2026 14:10||NIFTY27JAN2625700CE,0.11186862841382511
20-01-2026 14:10||NIFTY27JAN2626100CE,0.13004428931717152
20-01-2026 14:10||NIFTY27JAN2626200CE,0.13690225241587853
20-01-2026 14:10||NIFTY27JAN2626300CE,0.14373408987756406
20-01-2026 14:10||NIFTY27JAN2624000PE,0.19414118744556536
20-01-2026 14:10||NIFTY27JAN2624200PE,0.17616651854244472
20-01-2026 14:10||NIFTY27JAN2624500PE,0.15039825505554633
20-01-2026 14:10||NIFTY27JAN2624900PE,0.12431331983026998
20-01-2026 14:10||NIFTY27JAN2625000PE,0.11932670656876242
20-01-2026 14:15||NIFTY27JAN2625200CE,0.11159819266185647
20-01-2026 14:15||NIFTY27JAN2625400CE,0.10882728345754913
20-01-2026 14:15||NIFTY27JAN2626000CE,0.12078570194946268
20-01-2026 14:15||NIFTY27JAN2626300CE,0.14057441068111154
20-01-2026 14:15||NIFTY27JAN2626500CE,0.15567698588835277
20-01-2026 14:15||NIFTY27JAN2623800PE,0.21120870032280037
20-01-2026 14:15||NIFTY27JAN2624100PE,0.18421741696199223
20-01-2026 14:15||NIFTY27JAN2624500PE,0.15118050966678762
20-01-2026 14:15||NIFTY27JAN2624600PE,0.14395058964090382
20-01-2026 14:15||NIFTY27JAN2624900PE,0.12538547186193727
20-01-2026 14:20||NIFTY27JAN2625400CE,0.11549494093181255
20-01-2026 14:20||NIFTY27JAN2625700CE,0.1132328599293957
20-01-2026 14:20||NIFTY27JAN2626500CE,0.15681130427933435
20-01-2026 14:25||NIFTY27JAN2625400CE,0.11400411415802324
20-01-2026 14:25||NIFTY27JAN2625900CE,0.11679812743332046
20-01-2026 14:25||NIFTY27JAN2624100PE,0.1861111617716685
20-01-2026 14:25||NIFTY27JAN2624600PE,0.14259548776490982
20-01-2026 14:30||NIFTY27JAN2625400CE,0.10767248303496883
20-01-2026 14:30||NIFTY27JAN2625500CE,0.10660916064643029
20-01-2026 14:30||NIFTY27JAN2625800CE,0.11031610466644816
20-01-2026 14:30||NIFTY27JAN2626000CE,0.11851470194699687
20-01-2026 14:30||NIFTY27JAN2626400CE,0.14351461094463241
20-01-2026 14:30||NIFTY27JAN2626500CE,0.15015402481231946
20-01-2026 14:30||NIFTY27JAN2624000PE,0.19540160411343743
20-01-2026 14:30||NIFTY27JAN2624600PE,0.1453560975226866
20-01-2026 14:35||NIFTY27JAN2625600CE,0.10585121094057957
20-01-2026 14:35||NIFTY27JAN2626000CE,0.11810001925547164
20-01-2026 14:35||NIFTY27JAN2626300CE,0.13674816543096255
20-01-2026 14:35||NIFTY27JAN2624600PE,0.14712597557113144
20-01-2026 14:35||NIFTY27JAN2624800PE,0.13408261085352388
20-01-2026 14:40||NIFTY27JAN2625200CE,0.11079784160461688
20-01-2026 14:40||NIFTY27JAN2625500CE,0.10659954901845192
20-01-2026 14:40||NIFTY27JAN2623800PE,0.21561417200767308
20-01-2026 14:45||NIFTY27JAN2625500CE,0.10952326470143453
20-01-2026 14:45||NIFTY27JAN2626000CE,0.12204256258936941
20-01-2026 14:45||NIFTY27JAN2626100CE,0.12791250492119718
20-01-2026 14:45||NIFTY27JAN2624600PE,0.14552573166802066
20-01-2026 14:50||NIFTY27JAN2625500CE,0.103265421569708
20-01-2026 14:50||NIFTY27JAN2625900CE,0.1139396525336349
20-01-2026 14:50||NIFTY27JAN2624000PE,0.19912482285828328
20-01-2026 14:50||NIFTY27JAN2624200PE,0.18019589870597014
20-01-2026 14:50||NIFTY27JAN2624900PE,0.12767024093762167
20-01-2026 14:50||NIFTY27JAN2625100PE,0.11798912135318036
20-01-2026 14:55||NIFTY27JAN2626000CE,0.11883138464345322
20-01-2026 14:55||NIFTY27JAN2623900PE,0.2088650514752795
20-01-2026 14:55||NIFTY27JAN2624000PE,0.19928029074408649
20-01-2026 14:55||NIFTY27JAN2624100PE,0.18973538360294517
20-01-2026 15:00||NIFTY27JAN2625600CE,0.10726967774627111
20-01-2026 15:00||NIFTY27JAN2626100CE,0.1325368412504114
20-01-2026 15:00||NIFTY27JAN2626200CE,0.13954677290834006
20-01-2026 15:00||NIFTY27JAN2626400CE,0.15460526518801954
20-01-2026 15:00||NIFTY27JAN2624800PE,0.12947460682667464
20-01-2026 15:05||NIFTY27JAN2625200CE,0.09732524751235347
20-01-2026 15:05||NIFTY27JAN2626100CE,0.13093680296046775
20-01-2026 15:05||NIFTY27JAN2626200CE,0.13793673471588894
20-01-2026 15:05||NIFTY27JAN2623900PE,0.20643394345320545
20-01-2026 15:05||NIFTY27JAN2624300PE,0.16764109048160675
20-01-2026 15:05||NIFTY27JAN2625000PE,0.12588459998559992
20-01-2026 15:10||NIFTY27JAN2625300CE,0.1013608514828849
20-01-2026 15:10||NIFTY27JAN2625400CE,0.10326416507050906
20-01-2026 15:10||NIFTY27JAN2625900CE,0.12459665060809733
20-01-2026 15:10||NIFTY27JAN2626100CE,0.13742300769466056
20-01-2026 15:10||NIFTY27JAN2624300PE,0.16609248966251058
20-01-2026 15:10||NIFTY27JAN2625100PE,0.1288383433355778
20-01-2026 15:15||NIFTY27JAN2625700CE,0.11654351169462995
20-01-2026 15:15||NIFTY27JAN2625900CE,0.12702349852809997
20-01-2026 15:15||NIFTY27JAN2626000CE,0.13311343823659189
20-01-2026 15:15||NIFTY27JAN2626200CE,0.14646888362149565
20-01-2026 15:15||NIFTY27JAN2624000PE,0.20389178118281556
20-01-2026 15:15||NIFTY27JAN2624200PE,0.18227335737642383
20-01-2026 15:15||NIFTY27JAN2624500PE,0.15568477546793122
20-01-2026 15:15||NIFTY27JAN2624800PE,0.13792048384518024
20-01-2026 15:15||NIFTY27JAN2625000PE,0.12851839590023986
20-01-2026 15:15||NIFTY27JAN2625100PE,0.12384552080880623
20-01-2026 15:20||NIFTY27JAN2625500CE,0.11856233333931399
20-01-2026 15:20||NIFTY27JAN2625700CE,0.12330690663221411
20-01-2026 15:20||NIFTY27JAN2626400CE,0.1645491004125071
20-01-2026 15:20||NIFTY27JAN2623800PE,0.21822777788823713
20-01-2026 15:20||NIFTY27JAN2624200PE,0.17875886357621143
20-01-2026 15:20||NIFTY27JAN2624500PE,0.1509584999541855
20-01-2026 15:25||NIFTY27JAN2625200CE,0.1356752408203882
20-01-2026 15:25||NIFTY27JAN2625300CE,0.13268171600665762
20-01-2026 15:25||NIFTY27JAN2625900CE,0.13443949809309674
20-01-2026 15:25||NIFTY27JAN2626200CE,0.15074792942070556
20-01-2026 15:25||NIFTY27JAN2623800PE,0.22109132090477496
20-01-2026 15:25||NIFTY27JAN2625100PE,0.1099312775017368
21-01-2026 09:15||NIFTY27JAN2625200CE,0.15884987818000515
21-01-2026 09:15||NIFTY27JAN2625400CE,0.14705343500949383
21-01-2026 09:15||NIFTY27JAN2625900CE,0.14339250001863432
21-01-2026 09:15||NIFTY27JAN2626200CE,0.15924244277830263
21-01-2026 09:20||NIFTY27JAN2623900PE,0.21931809617039852
21-01-2026 09:20||NIFTY27JAN2624300PE,0.1787092457914053
21-01-2026 09:20||NIFTY27JAN2624400PE,0.1687993572182823
21-01-2026 09:25||NIFTY27JAN2625300CE,0.1103960671834356
21-01-2026 09:25||NIFTY27JAN2625600CE,0.11139928712027783
21-01-2026 09:25||NIFTY27JAN2625800CE,0.11880508723455942
21-01-2026 09:25||NIFTY27JAN2624000PE,0.2185588749388739
21-01-2026 09:25||NIFTY27JAN2624300PE,0.18852941028871548
21-01-2026 09:25||NIFTY27JAN2624400PE,0.1786595212658372
21-01-2026 09:25||NIFTY27JAN2625100PE,0.12667215574758728
21-01-2026 09:30||NIFTY27JAN2625300CE,0.13039257901904142
21-01-2026 09:30||NIFTY27JAN2625700CE,0.12256925098348948
21-01-2026 09:30||NIFTY27JAN2623800PE,0.2354994039636036
21-01-2026 09:30||NIFTY27JAN2623900PE,0.2250293406917993
21-01-2026 09:30||NIFTY27JAN2624000PE,0.214602993886624
21-01-2026 09:30||NIFTY27JAN2624400PE,0.1731540880562125
21-01-2026 09:35||NIFTY27JAN2625200CE,0.10823869478443007
21-01-2026 09:35||NIFTY27JAN2625300CE,0.1083495660738275
21-01-2026 09:35||NIFTY27JAN2625600CE,0.11107488282491765
21-01-2026 09:35||NIFTY27JAN2626200CE,0.14702620232941555
21-01-2026 09:35||NIFTY27JAN2623900PE,0.22832208152308653
21-01-2026 09:35||NIFTY27JAN2624200PE,0.19672876027013242
21-01-2026 09:40||NIFTY27JAN2625200CE,0.12739394063043008
21-01-2026 09:40||NIFTY27JAN2625900CE,0.13159131276942027
21-01-2026 09:40||NIFTY27JAN2626300CE,0.16015397315043275
21-01-2026 09:40||NIFTY27JAN2626400CE,0.16821722906133485
21-01-2026 09:40||NIFTY27JAN2624400PE,0.16825868846492978
21-01-2026 09:40||NIFTY27JAN2625100PE,0.1076997006778465
21-01-2026 09:45||NIFTY27JAN2625200CE,0.12578330696541073
21-01-2026 09:45||NIFTY27JAN2625600CE,0.11936848633699121
21-01-2026 09:45||NIFTY27JAN2626000CE,0.13718752887704355
21-01-2026 09:45||NIFTY27JAN2626300CE,0.15973035174801792
21-01-2026 09:45||NIFTY27JAN2623800PE,0.23029486386283396
21-01-2026 09:45||NIFTY27JAN2624100PE,0.19851359952365208
21-01-2026 09:45||NIFTY27JAN2624400PE,0.1679493851881917
21-01-2026 09:50||NIFTY27JAN2625400CE,0.11661237204045515
21-01-2026 09:50||NIFTY27JAN2625600CE,0.11747427735462798
21-01-2026 09:50||NIFTY27JAN2625800CE,0.12504040700280195
21-01-2026 09:50||NIFTY27JAN2624700PE,0.1385731780916969
21-01-2026 09:50||NIFTY27JAN2624900PE,0.1233310742597545
21-01-2026 09:55||NIFTY27JAN2625400CE,0.11146489173200376
21-01-2026 09:55||NIFTY27JAN2626000CE,0.13651146976372236
21-01-2026 09:55||NIFTY27JAN2626100CE,0.14459180137111352
21-01-2026 09:55||NIFTY27JAN2626200CE,0.15264123297338358
21-01-2026 09:55||NIFTY27JAN2626500CE,0.17820676740650182
21-01-2026 09:55||NIFTY27JAN2624100PE,0.19516407944315922
21-01-2026 09:55||NIFTY27JAN2624200PE,0.18569752098892062
21-01-2026 09:55||NIFTY27JAN2624400PE,0.1668657683887852
21-01-2026 09:55||NIFTY27JAN2624800PE,0.13372574592911535
21-01-2026 10:00||NIFTY27JAN2625300CE,0.12327138901960301
21-01-2026 10:00||NIFTY27JAN2625400CE,0.121091411635529
21-01-2026 10:00||NIFTY27JAN2626500CE,0.18068737232287901
21-01-2026 10:00||NIFTY27JAN2624000PE,0.2016940728561133
21-01-2026 10:00||NIFTY27JAN2625000PE,0.11507733996623974
21-01-2026 10:05||NIFTY27JAN2625200CE,0.11653455446732806
21-01-2026 10:05||NIFTY27JAN2625600CE,0.11854884616499424
21-01-2026 10:05||NIFTY27JAN2625700CE,0.1226317123823522
21-01-2026 10:05||NIFTY27JAN2625800CE,0.126698722768642
21-01-2026 10:10||NIFTY27JAN2625800CE,0.13023547483242928
21-01-2026 10:10||NIFTY27JAN2626100CE,0.14985999045813217
21-01-2026 10:10||NIFTY27JAN2624000PE,0.19766432285683666
21-01-2026 10:10||NIFTY27JAN2624400PE,0.159165952815531
21-01-2026 10:15||NIFTY27JAN2625500CE,0.11839174510251216
21-01-2026 10:15||NIFTY27JAN2626100CE,0.14872997130099738
21-01-2026 10:15||NIFTY27JAN2624000PE,0.19994409368950689
21-01-2026 10:15||NIFTY27JAN2624200PE,0.1800045350657257
21-01-2026 10:15||NIFTY27JAN2624500PE,0.15178790142537976
21-01-2026 10:15||NIFTY27JAN2624600PE,0.14310133084564117
21-01-2026 10:20||NIFTY27JAN2625700CE,0.11982586578617364
21-01-2026 10:25||NIFTY27JAN2625700CE,0.1275641926302005
21-01-2026 10:25||NIFTY27JAN2626200CE,0.1621758779011469
21-01-2026 10:25||NIFTY27JAN2624300PE,0.17002049377210363
21-01-2026 10:25||NIFTY27JAN2625000PE,0.1181549899733064
21-01-2026 10:30||NIFTY27JAN2625200CE,0.12125372278198984
21-01-2026 10:30||NIFTY27JAN2625900CE,0.14024792474253714
21-01-2026 10:30||NIFTY27JAN2626300CE,0.17100268118625578
21-01-2026 10:30||NIFTY27JAN2626400CE,0.17872594036176637
21-01-2026 10:30||NIFTY27JAN2624200PE,0.1774053201919269
21-01-2026 10:30||NIFTY27JAN2624700PE,0.13448171930782607
21-01-2026 10:30||NIFTY27JAN2624800PE,0.12749179538262745
21-01-2026 10:35||NIFTY27JAN2625500CE,0.12064301118143014
21-01-2026 10:35||NIFTY27JAN2625600CE,0.12396297727594163
21-01-2026 10:35||NIFTY27JAN2625800CE,0.1338721413147247
21-01-2026 10:35||NIFTY27JAN2625900CE,0.14044874236711372
21-01-2026 10:35||NIFTY27JAN2624400PE,0.15881221306496063
21-01-2026 10:35||NIFTY27JAN2625100PE,0.11440792419939942
21-01-2026 10:40||NIFTY27JAN2625200CE,0.10928543853563966
21-01-2026 10:40||NIFTY27JAN2625400CE,0.11590148623722858
21-01-2026 10:40||NIFTY27JAN2626300CE,0.1750105228510916
21-01-2026 10:40||NIFTY27JAN2624200PE,0.18366289251329732
21-01-2026 10:40||NIFTY27JAN2624800PE,0.14259100804014907
21-01-2026 10:45||NIFTY27JAN2625700CE,0.1420907393267104
21-01-2026 10:45||NIFTY27JAN2626400CE,0.19130377602801307
21-01-2026 10:45||NIFTY27JAN2626500CE,0.19816152637565396
21-01-2026 10:45||NIFTY27JAN2624700PE,0.13636221607300378
21-01-2026 10:45||NIFTY27JAN2624800PE,0.13031894851154208
21-01-2026 10:50||NIFTY27JAN2625400CE,0.12593761812991652
21-01-2026 10:50||NIFTY27JAN2625700CE,0.1410421401084551
21-01-2026 10:50||NIFTY27JAN2625900CE,0.1548095270631205
21-01-2026 10:50||NIFTY27JAN2626400CE,0.19402959283792687
21-01-2026 10:50||NIFTY27JAN2624100PE,0.19505623438598466
21-01-2026 10:50||NIFTY27JAN2624300PE,0.17852904396199498
21-01-2026 10:50||NIFTY27JAN2624400PE,0.1710588927583483
21-01-2026 10:50||NIFTY27JAN2624500PE,0.16361929440571646
21-01-2026 10:55||NIFTY27JAN2625300CE,0.14249344861256127
21-01-2026 10:55||NIFTY27JAN2625900CE,0.16333721045504815
21-01-2026 10:55||NIFTY27JAN2626200CE,0.1844795515620487
21-01-2026 10:55||NIFTY27JAN2623900PE,0.21067945600700239
21-01-2026 10:55||NIFTY27JAN2624300PE,0.1721863476839788
21-01-2026 10:55||NIFTY27JAN2624800PE,0.13094994955598954
21-01-2026 10:55||NIFTY27JAN2625000PE,0.11607991004137491
21-01-2026 10:55||NIFTY27JAN2625100PE,0.1086894412791817
21-01-2026 11:00||NIFTY27JAN2625300CE,0.13501061264981656
21-01-2026 11:00||NIFTY27JAN2624000PE,0.20403881243869293
21-01-2026 11:00||NIFTY27JAN2624300PE,0.17526700612205115
21-01-2026 11:00||NIFTY27JAN2624600PE,0.15096524386179894
21-01-2026 11:00||NIFTY27JAN2624800PE,0.13786822577454513
21-01-2026 11:00||NIFTY27JAN2625100PE,0.1224591617276429
21-01-2026 11:05||NIFTY27JAN2625200CE,0.1363148118676525
21-01-2026 11:05||NIFTY27JAN2624000PE,0.1987267797230253
21-01-2026 11:05||NIFTY27JAN2624100PE,0.18834689936444682
21-01-2026 11:05||NIFTY27JAN2624400PE,0.15995718232716966
21-01-2026 11:05||NIFTY27JAN2625000PE,0.11788474997266639
21-01-2026 11:10||NIFTY27JAN2625200CE,0.13738723296538685
21-01-2026 11:10||NIFTY27JAN2625300CE,0.13884148483703418
21-01-2026 11:10||NIFTY27JAN2625500CE,0.14173282353664884
21-01-2026 11:10||NIFTY27JAN2625900CE,0.15754162165049626
21-01-2026 11:10||NIFTY27JAN2626100CE,0.17068864945868265
21-01-2026 11:10||NIFTY27JAN2624800PE,0.1255187801979819
21-01-2026 11:15||NIFTY27JAN2625400CE,0.13961893700512792
21-01-2026 11:15||NIFTY27JAN2624300PE,0.17152018512925715
21-01-2026 11:15||NIFTY27JAN2625100PE,0.10517041924263311
21-01-2026 11:20||NIFTY27JAN2625800CE,0.14381607560912718
21-01-2026 11:20||NIFTY27JAN2626000CE,0.15660044431522185
21-01-2026 11:20||NIFTY27JAN2626100CE,0.16365370835505577
21-01-2026 11:20||NIFTY27JAN2626400CE,0.18463347242196979
21-01-2026 11:20||NIFTY27JAN2626500CE,0.19157061785323026
21-01-2026 11:20||NIFTY27JAN2623900PE,0.21540494764023602
21-01-2026 11:25||NIFTY27JAN2624600PE,0.1544943698756523
21-01-2026 11:25||NIFTY27JAN2624800PE,0.139951179398032
21-01-2026 11:30||NIFTY27JAN2625400CE,0.1312663484286803
21-01-2026 11:30||NIFTY27JAN2625800CE,0.14513607560912736
21-01-2026 11:30||NIFTY27JAN2626000CE,0.157903557725734
21-01-2026 11:30||NIFTY27JAN2626500CE,0.1948916445447964
21-01-2026 11:30||NIFTY27JAN2623900PE,0.2163869403951791
21-01-2026 11:30||NIFTY27JAN2624000PE,0.20670447823468224
21-01-2026 11:30||NIFTY27JAN2624100PE,0.19706227590835967
21-01-2026 11:30||NIFTY27JAN2624400PE,0.1691616392928627
21-01-2026 11:35||NIFTY27JAN2626100CE,0.16423444447978486
21-01-2026 11:35||NIFTY27JAN2626300CE,0.179118963911974
21-01-2026 11:35||NIFTY27JAN2623900PE,0.21730484303742023
21-01-2026 11:35||NIFTY27JAN2624600PE,0.15329367881683822
21-01-2026 11:40||NIFTY27JAN2625200CE,0.13227162376661256
21-01-2026 11:40||NIFTY27JAN2625700CE,0.1401092023578515
21-01-2026 11:40||NIFTY27JAN2624800PE,0.13652140117282643
21-01-2026 11:40||NIFTY27JAN2625100PE,0.11767423160141526
21-01-2026 11:45||NIFTY27JAN2625200CE,0.13190910949327647
21-01-2026 11:45||NIFTY27JAN2625400CE,0.13221029527635336
21-01-2026 11:45||NIFTY27JAN2624600PE,0.1510384654016163
21-01-2026 11:45||NIFTY27JAN2625100PE,0.1158560280133816
21-01-2026 11:50||NIFTY27JAN2624000PE,0.2069717508189416
21-01-2026 11:50||NIFTY27JAN2624100PE,0.19698519926007785
21-01-2026 11:50||NIFTY27JAN2624300PE,0.17756554521257814
21-01-2026 11:55||NIFTY27JAN2624000PE,0.2072543853570175
21-01-2026 11:55||NIFTY27JAN2624600PE,0.15185508894238167
21-01-2026 11:55||NIFTY27JAN2624700PE,0.14408184089697282
21-01-2026 11:55||NIFTY27JAN2624900PE,0.13004738952433417
21-01-2026 12:00||NIFTY27JAN2625600CE,0.1363891894637794
21-01-2026 12:00||NIFTY27JAN2625900CE,0.1479654536939266
21-01-2026 12:00||NIFTY27JAN2624100PE,0.19453762238476266
21-01-2026 12:00||NIFTY27JAN2624200PE,0.18431773920846128
21-01-2026 12:00||NIFTY27JAN2624700PE,0.13717972556752644
21-01-2026 12:00||NIFTY27JAN2624800PE,0.1288731493054403
21-01-2026 12:05||NIFTY27JAN2625500CE,0.12563303922347624
21-01-2026 12:05||NIFTY27JAN2626200CE,0.16084884545346384
21-01-2026 12:05||NIFTY27JAN2623800PE,0.22803995818811293
21-01-2026 12:05||NIFTY27JAN2624100PE,0.19897937753418352
21-01-2026 12:10||NIFTY27JAN2625900CE,0.14355576257500308
21-01-2026 12:10||NIFTY27JAN2626500CE,0.18413183358116442
21-01-2026 12:10||NIFTY27JAN2624100PE,0.19385878341531737
21-01-2026 12:10||NIFTY27JAN2624200PE,0.18391889703836645
21-01-2026 12:10||NIFTY27JAN2625000PE,0.1151100899602398
21-01-2026 12:15||NIFTY27JAN2625400CE,0.13391000982962825
21-01-2026 12:15||NIFTY27JAN2625700CE,0.13507063230993238
21-01-2026 12:15||NIFTY27JAN2623800PE,0.22550050326308219
21-01-2026 12:15||NIFTY27JAN2624200PE,0.18557880159256393
21-01-2026 12:20||NIFTY27JAN2625400CE,0.12928559053979
21-01-2026 12:20||NIFTY27JAN2625600CE,0.12924520282646926
21-01-2026 12:20||NIFTY27JAN2625700CE,0.13143184733559615
21-01-2026 12:20||NIFTY27JAN2626300CE,0.16313727189268765
21-01-2026 12:20||NIFTY27JAN2624200PE,0.1907248863063946
21-01-2026 12:20||NIFTY27JAN2625000PE,0.12068058996157295
21-01-2026 12:25||NIFTY27JAN2625700CE,0.12274871597530121
21-01-2026 12:25||NIFTY27JAN2626500CE,0.17618190919571206
21-01-2026 12:25||NIFTY27JAN2624000PE,0.21917469785792174
21-01-2026 12:25||NIFTY27JAN2624500PE,0.1733960558006408
21-01-2026 12:25||NIFTY27JAN2624600PE,0.16537491798220516
21-01-2026 12:25||NIFTY27JAN2624700PE,0.15738632036606062
21-01-2026 12:30||NIFTY27JAN2625300CE,0.13851396242185327
21-01-2026 12:30||NIFTY27JAN2625800CE,0.1356369961415483
21-01-2026 12:30||NIFTY27JAN2624100PE,0.20452229643195072
21-01-2026 12:30||NIFTY27JAN2624200PE,0.19462574289299472
21-01-2026 12:35||NIFTY27JAN2625600CE,0.13233541992294293
21-01-2026 12:35||NIFTY27JAN2626400CE,0.16743713071082694
21-01-2026 12:35||NIFTY27JAN2624000PE,0.21425584751619053
21-01-2026 12:35||NIFTY27JAN2624100PE,0.2044526271775331
21-01-2026 12:40||NIFTY27JAN2625200CE,0.1338612962730407
21-01-2026 12:40||NIFTY27JAN2625400CE,0.12834959644273364
21-01-2026 12:40||NIFTY27JAN2625900CE,0.1329380695181188
21-01-2026 12:40||NIFTY27JAN2624500PE,0.17493725505276958
21-01-2026 12:40||NIFTY27JAN2624700PE,0.15802682379458868
21-01-2026 12:40||NIFTY27JAN2624800PE,0.1498269130382755
21-01-2026 12:45||NIFTY27JAN2625300CE,0.14182652170403537
21-01-2026 12:45||NIFTY27JAN2625800CE,0.13111952520512898
21-01-2026 12:45||NIFTY27JAN2626200CE,0.1478055248347147
21-01-2026 12:45||NIFTY27JAN2623800PE,0.24411033554770709
21-01-2026 12:45||NIFTY27JAN2624400PE,0.18704067617541228
21-01-2026 12:50||NIFTY27JAN2625200CE,0.14941534660078215
21-01-2026 12:50||NIFTY27JAN2625500CE,0.13433787497479674
21-01-2026 12:50||NIFTY27JAN2625600CE,0.13209456455149735
21-01-2026 12:50||NIFTY27JAN2623800PE,0.24732840682089366
21-01-2026 12:50||NIFTY27JAN2624100PE,0.21936511405081968
21-01-2026 12:55||NIFTY27JAN2625300CE,0.1347392340396856
21-01-2026 12:55||NIFTY27JAN2625400CE,0.1303259464914991
21-01-2026 12:55||NIFTY27JAN2625600CE,0.12756263180184213
21-01-2026 12:55||NIFTY27JAN2625700CE,0.129188898551264
21-01-2026 12:55||NIFTY27JAN2625800CE,0.13080884968575324
21-01-2026 12:55||NIFTY27JAN2625900CE,0.13242253406905172
21-01-2026 12:55||NIFTY27JAN2626500CE,0.16419470693395838
21-01-2026 13:00||NIFTY27JAN2626100CE,0.13976072799559602
21-01-2026 13:00||NIFTY27JAN2624600PE,0.17542380477829592
21-01-2026 13:00||NIFTY27JAN2624700PE,0.16651390253756773
21-01-2026 13:05||NIFTY27JAN2625600CE,0.11683723633381232
21-01-2026 13:05||NIFTY27JAN2626300CE,0.14991739724034162
21-01-2026 13:05||NIFTY27JAN2626400CE,0.15712732801143736
21-01-2026 13:05||NIFTY27JAN2623800PE,0.25170422773397166
21-01-2026 13:05||NIFTY27JAN2623900PE,0.24239267424150554
21-01-2026 13:05||NIFTY27JAN2624100PE,0.22388588168787737
21-01-2026 13:10||NIFTY27JAN2625800CE,0.1307249224929454
21-01-2026 13:10||NIFTY27JAN2626200CE,0.14923794850472138
21-01-2026 13:15||NIFTY27JAN2625400CE,0.12610438974928628
21-01-2026 13:15||NIFTY27JAN2625800CE,0.12734142443469057
21-01-2026 13:15||NIFTY27JAN2624400PE,0.18909640363646518
21-01-2026 13:20||NIFTY27JAN2625400CE,0.12283101376922972
21-01-2026 13:20||NIFTY27JAN2626200CE,0.14773827293299
21-01-2026 13:20||NIFTY27JAN2623800PE,0.24567141736639034
21-01-2026 13:20||NIFTY27JAN2623900PE,0.2367270355979929
21-01-2026 13:20||NIFTY27JAN2624600PE,0.17274767271650646
21-01-2026 13:20||NIFTY27JAN2624800PE,0.15626896165008664
21-01-2026 13:25||NIFTY27JAN2625200CE,0.13318295052883683
21-01-2026 13:25||NIFTY27JAN2625700CE,0.12702404670281847
21-01-2026 13:25||NIFTY27JAN2626000CE,0.1386653750255794
21-01-2026 13:25||NIFTY27JAN2626300CE,0.1574087547859946
21-01-2026 13:25||NIFTY27JAN2624200PE,0.20471998597052316
21-01-2026 13:25||NIFTY27JAN2624300PE,0.1950300958241933
21-01-2026 13:25||NIFTY27JAN2624900PE,0.14423884040572305
21-01-2026 13:25||NIFTY27JAN2625000PE,0.13730558132555193
21-01-2026 13:30||NIFTY27JAN2625200CE,0.1127334739221504
21-01-2026 13:30||NIFTY27JAN2625300CE,0.1132878303691375
21-01-2026 13:30||NIFTY27JAN2625800CE,0.12346367250233495
21-01-2026 13:30||NIFTY27JAN2626200CE,0.14785161067042352
21-01-2026 13:30||NIFTY27JAN2626300CE,0.15526487227911612
21-01-2026 13:30||NIFTY27JAN2624000PE,0.22861016660927796
21-01-2026 13:30||NIFTY27JAN2624400PE,0.19131165978472323
21-01-2026 13:35||NIFTY27JAN2625800CE,0.13502538761038915
21-01-2026 13:35||NIFTY27JAN2626300CE,0.16050273767327802
21-01-2026 13:35||NIFTY27JAN2623800PE,0.23715951856115844
21-01-2026 13:35||NIFTY27JAN2624000PE,0.21814027077624615
21-01-2026 13:35||NIFTY27JAN2624700PE,0.15379153495321274
21-01-2026 13:35||NIFTY27JAN2624800PE,0.145108296123865
21-01-2026 13:40||NIFTY27JAN2625300CE,0.1294625493877145
21-01-2026 13:40||NIFTY27JAN2625800CE,0.13038664730346577
21-01-2026 13:40||NIFTY27JAN2626200CE,0.15149263361846083
21-01-2026 13:40||NIFTY27JAN2624600PE,0.167482764180173
21-01-2026 13:40||NIFTY27JAN2624800PE,0.15145978826522988
21-01-2026 13:45||NIFTY27JAN2625400CE,0.126210856288508
21-01-2026 13:45||NIFTY27JAN2625900CE,0.13397891894107852
21-01-2026 13:45||NIFTY27JAN2624800PE,0.15084984874926485
21-01-2026 13:50||NIFTY27JAN2626100CE,0.1456126053948257
21-01-2026 13:50||NIFTY27JAN2625100PE,0.13460367271769216
21-01-2026 13:55||NIFTY27JAN2625500CE,0.12252215686827343
21-01-2026 13:55||NIFTY27JAN2625700CE,0.1267460700542276
21-01-2026 13:55||NIFTY27JAN2624300PE,0.19296604727636146
21-01-2026 13:55||NIFTY27JAN2624400PE,0.1838994825542306
21-01-2026 14:00||NIFTY27JAN2625200CE,0.13142891091433753
21-01-2026 14:00||NIFTY27JAN2623800PE,0.23332811331898703
21-01-2026 14:00||NIFTY27JAN2624200PE,0.19604989663700279
21-01-2026 14:00||NIFTY27JAN2624600PE,0.1606189735330973
21-01-2026 14:00||NIFTY27JAN2625000PE,0.13299300996802635
21-01-2026 14:05||NIFTY27JAN2625400CE,0.1205081102313385
21-01-2026 14:05||NIFTY27JAN2626100CE,0.14587803643036304
21-01-2026 14:05||NIFTY27JAN2626500CE,0.17724846873381359
21-01-2026 14:05||NIFTY27JAN2624500PE,0.16990277546237784
21-01-2026 14:05||NIFTY27JAN2625000PE,0.13616484997293313
21-01-2026 14:10||NIFTY27JAN2625200CE,0.12192344555354376
21-01-2026 14:10||NIFTY27JAN2626000CE,0.14106211541448588
21-01-2026 14:10||NIFTY27JAN2626400CE,0.17103941169114112
21-01-2026 14:10||NIFTY27JAN2626500CE,0.17903846636581386
21-01-2026 14:10||NIFTY27JAN2624000PE,0.21167759631352479
21-01-2026 14:10||NIFTY27JAN2624100PE,0.20229437113388496
21-01-2026 14:10||NIFTY27JAN2624400PE,0.17518837064835044
21-01-2026 14:10||NIFTY27JAN2624500PE,0.16665179918340195
21-01-2026 14:10||NIFTY27JAN2625000PE,0.13273007997354652
21-01-2026 14:15||NIFTY27JAN2625400CE,0.13234429132383518
21-01-2026 14:15||NIFTY27JAN2625800CE,0.13444637598495685
21-01-2026 14:15||NIFTY27JAN2626100CE,0.1487413793381858
21-01-2026 14:15||NIFTY27JAN2624700PE,0.14226865380149847
21-01-2026 14:20||NIFTY27JAN2625200CE,0.1113692475227893
21-01-2026 14:20||NIFTY27JAN2625600CE,0.11634640626629204
21-01-2026 14:20||NIFTY27JAN2626100CE,0.14242272033763548
21-01-2026 14:20||NIFTY27JAN2626500CE,0.172929905410211
21-01-2026 14:20||NIFTY27JAN2624000PE,0.2152407707776929
21-01-2026 14:20||NIFTY27JAN2624300PE,0.18745141970064286
21-01-2026 14:20||NIFTY27JAN2624700PE,0.1559164776958526
21-01-2026 14:25||NIFTY27JAN2626500CE,0.1781474101301531
21-01-2026 14:25||NIFTY27JAN2623900PE,0.22088146438106337
21-01-2026 14:25||NIFTY27JAN2624800PE,0.1487991267992608
21-01-2026 14:25||NIFTY27JAN2624900PE,0.14361918272232888
21-01-2026 14:25||NIFTY27JAN2625100PE,0.13332141287229304
21-01-2026 14:30||NIFTY27JAN2625200CE,0.1325145946831911
21-01-2026 14:30||NIFTY27JAN2625300CE,0.13127485208356532
21-01-2026 14:30||NIFTY27JAN2626300CE,0.16378370725736316
21-01-2026 14:30||NIFTY27JAN2624500PE,0.15917781984769444
21-01-2026 14:30||NIFTY27JAN2624600PE,0.15047124948918456
21-01-2026 14:30||NIFTY27JAN2624800PE,0.13424980842657475
21-01-2026 14:35||NIFTY27JAN2625200CE,0.12798807922899924
21-01-2026 14:35||NIFTY27JAN2625800CE,0.13196792637643576
21-01-2026 14:35||NIFTY27JAN2626100CE,0.1483473276163681
21-01-2026 14:35||NIFTY27JAN2624200PE,0.18810484498396307
21-01-2026 14:35||NIFTY27JAN2624700PE,0.14545788698278542
21-01-2026 14:35||NIFTY27JAN2624800PE,0.1383446310665366
21-01-2026 14:35||NIFTY27JAN2625100PE,0.11952347311636255
21-01-2026 14:40||NIFTY27JAN2625200CE,0.11898532651913196
21-01-2026 14:40||NIFTY27JAN2625400CE,0.11887489173200376
21-01-2026 14:40||NIFTY27JAN2625800CE,0.12858885661132305
21-01-2026 14:40||NIFTY27JAN2626200CE,0.15288385499547194
21-01-2026 14:40||NIFTY27JAN2624000PE,0.208460874944661
21-01-2026 14:40||NIFTY27JAN2624200PE,0.19006095035900955
21-01-2026 14:40||NIFTY27JAN2624500PE,0.1647905191692269
21-01-2026 14:40||NIFTY27JAN2624600PE,0.1575008530069384
21-01-2026 14:40||NIFTY27JAN2624700PE,0.15024075960813116
21-01-2026 14:40||NIFTY27JAN2625100PE,0.1268808782990776
21-01-2026 14:45||NIFTY27JAN2625400CE,0.12243380905204146
21-01-2026 14:45||NIFTY27JAN2625900CE,0.13516015446538376
21-01-2026 14:45||NIFTY27JAN2626100CE,0.14700260539482551
21-01-2026 14:45||NIFTY27JAN2624500PE,0.161784183629553
21-01-2026 14:50||NIFTY27JAN2625200CE,0.1159624504108191
21-01-2026 14:50||NIFTY27JAN2625300CE,0.11708343622854725
21-01-2026 14:50||NIFTY27JAN2625500CE,0.11931217647616682
21-01-2026 14:50||NIFTY27JAN2625800CE,0.12776351746318707
21-01-2026 14:50||NIFTY27JAN2626300CE,0.15935465782999583
21-01-2026 14:50||NIFTY27JAN2623900PE,0.2142053451309356
21-01-2026 14:50||NIFTY27JAN2624900PE,0.13501941764223577
21-01-2026 14:55||NIFTY27JAN2625300CE,0.12019303359171779
21-01-2026 14:55||NIFTY27JAN2625700CE,0.12417125487959664
21-01-2026 14:55||NIFTY27JAN2626100CE,0.14553337168022543
21-01-2026 14:55||NIFTY27JAN2624200PE,0.18723563011016456
21-01-2026 15:00||NIFTY27JAN2625200CE,0.1295308834491188
21-01-2026 15:00||NIFTY27JAN2625300CE,0.12775694281876004
21-01-2026 15:00||NIFTY27JAN2625600CE,0.1251768457078189
21-01-2026 15:00||NIFTY27JAN2626400CE,0.16714976329287973
21-01-2026 15:00||NIFTY27JAN2623900PE,0.21469928864249718
21-01-2026 15:00||NIFTY27JAN2624100PE,0.19461386923396973
21-01-2026 15:00||NIFTY27JAN2624500PE,0.15691218362399995
21-01-2026 15:00||NIFTY27JAN2624800PE,0.13383639109215406
21-01-2026 15:00||NIFTY27JAN2625000PE,0.12089761996698642
21-01-2026 15:05||NIFTY27JAN2626200CE,0.14999020041858618
21-01-2026 15:05||NIFTY27JAN2624300PE,0.17909176949586886
21-01-2026 15:05||NIFTY27JAN2625100PE,0.1273782834817926
21-01-2026 15:10||NIFTY27JAN2625700CE,0.12154622278630045
21-01-2026 15:10||NIFTY27JAN2625800CE,0.12648319805699523
21-01-2026 15:10||NIFTY27JAN2625900CE,0.13140107472959167
21-01-2026 15:10||NIFTY27JAN2626500CE,0.17517032129022106
21-01-2026 15:10||NIFTY27JAN2624300PE,0.179786594598256
21-01-2026 15:10||NIFTY27JAN2624500PE,0.16340304081954962
21-01-2026 15:10||NIFTY27JAN2624600PE,0.15597645630241322
21-01-2026 15:15||NIFTY27JAN2625200CE,0.11673893209635186
21-01-2026 15:15||NIFTY27JAN2625300CE,0.11682964496949522
21-01-2026 15:15||NIFTY27JAN2625600CE,0.11997486235404232
21-01-2026 15:15||NIFTY27JAN2625700CE,0.12292816576118627
21-01-2026 15:15||NIFTY27JAN2625900CE,0.13149083014273835
21-01-2026 15:15||NIFTY27JAN2626200CE,0.15219673668185799
21-01-2026 15:15||NIFTY27JAN2624200PE,0.1866824223252591
21-01-2026 15:15||NIFTY27JAN2624300PE,0.1775825254902125
21-01-2026 15:15||NIFTY27JAN2624800PE,0.13994453086562542
21-01-2026 15:15||NIFTY27JAN2624900PE,0.13445125683809392
21-01-2026 15:20||NIFTY27JAN2625400CE,0.11164129921595475
21-01-2026 15:20||NIFTY27JAN2625600CE,0.11530585938990126
21-01-2026 15:20||NIFTY27JAN2623800PE,0.22271647809408024
21-01-2026 15:20||NIFTY27JAN2624800PE,0.14063856851740933
21-01-2026 15:20||NIFTY27JAN2625100PE,0.12683628746849646
21-01-2026 15:25||NIFTY27JAN2626200CE,0.15041627866547874
21-01-2026 15:25||NIFTY27JAN2623800PE,0.22109071290730076
21-01-2026 15:25||NIFTY27JAN2624200PE,0.18120896688229055
21-01-2026 15:25||NIFTY27JAN2624500PE,0.15355715301166992
21-01-2026 15:25||NIFTY27JAN2624800PE,0.13044685480308787
21-01-2026 15:25||NIFTY27JAN2625100PE,0.11403980045189767
22-01-2026 09:15||NIFTY27JAN2625300CE,0.10463481225247556
22-01-2026 09:15||NIFTY27JAN2623800PE,0.24621410914364647
22-01-2026 09:15||NIFTY27JAN2625100PE,0.12530335335556478
22-01-2026 09:20||NIFTY27JAN2625200CE,0.11444732675178858
22-01-2026 09:20||NIFTY27JAN2626300CE,0.15076669205543003
22-01-2026 09:20||NIFTY27JAN2623900PE,0.23361559781776647
22-01-2026 09:20||NIFTY27JAN2624000PE,0.22219906384247817
22-01-2026 09:20||NIFTY27JAN2624300PE,0.18849777771505472
22-01-2026 09:20||NIFTY27JAN2624500PE,0.16723364279784186
22-01-2026 09:20||NIFTY27JAN2624800PE,0.13944344753579035
22-01-2026 09:25||NIFTY27JAN2625200CE,0.14505693076333043
22-01-2026 09:25||NIFTY27JAN2625500CE,0.12838812533742977
22-01-2026 09:25||NIFTY27JAN2625600CE,0.12535815628129435
22-01-2026 09:25||NIFTY27JAN2626200CE,0.14458423667578799
22-01-2026 09:25||NIFTY27JAN2624700PE,0.14459995945942242
22-01-2026 09:25||NIFTY27JAN2625000PE,0.11784363995637301
22-01-2026 09:30||NIFTY27JAN2625500CE,0.1168969411686304
22-01-2026 09:30||NIFTY27JAN2625800CE,0.1196222383902171
22-01-2026 09:30||NIFTY27JAN2626000CE,0.12967213464530253
22-01-2026 09:30||NIFTY27JAN2626300CE,0.15120004756477545
22-01-2026 09:30||NIFTY27JAN2624600PE,0.20233442064748833
22-01-2026 09:30||NIFTY27JAN2624800PE,0.17343092420651998
22-01-2026 09:30||NIFTY27JAN2624900PE,0.15959774021728731
22-01-2026 09:30||NIFTY27JAN2625100PE,0.13209726088804113
22-01-2026 09:35||NIFTY27JAN2624100PE,0.27815269704578377
22-01-2026 09:40||NIFTY27JAN2626000CE,0.13188775964684327
22-01-2026 09:40||NIFTY27JAN2626200CE,0.14605937980590628
22-01-2026 09:40||NIFTY27JAN2624100PE,0.26654310159691186
22-01-2026 09:40||NIFTY27JAN2624500PE,0.21756872441683806
22-01-2026 09:45||NIFTY27JAN2623900PE,0.27871644344591107
22-01-2026 09:45||NIFTY27JAN2624200PE,0.24600077472444562
22-01-2026 09:50||NIFTY27JAN2625600CE,0.10794887696298473
22-01-2026 09:50||NIFTY27JAN2625800CE,0.11532749312754727
22-01-2026 09:50||NIFTY27JAN2625900CE,0.1207041061521308
22-01-2026 09:50||NIFTY27JAN2626300CE,0.14733913501504767
22-01-2026 09:50||NIFTY27JAN2626500CE,0.1621528087176653
22-01-2026 09:50||NIFTY27JAN2623900PE,0.27361728026843646
22-01-2026 09:50||NIFTY27JAN2624100PE,0.2528895227628159
22-01-2026 09:50||NIFTY27JAN2624900PE,0.1643351547014224
22-01-2026 09:50||NIFTY27JAN2625000PE,0.15399193214095563
22-01-2026 09:55||NIFTY27JAN2625200CE,0.13606459412357141
22-01-2026 09:55||NIFTY27JAN2625500CE,0.1213104803805725
22-01-2026 09:55||NIFTY27JAN2624700PE,0.1656075936054238
22-01-2026 09:55||NIFTY27JAN2624800PE,0.15529701522950917
22-01-2026 09:55||NIFTY27JAN2624900PE,0.14502792822687469
22-01-2026 10:00||NIFTY27JAN2625400CE,0.1047979921207972
22-01-2026 10:00||NIFTY27JAN2625600CE,0.10518774414760376
22-01-2026 10:00||NIFTY27JAN2626100CE,0.1281634866230352
22-01-2026 10:00||NIFTY27JAN2626500CE,0.15770198481025924
22-01-2026 10:00||NIFTY27JAN2624200PE,0.21905339869885534
22-01-2026 10:00||NIFTY27JAN2624700PE,0.16389525298249133
22-01-2026 10:00||NIFTY27JAN2625100PE,0.12963017972103758
22-01-2026 10:05||NIFTY27JAN2625400CE,0.11060030510598168
22-01-2026 10:05||NIFTY27JAN2625700CE,0.11140154899844706
22-01-2026 10:05||NIFTY27JAN2625800CE,0.11437151913667078
22-01-2026 10:05||NIFTY27JAN2626100CE,0.1303287260872226
22-01-2026 10:05||NIFTY27JAN2626400CE,0.152734564428768
22-01-2026 10:05||NIFTY27JAN2624500PE,0.18537583666760094
22-01-2026 10:05||NIFTY27JAN2624800PE,0.15308066527018602
22-01-2026 10:05||NIFTY27JAN2625000PE,0.13508317995514632
22-01-2026 10:10||NIFTY27JAN2625300CE,0.1286343280224342
22-01-2026 10:10||NIFTY27JAN2625500CE,0.11819505881086458
22-01-2026 10:10||NIFTY27JAN2626200CE,0.14224130551930356
22-01-2026 10:10||NIFTY27JAN2626300CE,0.1495745679020032
22-01-2026 10:10||NIFTY27JAN2623800PE,0.258629056747211
22-01-2026 10:10||NIFTY27JAN2624200PE,0.21434515455519915
22-01-2026 10:10||NIFTY27JAN2624300PE,0.20348527767293484
22-01-2026 10:10||NIFTY27JAN2624500PE,0.1811515407511886
22-01-2026 10:10||NIFTY27JAN2624800PE,0.14840472776764566
22-01-2026 10:15||NIFTY27JAN2625300CE,0.09812850999580364
22-01-2026 10:15||NIFTY27JAN2625400CE,0.09859517182114055
22-01-2026 10:15||NIFTY27JAN2623900PE,0.24812241625209683
22-01-2026 10:15||NIFTY27JAN2624400PE,0.19788803272538902
22-01-2026 10:15||NIFTY27JAN2625000PE,0.13997012996034636
22-01-2026 10:20||NIFTY27JAN2625400CE,0.12492525540605226
22-01-2026 10:20||NIFTY27JAN2625500CE,0.12242039195582824
22-01-2026 10:20||NIFTY27JAN2625600CE,0.11992533230152566
22-01-2026 10:20||NIFTY27JAN2625900CE,0.12604520272805222
22-01-2026 10:20||NIFTY27JAN2624000PE,0.2255289999392356
22-01-2026 10:20||NIFTY27JAN2625000PE,0.12427555119757933
22-01-2026 10:20||NIFTY27JAN2625100PE,0.11547636974970595
22-01-2026 10:25||NIFTY27JAN2625900CE,0.11875333980148363
22-01-2026 10:25||NIFTY27JAN2626300CE,0.14933981942734362
22-01-2026 10:25||NIFTY27JAN2623900PE,0.22971048983702622
22-01-2026 10:25||NIFTY27JAN2624000PE,0.2194639422632929
22-01-2026 10:25||NIFTY27JAN2624200PE,0.1991341218414092
22-01-2026 10:25||NIFTY27JAN2625100PE,0.12781087829907756
22-01-2026 10:30||NIFTY27JAN2625800CE,0.12620233528968444
22-01-2026 10:30||NIFTY27JAN2626100CE,0.14438912838705747
22-01-2026 10:30||NIFTY27JAN2624300PE,0.18305892998168152
22-01-2026 10:35||NIFTY27JAN2625200CE,0.09586316580569075
22-01-2026 10:35||NIFTY27JAN2625300CE,0.09871667084325803
22-01-2026 10:35||NIFTY27JAN2625400CE,0.10155891942144486
22-01-2026 10:35||NIFTY27JAN2625800CE,0.11688605622923387
22-01-2026 10:35||NIFTY27JAN2625100PE,0.12402263479077805
22-01-2026 10:40||NIFTY27JAN2625800CE,0.12298454875973364
22-01-2026 10:40||NIFTY27JAN2625900CE,0.12894594640258022
22-01-2026 10:40||NIFTY27JAN2626000CE,0.13488437135785125
22-01-2026 10:40||NIFTY27JAN2624300PE,0.1826791151673894
22-01-2026 10:40||NIFTY27JAN2624600PE,0.1539659247442127
22-01-2026 10:40||NIFTY27JAN2625000PE,0.12357757996687975
22-01-2026 10:45||NIFTY27JAN2625400CE,0.11230405464914331
22-01-2026 10:45||NIFTY27JAN2625500CE,0.11248738609544306
22-01-2026 10:45||NIFTY27JAN2625700CE,0.11682807395033482
22-01-2026 10:45||NIFTY27JAN2625900CE,0.1275727220393306
22-01-2026 10:45||NIFTY27JAN2626400CE,0.16606880447905506
22-01-2026 10:45||NIFTY27JAN2626500CE,0.174226649320967
22-01-2026 10:45||NIFTY27JAN2623900PE,0.22670406897658427
22-01-2026 10:45||NIFTY27JAN2625000PE,0.12653320996855985
22-01-2026 10:50||NIFTY27JAN2625300CE,0.11721957508468876
22-01-2026 10:50||NIFTY27JAN2625700CE,0.12006791830791873
22-01-2026 10:50||NIFTY27JAN2625900CE,0.13081235170258132
22-01-2026 10:50||NIFTY27JAN2626000CE,0.1374689524676925
22-01-2026 10:50||NIFTY27JAN2626300CE,0.16052498102469095
22-01-2026 10:50||NIFTY27JAN2623900PE,0.2257231693923695
22-01-2026 10:50||NIFTY27JAN2624400PE,0.17432916198432258
22-01-2026 10:50||NIFTY27JAN2624500PE,0.16480742770985612
22-01-2026 10:50||NIFTY27JAN2624600PE,0.15532447861119011
22-01-2026 10:50||NIFTY27JAN2624900PE,0.1315206063030521
22-01-2026 10:50||NIFTY27JAN2625000PE,0.12502734251066103
22-01-2026 10:55||NIFTY27JAN2625900CE,0.12784925679217854
22-01-2026 10:55||NIFTY27JAN2624000PE,0.2191693124401397
22-01-2026 10:55||NIFTY27JAN2624200PE,0.19972033052253496
22-01-2026 10:55||NIFTY27JAN2624600PE,0.16407353654002374
22-01-2026 11:00||NIFTY27JAN2626300CE,0.16390465782999583
22-01-2026 11:00||NIFTY27JAN2624400PE,0.17424603478297357
22-01-2026 11:00||NIFTY27JAN2624800PE,0.14081554431566576
22-01-2026 11:05||NIFTY27JAN2625500CE,0.12181760291926935
22-01-2026 11:05||NIFTY27JAN2625600CE,0.1237575831070261
22-01-2026 11:05||NIFTY27JAN2625900CE,0.13695759655639353
22-01-2026 11:05||NIFTY27JAN2626200CE,0.15816025767063335
22-01-2026 11:05||NIFTY27JAN2624500PE,0.16334185709248078
22-01-2026 11:05||NIFTY27JAN2624800PE,0.13901103826861722
22-01-2026 11:10||NIFTY27JAN2625400CE,0.1164556594505225
22-01-2026 11:10||NIFTY27JAN2625800CE,0.12891564925147037
22-01-2026 11:10||NIFTY27JAN2626100CE,0.1490489559728425
22-01-2026 11:10||NIFTY27JAN2623800PE,0.2333312579822698
22-01-2026 11:10||NIFTY27JAN2624300PE,0.18390684151253328
22-01-2026 11:10||NIFTY27JAN2624600PE,0.15883920765650775
22-01-2026 11:10||NIFTY27JAN2624700PE,0.15125929082320583
22-01-2026 11:10||NIFTY27JAN2625000PE,0.1302570141005285
22-01-2026 11:10||NIFTY27JAN2625100PE,0.12357082661928107
22-01-2026 11:15||NIFTY27JAN2625600CE,0.12052176759533596
22-01-2026 11:15||NIFTY27JAN2625800CE,0.12944056204194967
22-01-2026 11:15||NIFTY27JAN2626100CE,0.1504724464537271
22-01-2026 11:15||NIFTY27JAN2626200CE,0.15807570566044887
22-01-2026 11:15||NIFTY27JAN2626400CE,0.17319554932036427
22-01-2026 11:15||NIFTY27JAN2626500CE,0.18071257097596358
22-01-2026 11:15||NIFTY27JAN2623900PE,0.2226392886424973
22-01-2026 11:15||NIFTY27JAN2624300PE,0.18260082299113983
22-01-2026 11:20||NIFTY27JAN2625600CE,0.1281130664140483
22-01-2026 11:20||NIFTY27JAN2625900CE,0.1394860521510118
22-01-2026 11:20||NIFTY27JAN2623900PE,0.2192180543292724
22-01-2026 11:20||NIFTY27JAN2624700PE,0.14140195080081605
22-01-2026 11:20||NIFTY27JAN2624800PE,0.13364536855287273
22-01-2026 11:25||NIFTY27JAN2625800CE,0.12497039824453297
22-01-2026 11:25||NIFTY27JAN2625900CE,0.13109700378649508
22-01-2026 11:25||NIFTY27JAN2626500CE,0.1752505481338627
22-01-2026 11:25||NIFTY27JAN2623800PE,0.23813592669382952
22-01-2026 11:25||NIFTY27JAN2623900PE,0.22740259297225066
22-01-2026 11:25||NIFTY27JAN2624000PE,0.21671407497081402
22-01-2026 11:25||NIFTY27JAN2624500PE,0.1681614930880496
22-01-2026 11:25||NIFTY27JAN2624600PE,0.15953825514108722
22-01-2026 11:30||NIFTY27JAN2625800CE,0.13133937986844718
22-01-2026 11:30||NIFTY27JAN2626000CE,0.14302816349399317
22-01-2026 11:30||NIFTY27JAN2624300PE,0.1798993209292869
22-01-2026 11:35||NIFTY27JAN2625500CE,0.11668370589185167
22-01-2026 11:35||NIFTY27JAN2625900CE,0.13369757725132644
22-01-2026 11:35||NIFTY27JAN2624200PE,0.1925994214290387
22-01-2026 11:40||NIFTY27JAN2625200CE,0.10919306928884882
22-01-2026 11:40||NIFTY27JAN2626300CE,0.1672257985171553
22-01-2026 11:40||NIFTY27JAN2624200PE,0.19278960737998121
22-01-2026 11:40||NIFTY27JAN2624700PE,0.15070702425605026
22-01-2026 11:45||NIFTY27JAN2626500CE,0.18675967856656983
22-01-2026 11:45||NIFTY27JAN2623900PE,0.21819813801152496
22-01-2026 11:45||NIFTY27JAN2624400PE,0.16773603478297344
22-01-2026 11:45||NIFTY27JAN2625000PE,0.12381035997429307
22-01-2026 11:50||NIFTY27JAN2625200CE,0.11772897029434322
22-01-2026 11:50||NIFTY27JAN2625700CE,0.12728345332872415
22-01-2026 11:50||NIFTY27JAN2626200CE,0.1603740900232703
22-01-2026 11:50||NIFTY27JAN2626300CE,0.16843734534315702
22-01-2026 11:50||NIFTY27JAN2624500PE,0.1638424489308588
22-01-2026 11:50||NIFTY27JAN2624800PE,0.141827822547646
22-01-2026 11:55||NIFTY27JAN2624000PE,0.20954910410620356
22-01-2026 11:55||NIFTY27JAN2625000PE,0.13240762998034653
22-01-2026 12:00||NIFTY27JAN2625600CE,0.13319108659779236
22-01-2026 12:00||NIFTY27JAN2625700CE,0.13603105782001215
22-01-2026 12:00||NIFTY27JAN2626100CE,0.1598096264725675
22-01-2026 12:00||NIFTY27JAN2626400CE,0.18383626897829897
22-01-2026 12:00||NIFTY27JAN2623800PE,0.228346079799304
22-01-2026 12:00||NIFTY27JAN2624300PE,0.17586983533403114
22-01-2026 12:05||NIFTY27JAN2625600CE,0.12793871618492464
22-01-2026 12:05||NIFTY27JAN2625700CE,0.13102535157433232
22-01-2026 12:05||NIFTY27JAN2626000CE,0.14677384618798364
22-01-2026 12:05||NIFTY27JAN2626300CE,0.1700447909101646
22-01-2026 12:05||NIFTY27JAN2624300PE,0.17902022628163666
22-01-2026 12:10||NIFTY27JAN2625500CE,0.12429237255510074
22-01-2026 12:10||NIFTY27JAN2625800CE,0.13372446707796773
22-01-2026 12:10||NIFTY27JAN2626100CE,0.15329467436540456
22-01-2026 12:10||NIFTY27JAN2624000PE,0.2085232395203685
22-01-2026 12:10||NIFTY27JAN2624500PE,0.15917167341850166
22-01-2026 12:15||NIFTY27JAN2626100CE,0.15376469352253974
22-01-2026 12:15||NIFTY27JAN2626400CE,0.17703032250927092
22-01-2026 12:15||NIFTY27JAN2626500CE,0.18479119193308408
22-01-2026 12:15||NIFTY27JAN2623800PE,0.22864140059119753
22-01-2026 12:15||NIFTY27JAN2624000PE,0.20742298951964513
22-01-2026 12:15||NIFTY27JAN2624500PE,0.1576214489280824
22-01-2026 12:20||NIFTY27JAN2625900CE,0.13185720272957396
22-01-2026 12:20||NIFTY27JAN2626000CE,0.13890713293398593
22-01-2026 12:20||NIFTY27JAN2626500CE,0.17919767478106835
22-01-2026 12:20||NIFTY27JAN2624800PE,0.14556134528339132
22-01-2026 12:20||NIFTY27JAN2624900PE,0.1401047375266747
22-01-2026 12:25||NIFTY27JAN2625300CE,0.12692233199584424
22-01-2026 12:25||NIFTY27JAN2623900PE,0.22068262545772802
22-01-2026 12:25||NIFTY27JAN2624200PE,0.18880399787411412
22-01-2026 12:25||NIFTY27JAN2624700PE,0.14287707780704373
22-01-2026 12:25||NIFTY27JAN2624800PE,0.1355638240674701
22-01-2026 12:30||NIFTY27JAN2625700CE,0.12727424089947328
22-01-2026 12:30||NIFTY27JAN2625800CE,0.13187056237168251
22-01-2026 12:30||NIFTY27JAN2625900CE,0.13644910305875227
22-01-2026 12:30||NIFTY27JAN2626400CE,0.1728010511747478
22-01-2026 12:30||NIFTY27JAN2624200PE,0.18940387390681945
22-01-2026 12:30||NIFTY27JAN2624400PE,0.16966778586743547
22-01-2026 12:30||NIFTY27JAN2624500PE,0.16017455840465775
22-01-2026 12:30||NIFTY27JAN2625100PE,0.1150755090499248
22-01-2026 12:35||NIFTY27JAN2626100CE,0.14672561306501966
22-01-2026 12:35||NIFTY27JAN2626300CE,0.1634262547920185
22-01-2026 12:35||NIFTY27JAN2623800PE,0.23351419300133397
22-01-2026 12:35||NIFTY27JAN2624400PE,0.1722107786347155
22-01-2026 12:40||NIFTY27JAN2626200CE,0.15772039125874396
22-01-2026 12:40||NIFTY27JAN2624100PE,0.19805303935606952
22-01-2026 12:45||NIFTY27JAN2625200CE,0.1141618217869312
22-01-2026 12:45||NIFTY27JAN2625700CE,0.1215590927886784
22-01-2026 12:45||NIFTY27JAN2625800CE,0.12646904342123025
22-01-2026 12:45||NIFTY27JAN2626000CE,0.13974465354075044
22-01-2026 12:45||NIFTY27JAN2626100CE,0.14809712023246657
22-01-2026 12:45||NIFTY27JAN2626200CE,0.15641764624698135
22-01-2026 12:45||NIFTY27JAN2626300CE,0.16470647494272167
22-01-2026 12:45||NIFTY27JAN2626400CE,0.1729638469074169
22-01-2026 12:45||NIFTY27JAN2624700PE,0.1437694432773394
22-01-2026 12:45||NIFTY27JAN2624900PE,0.1303935642262872
22-01-2026 12:50||NIFTY27JAN2625900CE,0.1313041313092413
22-01-2026 12:50||NIFTY27JAN2626200CE,0.1549799917118612
22-01-2026 12:50||NIFTY27JAN2626300CE,0.1637165738505229
22-01-2026 12:50||NIFTY27JAN2624200PE,0.18955841679289642
22-01-2026 12:50||NIFTY27JAN2624300PE,0.17948853095455375
22-01-2026 12:50||NIFTY27JAN2624900PE,0.1328947489684278
22-01-2026 12:55||NIFTY27JAN2626100CE,0.15295567053642442
22-01-2026 12:55||NIFTY27JAN2626400CE,0.17906226329885805
22-01-2026 12:55||NIFTY27JAN2624400PE,0.16475081961843668
22-01-2026 12:55||NIFTY27JAN2625100PE,0.11931868268445198
22-01-2026 13:00||NIFTY27JAN2625700CE,0.12571366733704628
22-01-2026 13:00||NIFTY27JAN2624000PE,0.2044071457672037
22-01-2026 13:00||NIFTY27JAN2624400PE,0.16315014338703554
22-01-2026 13:00||NIFTY27JAN2624900PE,0.12585881523097794
22-01-2026 13:05||NIFTY27JAN2625300CE,0.11653421549799174
22-01-2026 13:05||NIFTY27JAN2625400CE,0.116757546514403
22-01-2026 13:05||NIFTY27JAN2625700CE,0.12527963037449574
22-01-2026 13:05||NIFTY27JAN2623800PE,0.22655578629739725
22-01-2026 13:05||NIFTY27JAN2624100PE,0.19362713686385336
22-01-2026 13:05||NIFTY27JAN2624400PE,0.16348040978122377
22-01-2026 13:05||NIFTY27JAN2625000PE,0.12337251998005319
22-01-2026 13:10||NIFTY27JAN2625300CE,0.11180583992313561
22-01-2026 13:10||NIFTY27JAN2625500CE,0.1151406960930312
22-01-2026 13:10||NIFTY27JAN2626000CE,0.14447598080863136
22-01-2026 13:10||NIFTY27JAN2626500CE,0.18966586003193533
22-01-2026 13:10||NIFTY27JAN2624200PE,0.1843733780376395
22-01-2026 13:15||NIFTY27JAN2625200CE,0.12676025745250383
22-01-2026 13:15||NIFTY27JAN2625600CE,0.12455002930966533
22-01-2026 13:15||NIFTY27JAN2624200PE,0.18110358464979776
22-01-2026 13:15||NIFTY27JAN2624600PE,0.1431071358761408
22-01-2026 13:15||NIFTY27JAN2624700PE,0.13501722463848756
22-01-2026 13:20||NIFTY27JAN2625200CE,0.1184829307007154
22-01-2026 13:20||NIFTY27JAN2625500CE,0.11888869608790492
22-01-2026 13:20||NIFTY27JAN2626100CE,0.1538865900789041
22-01-2026 13:20||NIFTY27JAN2623900PE,0.21458247901378605
22-01-2026 13:20||NIFTY27JAN2624700PE,0.1375106173696156
22-01-2026 13:20||NIFTY27JAN2624900PE,0.12481376503003978
22-01-2026 13:25||NIFTY27JAN2625800CE,0.13027789731911488
22-01-2026 13:25||NIFTY27JAN2626100CE,0.1546020594287114
22-01-2026 13:25||NIFTY27JAN2626300CE,0.17257724338755673
22-01-2026 13:25||NIFTY27JAN2624900PE,0.12962054214325058
22-01-2026 13:25||NIFTY27JAN2625100PE,0.12023822254598325
22-01-2026 13:30||NIFTY27JAN2625800CE,0.13809296979163446
22-01-2026 13:30||NIFTY27JAN2625900CE,0.1440229106290396
22-01-2026 13:30||NIFTY27JAN2623800PE,0.22178841939190086
22-01-2026 13:30||NIFTY27JAN2624000PE,0.19973771192986015
22-01-2026 13:30||NIFTY27JAN2624100PE,0.18878117155136043
22-01-2026 13:30||NIFTY27JAN2624600PE,0.13867645320095268
22-01-2026 13:30||NIFTY27JAN2625100PE,0.09910946115625116
22-01-2026 13:35||NIFTY27JAN2625300CE,0.10612779644996917
22-01-2026 13:35||NIFTY27JAN2625500CE,0.11078635295745991
22-01-2026 13:35||NIFTY27JAN2625700CE,0.1196308949691265
22-01-2026 13:35||NIFTY27JAN2626000CE,0.1411968248771219
22-01-2026 13:35||NIFTY27JAN2626100CE,0.1499100726087504
22-01-2026 13:35||NIFTY27JAN2626400CE,0.17632224435941907
22-01-2026 13:35||NIFTY27JAN2623800PE,0.2252720943406217
22-01-2026 13:35||NIFTY27JAN2623900PE,0.21547058466882651
22-01-2026 13:35||NIFTY27JAN2624400PE,0.16710141388239538
22-01-2026 13:35||NIFTY27JAN2624600PE,0.15100482942697832
22-01-2026 13:35||NIFTY27JAN2624700PE,0.14398823974619546
22-01-2026 13:40||NIFTY27JAN2625300CE,0.12240809301192965
22-01-2026 13:40||NIFTY27JAN2625400CE,0.12108144010847181
22-01-2026 13:40||NIFTY27JAN2625600CE,0.12296625001589477
22-01-2026 13:40||NIFTY27JAN2626000CE,0.14609014426810732
22-01-2026 13:40||NIFTY27JAN2626300CE,0.17186137836646098
22-01-2026 13:40||NIFTY27JAN2624000PE,0.20239230201765596
22-01-2026 13:40||NIFTY27JAN2624200PE,0.18155620454459614
22-01-2026 13:40||NIFTY27JAN2624300PE,0.17163349702219471
22-01-2026 13:40||NIFTY27JAN2624400PE,0.16175153995347724
22-01-2026 13:40||NIFTY27JAN2624900PE,0.12196243972527245
22-01-2026 13:40||NIFTY27JAN2625100PE,0.10950248026011167
22-01-2026 13:45||NIFTY27JAN2625200CE,0.12764883170620994
22-01-2026 13:45||NIFTY27JAN2625800CE,0.1339111628186479
22-01-2026 13:45||NIFTY27JAN2626100CE,0.156020469386507
22-01-2026 13:45||NIFTY27JAN2626300CE,0.17261619775766102
22-01-2026 13:45||NIFTY27JAN2624400PE,0.1594198565009864
22-01-2026 13:50||NIFTY27JAN2625200CE,0.12872930695497464
22-01-2026 13:50||NIFTY27JAN2626300CE,0.17078090308014465
22-01-2026 13:50||NIFTY27JAN2623800PE,0.22521666680311642
22-01-2026 13:55||NIFTY27JAN2625400CE,0.11448015521222037
22-01-2026 13:55||NIFTY27JAN2625500CE,0.11536681275250639
22-01-2026 13:55||NIFTY27JAN2625900CE,0.13347309556323128
22-01-2026 13:55||NIFTY27JAN2626000CE,0.14118635253392126
22-01-2026 13:55||NIFTY27JAN2626400CE,0.17646343754409058
22-01-2026 13:55||NIFTY27JAN2624500PE,0.15448835234716812
22-01-2026 13:55||NIFTY27JAN2624600PE,0.14509512291750454
22-01-2026 13:55||NIFTY27JAN2624800PE,0.1287609576232373
22-01-2026 14:00||NIFTY27JAN2625300CE,0.11160768774101489
22-01-2026 14:00||NIFTY27JAN2625500CE,0.11326770526938586
22-01-2026 14:00||NIFTY27JAN2625600CE,0.11608434317085393
22-01-2026 14:00||NIFTY27JAN2626500CE,0.18507631371921862
22-01-2026 14:00||NIFTY27JAN2623800PE,0.22786784469023835
22-01-2026 14:00||NIFTY27JAN2623900PE,0.21599914419260163
22-01-2026 14:00||NIFTY27JAN2624300PE,0.1709191151673894
22-01-2026 14:00||NIFTY27JAN2625000PE,0.11716091997578648
22-01-2026 14:05||NIFTY27JAN2625200CE,0.10703984158374509
22-01-2026 14:05||NIFTY27JAN2626200CE,0.1582527958447352
22-01-2026 14:05||NIFTY27JAN2626400CE,0.17746873110539893
22-01-2026 14:05||NIFTY27JAN2623800PE,0.22530554866409752
22-01-2026 14:05||NIFTY27JAN2624000PE,0.20276161451566665
22-01-2026 14:05||NIFTY27JAN2624200PE,0.18115052506650386
22-01-2026 14:05||NIFTY27JAN2624300PE,0.17078397592474767
22-01-2026 14:10||NIFTY27JAN2625900CE,0.13367683401865926
22-01-2026 14:10||NIFTY27JAN2623900PE,0.21254300202786458
22-01-2026 14:10||NIFTY27JAN2624200PE,0.1814798759757868
22-01-2026 14:10||NIFTY27JAN2625100PE,0.12014421161466847
22-01-2026 14:15||NIFTY27JAN2626500CE,0.1925545367773592
22-01-2026 14:15||NIFTY27JAN2623800PE,0.2213583020280238
22-01-2026 14:15||NIFTY27JAN2624600PE,0.1382327845054321
22-01-2026 14:15||NIFTY27JAN2625000PE,0.11170404816070754
22-01-2026 14:15||NIFTY27JAN2625100PE,0.10575195248007184
22-01-2026 14:20||NIFTY27JAN2625400CE,0.11510049212725558
22-01-2026 14:20||NIFTY27JAN2625700CE,0.12508261863555856
22-01-2026 14:20||NIFTY27JAN2625800CE,0.1319783532475433
22-01-2026 14:20||NIFTY27JAN2625900CE,0.13884741183691862
22-01-2026 14:20||NIFTY27JAN2626100CE,0.15463411633968124
22-01-2026 14:20||NIFTY27JAN2626200CE,0.16354402947408128
22-01-2026 14:20||NIFTY27JAN2623800PE,0.21456501865143485
22-01-2026 14:20||NIFTY27JAN2623900PE,0.20470233474054197
22-01-2026 14:20||NIFTY27JAN2624000PE,0.19488083125815936
22-01-2026 14:20||NIFTY27JAN2624100PE,0.18510016574601476
22-01-2026 14:20||NIFTY27JAN2624400PE,0.15553930322074913
22-01-2026 14:20||NIFTY27JAN2624900PE,0.11662338350290984
22-01-2026 14:25||NIFTY27JAN2626500CE,0.18737733451560545
22-01-2026 14:25||NIFTY27JAN2624200PE,0.1763098666321908
22-01-2026 14:25||NIFTY27JAN2624300PE,0.16497666178268222
22-01-2026 14:25||NIFTY27JAN2624600PE,0.13422739539154416
22-01-2026 14:25||NIFTY27JAN2624700PE,0.12538082578926493
22-01-2026 14:30||NIFTY27JAN2625600CE,0.12394266540091821
22-01-2026 14:30||NIFTY27JAN2625700CE,0.12547931649650895
22-01-2026 14:30||NIFTY27JAN2625900CE,0.133843166055878
22-01-2026 14:30||NIFTY27JAN2626500CE,0.1806096029520217
22-01-2026 14:30||NIFTY27JAN2623800PE,0.22546775695305415
22-01-2026 14:30||NIFTY27JAN2624300PE,0.1684230760698062
22-01-2026 14:35||NIFTY27JAN2625500CE,0.11781253920937891
22-01-2026 14:35||NIFTY27JAN2624000PE,0.2059456040960763
22-01-2026 14:35||NIFTY27JAN2624800PE,0.1235737902786544
22-01-2026 14:40||NIFTY27JAN2625200CE,0.11813531671564467
22-01-2026 14:40||NIFTY27JAN2625400CE,0.11295492124672225
22-01-2026 14:40||NIFTY27JAN2626100CE,0.14068997130099717
22-01-2026 14:40||NIFTY27JAN2626500CE,0.17224846873381408
22-01-2026 14:40||NIFTY27JAN2623800PE,0.22977272549180203
22-01-2026 14:45||NIFTY27JAN2626100CE,0.13923979888678245
22-01-2026 14:45||NIFTY27JAN2624000PE,0.20501612493091684
22-01-2026 14:50||NIFTY27JAN2625400CE,0.10896064876213371
22-01-2026 14:50||NIFTY27JAN2625500CE,0.10907086275394356
22-01-2026 14:50||NIFTY27JAN2625600CE,0.10918064537873287
22-01-2026 14:50||NIFTY27JAN2626200CE,0.14473658400973158
22-01-2026 14:50||NIFTY27JAN2624400PE,0.16114814307217595
22-01-2026 14:50||NIFTY27JAN2624500PE,0.1509282570465873
22-01-2026 14:55||NIFTY27JAN2626100CE,0.13614507666523964
22-01-2026 14:55||NIFTY27JAN2626500CE,0.1696273345156059
22-01-2026 14:55||NIFTY27JAN2624300PE,0.16815301434123703
22-01-2026 14:55||NIFTY27JAN2625000PE,0.10920302996807976
22-01-2026 15:00||NIFTY27JAN2625600CE,0.10633453126152372
22-01-2026 15:00||NIFTY27JAN2626400CE,0.1628967424642795
22-01-2026 15:00||NIFTY27JAN2624300PE,0.16745814808647036
22-01-2026 15:00||NIFTY27JAN2624600PE,0.13817767271650636
22-01-2026 15:00||NIFTY27JAN2624900PE,0.11765378511041495
22-01-2026 15:05||NIFTY27JAN2625300CE,0.13248821356477364
22-01-2026 15:05||NIFTY27JAN2625400CE,0.12528495496082281
22-01-2026 15:05||NIFTY27JAN2625600CE,0.11727336913647748
22-01-2026 15:10||NIFTY27JAN2625600CE,0.10823500976564984
22-01-2026 15:10||NIFTY27JAN2626100CE,0.1319293008012724
22-01-2026 15:10||NIFTY27JAN2623800PE,0.22734353401959387
22-01-2026 15:10||NIFTY27JAN2624000PE,0.20384562492946995
22-01-2026 15:10||NIFTY27JAN2624200PE,0.18101199373617943
22-01-2026 15:10||NIFTY27JAN2625100PE,0.10336355295689423
22-01-2026 15:15||NIFTY27JAN2625400CE,0.11800720469135469
22-01-2026 15:15||NIFTY27JAN2625800CE,0.114602055198353
22-01-2026 15:15||NIFTY27JAN2625900CE,0.11943534031034705
22-01-2026 15:15||NIFTY27JAN2626200CE,0.13914253673813537
22-01-2026 15:15||NIFTY27JAN2626300CE,0.1476724542096483
22-01-2026 15:15||NIFTY27JAN2623800PE,0.22454721187808582
22-01-2026 15:15||NIFTY27JAN2624200PE,0.17791153918943098
22-01-2026 15:15||NIFTY27JAN2624600PE,0.1339101218964731
22-01-2026 15:20||NIFTY27JAN2625200CE,0.1346220000834875
22-01-2026 15:20||NIFTY27JAN2626400CE,0.15580778413343715
22-01-2026 15:20||NIFTY27JAN2624800PE,0.11791892132739672
22-01-2026 15:25||NIFTY27JAN2625200CE,0.12242995415954017
22-01-2026 15:25||NIFTY27JAN2625300CE,0.118186607538057
22-01-2026 15:25||NIFTY27JAN2625600CE,0.10892839843342698
22-01-2026 15:25||NIFTY27JAN2625900CE,0.11608750067558841
22-01-2026 15:25||NIFTY27JAN2626000CE,0.12235077200139934
22-01-2026 15:25||NIFTY27JAN2626400CE,0.1569178788306333
22-01-2026 15:25||NIFTY27JAN2623800PE,0.22536654101658546
22-01-2026 15:25||NIFTY27JAN2624300PE,0.16719635795796117
22-01-2026 15:25||NIFTY27JAN2624700PE,0.12409703436387615
22-01-2026 15:25||NIFTY27JAN2625100PE,0.09680351303662864
23-01-2026 09:15||NIFTY27JAN2625500CE,0.11463410784085054
23-01-2026 09:15||NIFTY27JAN2626000CE,0.13556105694634255
23-01-2026 09:15||NIFTY27JAN2626100CE,0.14537429784206124
23-01-2026 09:15||NIFTY27JAN2626200CE,0.15515001191231412
23-01-2026 09:15||NIFTY27JAN2626300CE,0.16488848507681272
23-01-2026 09:15||NIFTY27JAN2626500CE,0.18425483614027957
23-01-2026 09:15||NIFTY27JAN2624100PE,0.21056336231273373
23-01-2026 09:15||NIFTY27JAN2624200PE,0.19820809801352282
23-01-2026 09:15||NIFTY27JAN2624300PE,0.1859037834025128
23-01-2026 09:20||NIFTY27JAN2625500CE,0.12796485291516804
23-01-2026 09:20||NIFTY27JAN2626200CE,0.1547542462299359
23-01-2026 09:20||NIFTY27JAN2626400CE,0.17477381633287492
23-01-2026 09:20||NIFTY27JAN2623900PE,0.23238082628929863
23-01-2026 09:20||NIFTY27JAN2624400PE,0.16993434419047335
23-01-2026 09:25||NIFTY27JAN2626100CE,0.13581544161614315
23-01-2026 09:25||NIFTY27JAN2626200CE,0.14594200955565284
23-01-2026 09:25||NIFTY27JAN2626400CE,0.16664005686614475
23-01-2026 09:25||NIFTY27JAN2623800PE,0.2537491406048989
23-01-2026 09:25||NIFTY27JAN2625100PE,0.11182666673763637
23-01-2026 09:30||NIFTY27JAN2625200CE,0.10590510892422014
23-01-2026 09:30||NIFTY27JAN2626300CE,0.1566650095539178
23-01-2026 09:30||NIFTY27JAN2623900PE,0.24160614367573838
23-01-2026 09:30||NIFTY27JAN2624000PE,0.22952295078218482
23-01-2026 09:30||NIFTY27JAN2624400PE,0.18243170785838997
23-01-2026 09:30||NIFTY27JAN2624500PE,0.17134893033122123
23-01-2026 09:30||NIFTY27JAN2624600PE,0.1603112966257938
23-01-2026 09:30||NIFTY27JAN2624700PE,0.14931844046212128
23-01-2026 09:35||NIFTY27JAN2625500CE,0.10951079410686675
23-01-2026 09:35||NIFTY27JAN2626100CE,0.13895026824882248
23-01-2026 09:35||NIFTY27JAN2623900PE,0.23811283821715876
23-01-2026 09:35||NIFTY27JAN2624000PE,0.226036311912788
23-01-2026 09:35||NIFTY27JAN2624400PE,0.17699415976372718
23-01-2026 09:40||NIFTY27JAN2625400CE,0.10660224696797643
23-01-2026 09:40||NIFTY27JAN2625500CE,0.1054789251970126
23-01-2026 09:40||NIFTY27JAN2626000CE,0.12743435581695212
23-01-2026 09:45||NIFTY27JAN2626100CE,0.14344051729157797
23-01-2026 09:45||NIFTY27JAN2626400CE,0.17555357012016493
23-01-2026 09:45||NIFTY27JAN2623900PE,0.23534967565832626
23-01-2026 09:45||NIFTY27JAN2624100PE,0.21011275925793016
23-01-2026 09:45||NIFTY27JAN2624300PE,0.18459951638897712
23-01-2026 09:45||NIFTY27JAN2624800PE,0.12847353012469515
23-01-2026 09:45||NIFTY27JAN2624900PE,0.12025028557013201
23-01-2026 09:50||NIFTY27JAN2625200CE,0.10363542527491727
23-01-2026 09:50||NIFTY27JAN2625300CE,0.10232512821840231
23-01-2026 09:50||NIFTY27JAN2625700CE,0.10538625200522252
23-01-2026 09:50||NIFTY27JAN2625800CE,0.11042286803087492
23-01-2026 09:50||NIFTY27JAN2623900PE,0.23820527189437574
23-01-2026 09:50||NIFTY27JAN2624200PE,0.2022247933166941
23-01-2026 09:50||NIFTY27JAN2624400PE,0.17766467206024364
23-01-2026 09:50||NIFTY27JAN2624700PE,0.14489616391615395
23-01-2026 09:55||NIFTY27JAN2625200CE,0.11938861390994923
23-01-2026 09:55||NIFTY27JAN2625700CE,0.10825971791073781
23-01-2026 09:55||NIFTY27JAN2626300CE,0.16198563693185536
23-01-2026 09:55||NIFTY27JAN2623800PE,0.24961438171037015
23-01-2026 09:55||NIFTY27JAN2624200PE,0.19849378091711856
23-01-2026 09:55||NIFTY27JAN2624800PE,0.13007354834251503
23-01-2026 09:55||NIFTY27JAN2625000PE,0.11548212996567975
23-01-2026 10:00||NIFTY27JAN2625900CE,0.11809076058499934
23-01-2026 10:00||NIFTY27JAN2626000CE,0.1281824815333623
23-01-2026 10:00||NIFTY27JAN2626100CE,0.13823546257469305
23-01-2026 10:00||NIFTY27JAN2626300CE,0.1592308365521079
23-01-2026 10:00||NIFTY27JAN2624700PE,0.141259878487541
23-01-2026 10:05||NIFTY27JAN2626200CE,0.15043213745833015
23-01-2026 10:05||NIFTY27JAN2623800PE,0.24988190790858775
23-01-2026 10:05||NIFTY27JAN2624100PE,0.21194282149877286
23-01-2026 10:05||NIFTY27JAN2624600PE,0.15127228652281052
23-01-2026 10:05||NIFTY27JAN2624800PE,0.13200366931058477
23-01-2026 10:10||NIFTY27JAN2625300CE,0.10645197626369261
23-01-2026 10:10||NIFTY27JAN2623800PE,0.2491295047305863
23-01-2026 10:10||NIFTY27JAN2624000PE,0.22372364575707662
23-01-2026 10:10||NIFTY27JAN2624400PE,0.17357851427011706
23-01-2026 10:10||NIFTY27JAN2624600PE,0.14950733733595858
23-01-2026 10:10||NIFTY27JAN2624800PE,0.13018851810049759
23-01-2026 10:15||NIFTY27JAN2625700CE,0.10269419263020049
23-01-2026 10:15||NIFTY27JAN2625900CE,0.11858294558583848
23-01-2026 10:15||NIFTY27JAN2626000CE,0.12971283539790993
23-01-2026 10:15||NIFTY27JAN2626400CE,0.17407485800203257
23-01-2026 10:15||NIFTY27JAN2624700PE,0.14224163962595543
23-01-2026 10:20||NIFTY27JAN2625700CE,0.1080797517017218
23-01-2026 10:20||NIFTY27JAN2625800CE,0.11401635867835101
23-01-2026 10:20||NIFTY27JAN2626100CE,0.14351172419108194
23-01-2026 10:20||NIFTY27JAN2626500CE,0.18597374282461349
23-01-2026 10:25||NIFTY27JAN2625400CE,0.11493840548185849
23-01-2026 10:25||NIFTY27JAN2626000CE,0.13142103851340847
23-01-2026 10:25||NIFTY27JAN2623800PE,0.24816895195434122
23-01-2026 10:25||NIFTY27JAN2624400PE,0.16961804295732222
23-01-2026 10:25||NIFTY27JAN2624600PE,0.1445858535920348
23-01-2026 10:25||NIFTY27JAN2625100PE,0.09921077852502641
23-01-2026 10:30||NIFTY27JAN2624100PE,0.21302450200152032
23-01-2026 10:30||NIFTY27JAN2624400PE,0.17505249992301497
23-01-2026 10:30||NIFTY27JAN2624600PE,0.14990114830829365
23-01-2026 10:30||NIFTY27JAN2625100PE,0.10561914179412378
23-01-2026 10:35||NIFTY27JAN2625600CE,0.09843688477041825
23-01-2026 10:35||NIFTY27JAN2624000PE,0.2275186553977149
23-01-2026 10:35||NIFTY27JAN2624100PE,0.21486016477175673
23-01-2026 10:35||NIFTY27JAN2624200PE,0.20225409040615175
23-01-2026 10:35||NIFTY27JAN2624500PE,0.16437917339767671
23-01-2026 10:35||NIFTY27JAN2624900PE,0.12436938750823222
23-01-2026 10:35||NIFTY27JAN2625100PE,0.10888158817304061
23-01-2026 10:40||NIFTY27JAN2625300CE,0.1064854051133567
23-01-2026 10:40||NIFTY27JAN2625800CE,0.1070433527466116
23-01-2026 10:40||NIFTY27JAN2624000PE,0.22555377075743832
23-01-2026 10:40||NIFTY27JAN2624600PE,0.1505867885539594
23-01-2026 10:40||NIFTY27JAN2624800PE,0.1301568245475212
23-01-2026 10:45||NIFTY27JAN2625900CE,0.11407077225238232
23-01-2026 10:45||NIFTY27JAN2626200CE,0.1481074714286067
23-01-2026 10:45||NIFTY27JAN2626500CE,0.17976230614821653
23-01-2026 10:45||NIFTY27JAN2624100PE,0.21319375511141042
23-01-2026 10:45||NIFTY27JAN2625100PE,0.11057686633896598
23-01-2026 10:50||NIFTY27JAN2625400CE,0.1004949212467224
23-01-2026 10:50||NIFTY27JAN2625700CE,0.10158741247006632
23-01-2026 10:50||NIFTY27JAN2626200CE,0.14882701144914467
23-01-2026 10:50||NIFTY27JAN2626300CE,0.15969247227779051
23-01-2026 10:50||NIFTY27JAN2626400CE,0.1705166978618054
23-01-2026 10:50||NIFTY27JAN2623900PE,0.23710881791523794
23-01-2026 10:55||NIFTY27JAN2626200CE,0.15056722333640093
23-01-2026 10:55||NIFTY27JAN2623800PE,0.24997471714112035
23-01-2026 10:55||NIFTY27JAN2624600PE,0.14735626009721942
23-01-2026 10:55||NIFTY27JAN2624900PE,0.11819411642316616
23-01-2026 11:00||NIFTY27JAN2625400CE,0.09557282479753029
23-01-2026 11:00||NIFTY27JAN2625800CE,0.10716159887877069
23-01-2026 11:00||NIFTY27JAN2626100CE,0.13950252879075198
23-01-2026 11:00||NIFTY27JAN2625100PE,0.10690730546189095
23-01-2026 11:05||NIFTY27JAN2625600CE,0.10202120370974085
23-01-2026 11:05||NIFTY27JAN2625700CE,0.10489117462796985
23-01-2026 11:05||NIFTY27JAN2626200CE,0.15233731875648027
23-01-2026 11:05||NIFTY27JAN2626500CE,0.18632773146811107
23-01-2026 11:05||NIFTY27JAN2624200PE,0.19667376025590252
23-01-2026 11:10||NIFTY27JAN2625300CE,0.10217676875327088
23-01-2026 11:10||NIFTY27JAN2626300CE,0.1621719202049098
23-01-2026 11:10||NIFTY27JAN2624000PE,0.22296984234185596
23-01-2026 11:10||NIFTY27JAN2624100PE,0.21012332374777715
23-01-2026 11:15||NIFTY27JAN2625300CE,0.0949602055663731
23-01-2026 11:15||NIFTY27JAN2625400CE,0.09457194878736778
23-01-2026 11:15||NIFTY27JAN2625500CE,0.09418521757920745
23-01-2026 11:15||NIFTY27JAN2625700CE,0.0994509727903344
23-01-2026 11:15||NIFTY27JAN2626300CE,0.16246630233269826
23-01-2026 11:15||NIFTY27JAN2624200PE,0.19642464868818318
23-01-2026 11:15||NIFTY27JAN2624800PE,0.12879147282358233
23-01-2026 11:15||NIFTY27JAN2624900PE,0.12088489151696533
23-01-2026 11:20||NIFTY27JAN2626000CE,0.13008752890169903
23-01-2026 11:20||NIFTY27JAN2626300CE,0.16437106468954005
23-01-2026 11:20||NIFTY27JAN2624100PE,0.20727824681119647
23-01-2026 11:20||NIFTY27JAN2624400PE,0.16928890361546914
23-01-2026 11:20||NIFTY27JAN2624800PE,0.12364141123994957
23-01-2026 11:20||NIFTY27JAN2625100PE,0.09972942123598524
23-01-2026 11:25||NIFTY27JAN2625200CE,0.10575623766612581
23-01-2026 11:25||NIFTY27JAN2625800CE,0.10858651166925025
23-01-2026 11:25||NIFTY27JAN2626400CE,0.17434916671250122
23-01-2026 11:25||NIFTY27JAN2623800PE,0.24592450209770023
23-01-2026 11:25||NIFTY27JAN2623900PE,0.2335213571426508
23-01-2026 11:25||NIFTY27JAN2624900PE,0.11469848389134532
23-01-2026 11:30||NIFTY27JAN2625500CE,0.09102309804715639
23-01-2026 11:30||NIFTY27JAN2625800CE,0.10651779074222008
23-01-2026 11:30||NIFTY27JAN2626000CE,0.12757783659476538
23-01-2026 11:30||NIFTY27JAN2626200CE,0.15132766226876437
23-01-2026 11:30||NIFTY27JAN2626400CE,0.1739904356549297
23-01-2026 11:30||NIFTY27JAN2624700PE,0.13753525298249147
23-01-2026 11:30||NIFTY27JAN2624900PE,0.12099278912751962
23-01-2026 11:30||NIFTY27JAN2625000PE,0.11421286173854468
23-01-2026 11:35||NIFTY27JAN2625400CE,0.09195064960797737
23-01-2026 11:35||NIFTY27JAN2626000CE,0.13173814428783098
23-01-2026 11:35||NIFTY27JAN2624900PE,0.12152704815795479
23-01-2026 11:40||NIFTY27JAN2625500CE,0.09863887255894542
23-01-2026 11:40||NIFTY27JAN2626300CE,0.17350466734777004
23-01-2026 11:40||NIFTY27JAN2626500CE,0.19411629538456673
23-01-2026 11:40||NIFTY27JAN2623900PE,0.2267639329783352
23-01-2026 11:40||NIFTY27JAN2624300PE,0.17630931062707947
23-01-2026 11:40||NIFTY27JAN2624900PE,0.116121797153264
23-01-2026 11:45||NIFTY27JAN2625300CE,0.09682627470687642
23-01-2026 11:45||NIFTY27JAN2626100CE,0.15387694449813435
23-01-2026 11:45||NIFTY27JAN2626400CE,0.18634973489567785
23-01-2026 11:50||NIFTY27JAN2625400CE,0.10770157377994904
23-01-2026 11:50||NIFTY27JAN2625500CE,0.10810156966278484
23-01-2026 11:50||NIFTY27JAN2625700CE,0.1153032101500657
23-01-2026 11:50||NIFTY27JAN2624100PE,0.19492747917413888
23-01-2026 11:50||NIFTY27JAN2624500PE,0.14706229585532624
23-01-2026 11:55||NIFTY27JAN2625700CE,0.11278365762201215
23-01-2026 11:55||NIFTY27JAN2626200CE,0.1644258302032471
23-01-2026 11:55||NIFTY27JAN2626500CE,0.19530215491912206
23-01-2026 11:55||NIFTY27JAN2624800PE,0.12040998987867935
23-01-2026 11:55||NIFTY27JAN2625100PE,0.10160275455157611
23-01-2026 12:00||NIFTY27JAN2625200CE,0.10659704952334259
23-01-2026 12:00||NIFTY27JAN2625800CE,0.1216309815169465
23-01-2026 12:00||NIFTY27JAN2625900CE,0.1322108759620976
23-01-2026 12:00||NIFTY27JAN2626400CE,0.18619077656483582
23-01-2026 12:00||NIFTY27JAN2624000PE,0.21074838533965645
23-01-2026 12:00||NIFTY27JAN2624300PE,0.17239376535805057
23-01-2026 12:00||NIFTY27JAN2624800PE,0.11880431447362327
23-01-2026 12:05||NIFTY27JAN2625300CE,0.09796646699286618
23-01-2026 12:05||NIFTY27JAN2625400CE,0.09875979209593896
23-01-2026 12:05||NIFTY27JAN2626400CE,0.18690143944520854
23-01-2026 12:05||NIFTY27JAN2624600PE,0.13928606702102717
23-01-2026 12:10||NIFTY27JAN2625700CE,0.11514455256590447
23-01-2026 12:10||NIFTY27JAN2626200CE,0.1680054866909627
23-01-2026 12:10||NIFTY27JAN2626500CE,0.19878200369002824
23-01-2026 12:10||NIFTY27JAN2623900PE,0.21981986955589858
23-01-2026 12:10||NIFTY27JAN2624000PE,0.20703335150357546
23-01-2026 12:10||NIFTY27JAN2625000PE,0.10716983997290647
23-01-2026 12:15||NIFTY27JAN2625500CE,0.10956591176704286
23-01-2026 12:15||NIFTY27JAN2626100CE,0.15611581422716977
23-01-2026 12:15||NIFTY27JAN2626300CE,0.17740481943939096
23-01-2026 12:20||NIFTY27JAN2625200CE,0.08910515375332405
23-01-2026 12:20||NIFTY27JAN2625300CE,0.0927276885173278
23-01-2026 12:20||NIFTY27JAN2625400CE,0.09633593316623164
23-01-2026 12:20||NIFTY27JAN2625800CE,0.11895963183210123
23-01-2026 12:20||NIFTY27JAN2626100CE,0.15282648472689486
23-01-2026 12:20||NIFTY27JAN2624200PE,0.18584429744751416
23-01-2026 12:25||NIFTY27JAN2625400CE,0.10429351377568814
23-01-2026 12:25||NIFTY27JAN2625600CE,0.10733239259692542
23-01-2026 12:25||NIFTY27JAN2626400CE,0.18723510421474285
23-01-2026 12:25||NIFTY27JAN2624300PE,0.1708838888151895
23-01-2026 12:25||NIFTY27JAN2624500PE,0.14684713317092868
23-01-2026 12:25||NIFTY27JAN2624600PE,0.13552059179335693
23-01-2026 12:25||NIFTY27JAN2624900PE,0.10870119474200587
23-01-2026 12:30||NIFTY27JAN2625900CE,0.13174711395455788
23-01-2026 12:30||NIFTY27JAN2626100CE,0.15426896429094789
23-01-2026 12:30||NIFTY27JAN2626200CE,0.16531552326116927
23-01-2026 12:30||NIFTY27JAN2623800PE,0.23553576536221418
23-01-2026 12:30||NIFTY27JAN2624100PE,0.19621771215967315
23-01-2026 12:30||NIFTY27JAN2624200PE,0.18360785630319942
23-01-2026 12:30||NIFTY27JAN2624500PE,0.14557966319495488
23-01-2026 12:35||NIFTY27JAN2625300CE,0.10927063238667574
23-01-2026 12:35||NIFTY27JAN2626100CE,0.15391114947703247
23-01-2026 12:35||NIFTY27JAN2624100PE,0.1966281638234068
23-01-2026 12:35||NIFTY27JAN2624400PE,0.1577734015648837
23-01-2026 12:35||NIFTY27JAN2625100PE,0.09004926155492136
23-01-2026 12:40||NIFTY27JAN2625300CE,0.11015015807714035
23-01-2026 12:40||NIFTY27JAN2624500PE,0.14467754330387453
23-01-2026 12:40||NIFTY27JAN2624600PE,0.13263434318699213
23-01-2026 12:40||NIFTY27JAN2624900PE,0.10372954815123443
23-01-2026 12:45||NIFTY27JAN2625900CE,0.12451158306520764
23-01-2026 12:45||NIFTY27JAN2623800PE,0.23607337159454603
23-01-2026 12:45||NIFTY27JAN2623900PE,0.2237609813586802
23-01-2026 12:45||NIFTY27JAN2624600PE,0.13815385156777107
23-01-2026 12:50||NIFTY27JAN2625300CE,0.11202285569960373
23-01-2026 12:50||NIFTY27JAN2625600CE,0.10965799620275454
23-01-2026 12:50||NIFTY27JAN2625700CE,0.11426794948952664
23-01-2026 12:50||NIFTY27JAN2626000CE,0.1404418269768912
23-01-2026 12:50||NIFTY27JAN2626400CE,0.18595054929156446
23-01-2026 12:50||NIFTY27JAN2623800PE,0.23547781987555932
23-01-2026 12:50||NIFTY27JAN2624400PE,0.1568018236916139
23-01-2026 12:50||NIFTY27JAN2624800PE,0.11048143140129453
23-01-2026 12:55||NIFTY27JAN2625400CE,0.09255356300133047
23-01-2026 12:55||NIFTY27JAN2625600CE,0.09965532229187607
23-01-2026 12:55||NIFTY27JAN2625800CE,0.11595632757278125
23-01-2026 12:55||NIFTY27JAN2626400CE,0.1842902841394155
23-01-2026 12:55||NIFTY27JAN2624200PE,0.1873330784357805
23-01-2026 13:00||NIFTY27JAN2625700CE,0.1134502626844279
23-01-2026 13:00||NIFTY27JAN2626000CE,0.14456718274699878
23-01-2026 13:00||NIFTY27JAN2624900PE,0.10424948791010864
23-01-2026 13:05||NIFTY27JAN2625200CE,0.10206510892422019
23-01-2026 13:05||NIFTY27JAN2625900CE,0.13312753866603716
23-01-2026 13:05||NIFTY27JAN2623800PE,0.23164056618558743
23-01-2026 13:10||NIFTY27JAN2625800CE,0.12138124036326056
23-01-2026 13:10||NIFTY27JAN2626000CE,0.1440475096708824
23-01-2026 13:10||NIFTY27JAN2623900PE,0.2204642974158703
23-01-2026 13:10||NIFTY27JAN2624000PE,0.20796101962983174
23-01-2026 13:10||NIFTY27JAN2624100PE,0.1955097306749346
23-01-2026 13:10||NIFTY27JAN2624700PE,0.12130507079575868
23-01-2026 13:10||NIFTY27JAN2625100PE,0.09086646713630658
23-01-2026 13:15||NIFTY27JAN2625300CE,0.09518201581552548
23-01-2026 13:15||NIFTY27JAN2625600CE,0.10827417972356086
23-01-2026 13:15||NIFTY27JAN2625900CE,0.13800464334484694
23-01-2026 13:15||NIFTY27JAN2626000CE,0.14957452880088187
23-01-2026 13:15||NIFTY27JAN2623800PE,0.22770809238380427
23-01-2026 13:15||NIFTY27JAN2624200PE,0.17960844000705728
23-01-2026 13:20||NIFTY27JAN2625700CE,0.12247349226456204
23-01-2026 13:20||NIFTY27JAN2626200CE,0.177141832114077
23-01-2026 13:20||NIFTY27JAN2626500CE,0.21021897910813933
23-01-2026 13:20||NIFTY27JAN2624700PE,0.12265486383348641
23-01-2026 13:20||NIFTY27JAN2624800PE,0.11561827374951208
23-01-2026 13:25||NIFTY27JAN2625400CE,0.10364765750009686
23-01-2026 13:25||NIFTY27JAN2624100PE,0.1875026347762455
23-01-2026 13:25||NIFTY27JAN2624500PE,0.1388073468758759
23-01-2026 13:25||NIFTY27JAN2625000PE,0.10287221997925323
23-01-2026 13:30||NIFTY27JAN2625400CE,0.11033925199240507
23-01-2026 13:30||NIFTY27JAN2625700CE,0.13245937748080358
23-01-2026 13:30||NIFTY27JAN2626000CE,0.16591712505454886
23-01-2026 13:30||NIFTY27JAN2624700PE,0.12937419855357093
23-01-2026 13:30||NIFTY27JAN2624800PE,0.12382092565925498
23-01-2026 13:30||NIFTY27JAN2625000PE,0.11634611998965329
23-01-2026 13:35||NIFTY27JAN2625600CE,0.12474081058708358
23-01-2026 13:35||NIFTY27JAN2626000CE,0.16700173082280798
23-01-2026 13:35||NIFTY27JAN2626200CE,0.18977689890813232
23-01-2026 13:35||NIFTY27JAN2626500CE,0.22185094508636677
23-01-2026 13:35||NIFTY27JAN2623900PE,0.20876860870960642
23-01-2026 13:35||NIFTY27JAN2624100PE,0.18381439826678297
23-01-2026 13:35||NIFTY27JAN2624900PE,0.11122188752839332
23-01-2026 13:40||NIFTY27JAN2625700CE,0.1348583000931666
23-01-2026 13:40||NIFTY27JAN2625800CE,0.1455648591099737
23-01-2026 13:40||NIFTY27JAN2626300CE,0.20085556088604445
23-01-2026 13:40||NIFTY27JAN2623900PE,0.21302980118170506
23-01-2026 13:40||NIFTY27JAN2624600PE,0.13712512191024356
23-01-2026 13:40||NIFTY27JAN2624900PE,0.12209061243800479
23-01-2026 13:45||NIFTY27JAN2625300CE,0.1142847628582514
23-01-2026 13:45||NIFTY27JAN2626100CE,0.1831360441127897
23-01-2026 13:45||NIFTY27JAN2626300CE,0.20523613122962436
23-01-2026 13:45||NIFTY27JAN2623900PE,0.20641827839466612
23-01-2026 13:45||NIFTY27JAN2624000PE,0.19404842216625884
23-01-2026 13:45||NIFTY27JAN2624500PE,0.13589647381588799
23-01-2026 13:45||NIFTY27JAN2624600PE,0.12685990710764888
23-01-2026 13:45||NIFTY27JAN2625000PE,0.10179656997751989
23-01-2026 13:50||NIFTY27JAN2626400CE,0.21758569133735867
23-01-2026 13:50||NIFTY27JAN2624000PE,0.19459395825798048
23-01-2026 13:50||NIFTY27JAN2624500PE,0.13504940810608915
23-01-2026 13:50||NIFTY27JAN2625100PE,0.09679612778743268
23-01-2026 13:55||NIFTY27JAN2625500CE,0.12303121571502183
23-01-2026 13:55||NIFTY27JAN2625700CE,0.13903989654008928
23-01-2026 13:55||NIFTY27JAN2625800CE,0.14929979338122631
23-01-2026 13:55||NIFTY27JAN2626400CE,0.21588772285847488
23-01-2026 13:55||NIFTY27JAN2626500CE,0.22694348825250088
23-01-2026 14:00||NIFTY27JAN2625300CE,0.11801622721174844
23-01-2026 14:00||NIFTY27JAN2625400CE,0.12160822863815864
23-01-2026 14:00||NIFTY27JAN2625500CE,0.12518611607365507
23-01-2026 14:00||NIFTY27JAN2625800CE,0.1477455523770415
23-01-2026 14:00||NIFTY27JAN2624200PE,0.16898586109982833
23-01-2026 14:00||NIFTY27JAN2624300PE,0.15668266724702357
23-01-2026 14:05||NIFTY27JAN2626300CE,0.2005615399758567
23-01-2026 14:05||NIFTY27JAN2624200PE,0.17081800612152495
23-01-2026 14:05||NIFTY27JAN2624800PE,0.11185232859469448
23-01-2026 14:10||NIFTY27JAN2625800CE,0.14718562989661607
23-01-2026 14:10||NIFTY27JAN2626400CE,0.2130365246726854
23-01-2026 14:10||NIFTY27JAN2623900PE,0.20856973842001567
23-01-2026 14:15||NIFTY27JAN2625400CE,0.10833565947635605
23-01-2026 14:15||NIFTY27JAN2626400CE,0.2065062784599748
23-01-2026 14:15||NIFTY27JAN2625000PE,0.11390711999231994
23-01-2026 14:20||NIFTY27JAN2625400CE,0.11289938978803664
23-01-2026 14:20||NIFTY27JAN2625600CE,0.12579084964968293
23-01-2026 14:20||NIFTY27JAN2625800CE,0.14487124036326057
23-01-2026 14:20||NIFTY27JAN2626400CE,0.21028798851376332
23-01-2026 14:20||NIFTY27JAN2626500CE,0.2212742832096222
23-01-2026 14:20||NIFTY27JAN2624100PE,0.1850276244027716
23-01-2026 14:20||NIFTY27JAN2624800PE,0.11585032255442054
23-01-2026 14:25||NIFTY27JAN2625200CE,0.1128608514612804
23-01-2026 14:25||NIFTY27JAN2626200CE,0.18724861248240937
23-01-2026 14:25||NIFTY27JAN2626300CE,0.1983946015758798
23-01-2026 14:25||NIFTY27JAN2626400CE,0.2094982907987629
23-01-2026 14:25||NIFTY27JAN2624200PE,0.1667773243014029
23-01-2026 14:25||NIFTY27JAN2624400PE,0.14191645248201323
23-01-2026 14:25||NIFTY27JAN2624500PE,0.13046991346966125
23-01-2026 14:30||NIFTY27JAN2625700CE,0.13394358954107236
23-01-2026 14:30||NIFTY27JAN2624600PE,0.12273036579958387
23-01-2026 14:35||NIFTY27JAN2625400CE,0.11075152560740911
23-01-2026 14:35||NIFTY27JAN2625600CE,0.12154458988085416
23-01-2026 14:35||NIFTY27JAN2625800CE,0.13958359904610035
23-01-2026 14:35||NIFTY27JAN2625900CE,0.15012625563380677
23-01-2026 14:35||NIFTY27JAN2626000CE,0.16062828531310752
23-01-2026 14:35||NIFTY27JAN2626300CE,0.19437205328507803
23-01-2026 14:35||NIFTY27JAN2623900PE,0.21092387021664544
23-01-2026 14:35||NIFTY27JAN2624500PE,0.1341470407525769
23-01-2026 14:35||NIFTY27JAN2624700PE,0.11543988862268559
23-01-2026 14:40||NIFTY27JAN2625200CE,0.10111348510542778
23-01-2026 14:40||NIFTY27JAN2625700CE,0.1324951892518341
23-01-2026 14:40||NIFTY27JAN2625800CE,0.14240175631221724
23-01-2026 14:40||NIFTY27JAN2626400CE,0.2060256345190416
23-01-2026 14:40||NIFTY27JAN2623900PE,0.21299808569552828
23-01-2026 14:40||NIFTY27JAN2624300PE,0.16148611116000788
23-01-2026 14:40||NIFTY27JAN2624400PE,0.1491929160514714
23-01-2026 14:40||NIFTY27JAN2625000PE,0.0997725651907974
23-01-2026 14:40||NIFTY27JAN2625100PE,0.09418751541046755
23-01-2026 14:45||NIFTY27JAN2625400CE,0.10906499018328861
23-01-2026 14:45||NIFTY27JAN2625600CE,0.12316761723230339
23-01-2026 14:45||NIFTY27JAN2626000CE,0.1630143365861355
23-01-2026 14:45||NIFTY27JAN2626200CE,0.18480739509254349
23-01-2026 14:45||NIFTY27JAN2624400PE,0.14929228477247578
23-01-2026 14:45||NIFTY27JAN2624700PE,0.12138140684545662
23-01-2026 14:45||NIFTY27JAN2625100PE,0.1037228144053611
23-01-2026 14:50||NIFTY27JAN2625200CE,0.1063652560378288
23-01-2026 14:50||NIFTY27JAN2625300CE,0.11177830467118295
23-01-2026 14:50||NIFTY27JAN2625500CE,0.12254050983085947
23-01-2026 14:50||NIFTY27JAN2623800PE,0.21792207562396246
23-01-2026 14:50||NIFTY27JAN2624500PE,0.1304014591183089
23-01-2026 14:50||NIFTY27JAN2624800PE,0.10334723786864225
23-01-2026 14:55||NIFTY27JAN2625200CE,0.10102542570455036
23-01-2026 14:55||NIFTY27JAN2625900CE,0.15017069503211322
23-01-2026 14:55||NIFTY27JAN2626200CE,0.18280250005463006
23-01-2026 14:55||NIFTY27JAN2623900PE,0.21098687230286628
23-01-2026 14:55||NIFTY27JAN2624400PE,0.14703035853757507
23-01-2026 15:00||NIFTY27JAN2623900PE,0.2100545605952292
23-01-2026 15:00||NIFTY27JAN2624100PE,0.1846876036558241
23-01-2026 15:00||NIFTY27JAN2624300PE,0.15904440321993324
23-01-2026 15:00||NIFTY27JAN2624600PE,0.12552079263002755
23-01-2026 15:05||NIFTY27JAN2626200CE,0.19305739509254313
23-01-2026 15:05||NIFTY27JAN2623900PE,0.20746529281493886
23-01-2026 15:05||NIFTY27JAN2624800PE,0.11986316530405959
23-01-2026 15:10||NIFTY27JAN2625300CE,0.11372600792078193
23-01-2026 15:10||NIFTY27JAN2625700CE,0.14068518487583734
23-01-2026 15:10||NIFTY27JAN2626100CE,0.18370668594437767
23-01-2026 15:10||NIFTY27JAN2626200CE,0.1949103634244791
23-01-2026 15:10||NIFTY27JAN2626300CE,0.20607136012503385
23-01-2026 15:10||NIFTY27JAN2623800PE,0.21818434760661282
23-01-2026 15:10||NIFTY27JAN2624000PE,0.19282869784056067
23-01-2026 15:10||NIFTY27JAN2624200PE,0.16734342967644952
23-01-2026 15:10||NIFTY27JAN2624600PE,0.12262146336358228
23-01-2026 15:10||NIFTY27JAN2625000PE,0.09982778998077314
23-01-2026 15:15||NIFTY27JAN2624100PE,0.18206373148348637
23-01-2026 15:15||NIFTY27JAN2624200PE,0.16849388660066716
23-01-2026 15:15||NIFTY27JAN2625000PE,0.1041957999887999
23-01-2026 15:20||NIFTY27JAN2625400CE,0.12182553674544759
23-01-2026 15:20||NIFTY27JAN2625500CE,0.12746881199245588
23-01-2026 15:20||NIFTY27JAN2625700CE,0.14307939693610558
23-01-2026 15:20||NIFTY27JAN2625900CE,0.1639660714809253
23-01-2026 15:20||NIFTY27JAN2626200CE,0.1965874332605744
23-01-2026 15:20||NIFTY27JAN2623800PE,0.22033982669600913
23-01-2026 15:20||NIFTY27JAN2623900PE,0.2067064511031418
23-01-2026 15:20||NIFTY27JAN2624800PE,0.10328654231579044
23-01-2026 15:25||NIFTY27JAN2625700CE,0.1413348930463066
23-01-2026 15:25||NIFTY27JAN2624500PE,0.12900888709116132
23-01-2026 15:25||NIFTY27JAN2624600PE,0.11811234095717611
27-01-2026 09:15||NIFTY27JAN2626200CE,0.6652904486807516
27-01-2026 09:15||NIFTY27JAN2626400CE,0.7544999510961075
27-01-2026 09:15||NIFTY27JAN2626500CE,0.7988515843950234
27-01-2026 09:20||NIFTY27JAN2625400CE,0.41686016219234323
27-01-2026 09:20||NIFTY27JAN2625500CE,0.4526491446014629
27-01-2026 09:20||NIFTY27JAN2625600CE,0.4882980523571124
27-01-2026 09:20||NIFTY27JAN2625700CE,0.5238079776634854
27-01-2026 09:20||NIFTY27JAN2626500CE,0.8933813039451777
27-01-2026 09:20||NIFTY27JAN2624400PE,0.4366905018126327
27-01-2026 09:20||NIFTY27JAN2624900PE,0.4014198695447645
27-01-2026 09:20||NIFTY27JAN2625100PE,0.4260907884857742
27-01-2026 09:25||NIFTY27JAN2625500CE,0.4607089413531752
27-01-2026 09:25||NIFTY27JAN2625900CE,0.6349445272743095
27-01-2026 09:25||NIFTY27JAN2626500CE,0.9214413417524538
27-01-2026 09:25||NIFTY27JAN2623900PE,0.6538325520169223
27-01-2026 09:25||NIFTY27JAN2624600PE,0.3450130283534607
27-01-2026 09:25||NIFTY27JAN2625100PE,0.2649129343790681
27-01-2026 09:30||NIFTY27JAN2625400CE,0.44406726384995965
27-01-2026 09:30||NIFTY27JAN2625600CE,0.49885485371870447
27-01-2026 09:30||NIFTY27JAN2625800CE,0.5876778781395325
27-01-2026 09:30||NIFTY27JAN2626100CE,0.7395867914367862
27-01-2026 09:30||NIFTY27JAN2626400CE,0.8802885702756031
27-01-2026 09:30||NIFTY27JAN2624400PE,0.4026549894741248
27-01-2026 09:30||NIFTY27JAN2624800PE,0.27762578630875084
27-01-2026 09:30||NIFTY27JAN2624900PE,0.2550726964602812
27-01-2026 09:35||NIFTY27JAN2625700CE,0.49059036011234197
27-01-2026 09:35||NIFTY27JAN2626200CE,0.7234047425843069
27-01-2026 09:35||NIFTY27JAN2623800PE,0.7435712584500992
27-01-2026 09:35||NIFTY27JAN2624500PE,0.4001371221910919
27-01-2026 09:45||NIFTY27JAN2625600CE,0.37204716811413674
27-01-2026 09:45||NIFTY27JAN2626200CE,0.6410233132343143
27-01-2026 09:45||NIFTY27JAN2626300CE,0.691702822900935
27-01-2026 09:45||NIFTY27JAN2623800PE,0.8211296633845979
27-01-2026 09:45||NIFTY27JAN2624000PE,0.7237740101244491
27-01-2026 09:45||NIFTY27JAN2624500PE,0.48273383646768286
27-01-2026 09:45||NIFTY27JAN2625000PE,0.32179899983733257
27-01-2026 09:50||NIFTY27JAN2626300CE,0.6971207891800989
27-01-2026 09:50||NIFTY27JAN2623800PE,0.824857652628012
27-01-2026 09:50||NIFTY27JAN2624200PE,0.6285662083965345
27-01-2026 09:50||NIFTY27JAN2624800PE,0.38535663251959185
27-01-2026 09:50||NIFTY27JAN2624900PE,0.36301354040397094
27-01-2026 09:55||NIFTY27JAN2625700CE,0.40938241268455644
27-01-2026 09:55||NIFTY27JAN2626000CE,0.5627227213947776
27-01-2026 09:55||NIFTY27JAN2626200CE,0.6629442941220756
27-01-2026 09:55||NIFTY27JAN2624100PE,0.677688371063316
27-01-2026 09:55||NIFTY27JAN2624700PE,0.4093783249686037
27-01-2026 09:55||NIFTY27JAN2624800PE,0.3900152023737166
27-01-2026 09:55||NIFTY27JAN2625000PE,0.3542721499123996
27-01-2026 10:00||NIFTY27JAN2625300CE,0.3246274434982315
27-01-2026 10:00||NIFTY27JAN2625400CE,0.32482410812462353
27-01-2026 10:00||NIFTY27JAN2625600CE,0.3644618849611545
27-01-2026 10:00||NIFTY27JAN2625800CE,0.4570180332037164
27-01-2026 10:00||NIFTY27JAN2626100CE,0.6120382761025165
27-01-2026 10:00||NIFTY27JAN2626400CE,0.7517118022520315
27-01-2026 10:00||NIFTY27JAN2626500CE,0.7956966785772742
27-01-2026 10:00||NIFTY27JAN2624000PE,0.733908166372007
27-01-2026 10:05||NIFTY27JAN2626400CE,0.7611262123034622
27-01-2026 10:05||NIFTY27JAN2623800PE,0.8334741519545482
27-01-2026 10:05||NIFTY27JAN2623900PE,0.7831119353441827
27-01-2026 10:05||NIFTY27JAN2624100PE,0.6830165972136517
27-01-2026 10:10||NIFTY27JAN2625300CE,0.38281631410247935
27-01-2026 10:10||NIFTY27JAN2625600CE,0.39449022477525003
27-01-2026 10:10||NIFTY27JAN2624200PE,0.607878429434547
27-01-2026 10:10||NIFTY27JAN2624900PE,0.3030516363758539
27-01-2026 10:15||NIFTY27JAN2625800CE,0.4624706107045128
27-01-2026 10:20||NIFTY27JAN2625400CE,0.30794454725584175
27-01-2026 10:20||NIFTY27JAN2625800CE,0.4416035467708953
27-01-2026 10:20||NIFTY27JAN2623900PE,0.8258708051644891
27-01-2026 10:20||NIFTY27JAN2624500PE,0.5195042588333192
27-01-2026 10:20||NIFTY27JAN2624600PE,0.46988147440485895
27-01-2026 10:20||NIFTY27JAN2624800PE,0.3904345865298361
27-01-2026 10:20||NIFTY27JAN2625000PE,0.33164734984626554
27-01-2026 10:25||NIFTY27JAN2626000CE,0.5543941637060259
27-01-2026 10:25||NIFTY27JAN2626300CE,0.713851533521071
27-01-2026 10:25||NIFTY27JAN2626400CE,0.7563611253489877
27-01-2026 10:25||NIFTY27JAN2624600PE,0.4694909448904545
27-01-2026 10:25||NIFTY27JAN2624900PE,0.3948567368718159
27-01-2026 10:30||NIFTY27JAN2625400CE,0.3267323819475842
27-01-2026 10:30||NIFTY27JAN2625600CE,0.38157979513752116
27-01-2026 10:30||NIFTY27JAN2625900CE,0.5341563998658346
27-01-2026 10:30||NIFTY27JAN2626200CE,0.6931068991023724
27-01-2026 10:30||NIFTY27JAN2624100PE,0.6982863171155126
27-01-2026 10:30||NIFTY27JAN2624800PE,0.3671755139517041
27-01-2026 10:35||NIFTY27JAN2625200CE,0.2507446782544881
27-01-2026 10:35||NIFTY27JAN2625300CE,0.2792285204214987
27-01-2026 10:35||NIFTY27JAN2625700CE,0.4327642415081767
27-01-2026 10:35||NIFTY27JAN2624300PE,0.5976053058568123
27-01-2026 10:35||NIFTY27JAN2624400PE,0.5445892353033228
27-01-2026 10:35||NIFTY27JAN2624800PE,0.38034634059394606
27-01-2026 10:40||NIFTY27JAN2625200CE,0.24539512838708694
27-01-2026 10:40||NIFTY27JAN2625700CE,0.45524356059784016
27-01-2026 10:40||NIFTY27JAN2626100CE,0.675751334847798
27-01-2026 10:40||NIFTY27JAN2626200CE,0.7257208476789966
27-01-2026 10:40||NIFTY27JAN2624400PE,0.5183936779950442
27-01-2026 10:45||NIFTY27JAN2625500CE,0.3986256472783473
27-01-2026 10:45||NIFTY27JAN2626200CE,0.7757147998363529
27-01-2026 10:45||NIFTY27JAN2626400CE,0.867544810808874
27-01-2026 10:45||NIFTY27JAN2624000PE,0.7000303226137792
27-01-2026 10:45||NIFTY27JAN2624700PE,0.3539116193010292
27-01-2026 10:45||NIFTY27JAN2624900PE,0.31374730914906995
27-01-2026 10:50||NIFTY27JAN2625200CE,0.28946427951142006
27-01-2026 10:50||NIFTY27JAN2625400CE,0.37257147658843537
27-01-2026 10:50||NIFTY27JAN2625700CE,0.525927169543748
27-01-2026 10:50||NIFTY27JAN2623900PE,0.7697158612707344
27-01-2026 10:50||NIFTY27JAN2624000PE,0.7105298825071664
27-01-2026 10:50||NIFTY27JAN2624600PE,0.3994071339732017
27-01-2026 10:50||NIFTY27JAN2625000PE,0.3920134200891209
27-01-2026 10:55||NIFTY27JAN2625300CE,0.36120043969546506
27-01-2026 10:55||NIFTY27JAN2625400CE,0.3950667550199169
27-01-2026 10:55||NIFTY27JAN2625600CE,0.4844234280101245
27-01-2026 10:55||NIFTY27JAN2626400CE,0.92446672371615
27-01-2026 10:55||NIFTY27JAN2623900PE,0.7547137758260987
27-01-2026 10:55||NIFTY27JAN2624400PE,0.46953870870484077
27-01-2026 10:55||NIFTY27JAN2624900PE,0.3651205755045393
27-01-2026 10:55||NIFTY27JAN2625000PE,0.3752304672305772
27-01-2026 11:00||NIFTY27JAN2625200CE,0.2916407305424078
27-01-2026 11:00||NIFTY27JAN2625300CE,0.3424169301116
27-01-2026 11:00||NIFTY27JAN2625400CE,0.3929928285702549
27-01-2026 11:00||NIFTY27JAN2626300CE,0.8881905705845384
27-01-2026 11:00||NIFTY27JAN2623800PE,0.8474619180715047
27-01-2026 11:00||NIFTY27JAN2623900PE,0.7766631532508546
27-01-2026 11:00||NIFTY27JAN2624300PE,0.51721041118509
27-01-2026 11:05||NIFTY27JAN2625300CE,0.3773704842821182
27-01-2026 11:05||NIFTY27JAN2625700CE,0.5467739691591856
27-01-2026 11:05||NIFTY27JAN2623800PE,0.8059740675656736
27-01-2026 11:05||NIFTY27JAN2624100PE,0.6639507054575601
27-01-2026 11:05||NIFTY27JAN2624200PE,0.60061476278538
27-01-2026 11:05||NIFTY27JAN2624900PE,0.31796914654372893
27-01-2026 11:10||NIFTY27JAN2625300CE,0.3731217886333401
27-01-2026 11:10||NIFTY27JAN2625500CE,0.43913783357127767
27-01-2026 11:10||NIFTY27JAN2625800CE,0.6021229847790229
27-01-2026 11:10||NIFTY27JAN2626500CE,0.9882146687925284
27-01-2026 11:10||NIFTY27JAN2624200PE,0.610344927344236
27-01-2026 11:10||NIFTY27JAN2624400PE,0.4898622127570213
27-01-2026 11:10||NIFTY27JAN2624900PE,0.3105781324713375
27-01-2026 11:15||NIFTY27JAN2626400CE,0.9332379074191423
27-01-2026 11:15||NIFTY27JAN2624300PE,0.5488942074497651
27-01-2026 11:15||NIFTY27JAN2625000PE,0.2813650502747148
27-01-2026 11:15||NIFTY27JAN2625100PE,0.2652646314585957
27-01-2026 11:20||NIFTY27JAN2625300CE,0.34275783607991656
27-01-2026 11:20||NIFTY27JAN2626100CE,0.753748688017617
27-01-2026 11:25||NIFTY27JAN2625600CE,0.47801461939396994
27-01-2026 11:25||NIFTY27JAN2626500CE,0.981762078970421
27-01-2026 11:25||NIFTY27JAN2623800PE,0.8628800093633489
27-01-2026 11:25||NIFTY27JAN2624000PE,0.7510339788309555
27-01-2026 11:25||NIFTY27JAN2624200PE,0.6366487393243252
27-01-2026 11:25||NIFTY27JAN2624900PE,0.2891070279700535
27-01-2026 11:30||NIFTY27JAN2625600CE,0.446557383085589
27-01-2026 11:30||NIFTY27JAN2625900CE,0.6150879153260382
27-01-2026 11:30||NIFTY27JAN2626200CE,0.7955827579195036
27-01-2026 11:30||NIFTY27JAN2624200PE,0.6711288426304044
27-01-2026 11:30||NIFTY27JAN2625100PE,0.3263464472027875
27-01-2026 11:35||NIFTY27JAN2625200CE,0.32212902951781147
27-01-2026 11:35||NIFTY27JAN2624000PE,0.7867819996874975
27-01-2026 11:35||NIFTY27JAN2624900PE,0.30887177696536305
27-01-2026 11:40||NIFTY27JAN2626000CE,0.6527872887260583
27-01-2026 11:40||NIFTY27JAN2626300CE,0.8143323006267285
27-01-2026 11:40||NIFTY27JAN2623800PE,0.9229070485173628
27-01-2026 11:40||NIFTY27JAN2624000PE,0.8088116454908706
27-01-2026 11:45||NIFTY27JAN2626100CE,0.6697447991436816
27-01-2026 11:45||NIFTY27JAN2626400CE,0.824441146015426
27-01-2026 11:45||NIFTY27JAN2624300PE,0.6706792574498835
27-01-2026 11:45||NIFTY27JAN2624400PE,0.6100087034588983
27-01-2026 11:45||NIFTY27JAN2624500PE,0.5495862914862663
27-01-2026 11:50||NIFTY27JAN2625700CE,0.4736274711135461
27-01-2026 11:50||NIFTY27JAN2626000CE,0.6453787117818349
27-01-2026 11:50||NIFTY27JAN2624700PE,0.41851258080113996
27-01-2026 11:50||NIFTY27JAN2624900PE,0.376317108372199
27-01-2026 11:55||NIFTY27JAN2625200CE,0.3602011274289923
27-01-2026 11:55||NIFTY27JAN2625400CE,0.39025946858006466
27-01-2026 11:55||NIFTY27JAN2626500CE,0.9730687707146395
27-01-2026 11:55||NIFTY27JAN2623900PE,0.8880573803090879
27-01-2026 11:55||NIFTY27JAN2624000PE,0.8244514529174234
27-01-2026 11:55||NIFTY27JAN2624400PE,0.5574008129178192
27-01-2026 11:55||NIFTY27JAN2624500PE,0.49574483385216095
27-01-2026 11:55||NIFTY27JAN2624800PE,0.3606759776626377
27-01-2026 12:00||NIFTY27JAN2625500CE,0.4104110981958174
27-01-2026 12:00||NIFTY27JAN2626100CE,0.7147257761575645
27-01-2026 12:00||NIFTY27JAN2626400CE,0.876661764253179
27-01-2026 12:00||NIFTY27JAN2626500CE,0.9258867160973192
27-01-2026 12:00||NIFTY27JAN2624200PE,0.7054085781088686
27-01-2026 12:00||NIFTY27JAN2624300PE,0.6380660082339786
27-01-2026 12:00||NIFTY27JAN2624500PE,0.5127413466093176
27-01-2026 12:00||NIFTY27JAN2625100PE,0.29272183659836815
27-01-2026 12:05||NIFTY27JAN2625900CE,0.5964951450613079
27-01-2026 12:05||NIFTY27JAN2626500CE,0.9714286004625634
27-01-2026 12:05||NIFTY27JAN2624500PE,0.5340582241516688
27-01-2026 12:05||NIFTY27JAN2624700PE,0.43436890666105615
27-01-2026 12:05||NIFTY27JAN2625100PE,0.3331563275484437
27-01-2026 12:10||NIFTY27JAN2625700CE,0.4921075003091144
27-01-2026 12:10||NIFTY27JAN2626400CE,0.9042851896454844
27-01-2026 12:10||NIFTY27JAN2624400PE,0.6034172230029506
27-01-2026 12:15||NIFTY27JAN2626000CE,0.6754953271827604
27-01-2026 12:15||NIFTY27JAN2626200CE,0.7886714506522812
27-01-2026 12:15||NIFTY27JAN2624500PE,0.5562747209777049
27-01-2026 12:15||NIFTY27JAN2624600PE,0.501861989533479
27-01-2026 12:20||NIFTY27JAN2625300CE,0.38553223315531926
27-01-2026 12:20||NIFTY27JAN2625600CE,0.45680303738412953
27-01-2026 12:20||NIFTY27JAN2624000PE,0.8759511038226365
27-01-2026 12:20||NIFTY27JAN2624200PE,0.7511100202627872
27-01-2026 12:20||NIFTY27JAN2625000PE,0.29367991975978486
27-01-2026 12:25||NIFTY27JAN2625400CE,0.3347378151616549
27-01-2026 12:25||NIFTY27JAN2625900CE,0.6221758979589329
27-01-2026 12:25||NIFTY27JAN2624100PE,0.837275705008822
27-01-2026 12:25||NIFTY27JAN2624700PE,0.4684864268835375
27-01-2026 12:30||NIFTY27JAN2625300CE,0.3532656719775658
27-01-2026 12:35||NIFTY27JAN2625800CE,0.6026982948948786
27-01-2026 12:35||NIFTY27JAN2626100CE,0.7940787646950898
27-01-2026 12:35||NIFTY27JAN2624100PE,0.8395592527368438
27-01-2026 12:35||NIFTY27JAN2624400PE,0.644666280321374
27-01-2026 12:35||NIFTY27JAN2624900PE,0.39189212838537085
27-01-2026 12:35||NIFTY27JAN2625100PE,0.3444028504238309
27-01-2026 12:40||NIFTY27JAN2625200CE,0.32991093040851166
27-01-2026 12:40||NIFTY27JAN2625900CE,0.6826594098594679
27-01-2026 12:40||NIFTY27JAN2626000CE,0.7498887442768591
27-01-2026 12:40||NIFTY27JAN2626300CE,0.9366710934356285
27-01-2026 12:40||NIFTY27JAN2624200PE,0.7787129851330293
27-01-2026 12:40||NIFTY27JAN2624700PE,0.4565466886298016
27-01-2026 12:40||NIFTY27JAN2624800PE,0.4179997547015761
27-01-2026 12:40||NIFTY27JAN2624900PE,0.3796079396392481
27-01-2026 12:40||NIFTY27JAN2625100PE,0.30328470723262546
27-01-2026 12:45||NIFTY27JAN2625200CE,0.2915250292464746
27-01-2026 12:45||NIFTY27JAN2625700CE,0.5649607007189121
27-01-2026 12:45||NIFTY27JAN2625900CE,0.6996653574667374
27-01-2026 12:45||NIFTY27JAN2626200CE,0.8876649525570391
27-01-2026 12:50||NIFTY27JAN2625900CE,0.7267852222815754
27-01-2026 12:50||NIFTY27JAN2626200CE,0.9226299525934608
27-01-2026 12:50||NIFTY27JAN2626500CE,1.097233080791567
27-01-2026 12:50||NIFTY27JAN2624600PE,0.4789739427147137
27-01-2026 12:50||NIFTY27JAN2625000PE,0.27232152353307654
27-01-2026 12:50||NIFTY27JAN2625100PE,0.22739312130374587
27-01-2026 12:55||NIFTY27JAN2625500CE,0.4543488279984007
27-01-2026 12:55||NIFTY27JAN2625600CE,0.5195414955450466
27-01-2026 12:55||NIFTY27JAN2625800CE,0.6497863181457431
27-01-2026 12:55||NIFTY27JAN2626200CE,0.9150824907675623
27-01-2026 12:55||NIFTY27JAN2623900PE,1.0289389944730825
27-01-2026 12:55||NIFTY27JAN2624000PE,0.9569498311842347
27-01-2026 13:00||NIFTY27JAN2625400CE,0.4005131695578617
27-01-2026 13:00||NIFTY27JAN2626000CE,0.796103086878914
27-01-2026 13:00||NIFTY27JAN2624100PE,0.8817331738525309
27-01-2026 13:00||NIFTY27JAN2624500PE,0.5878185607901153
27-01-2026 13:05||NIFTY27JAN2623900PE,1.0348203238164677
27-01-2026 13:05||NIFTY27JAN2624500PE,0.5848018158595435
27-01-2026 13:05||NIFTY27JAN2624800PE,0.3950097477257509
27-01-2026 13:10||NIFTY27JAN2624200PE,0.8346802268464872
27-01-2026 13:10||NIFTY27JAN2624500PE,0.6112553516398472
27-01-2026 13:10||NIFTY27JAN2624600PE,0.5424819857225058
27-01-2026 13:10||NIFTY27JAN2624700PE,0.4739876200280543
27-01-2026 13:15||NIFTY27JAN2625200CE,0.37844540561553297
27-01-2026 13:15||NIFTY27JAN2626300CE,1.0630535364434361
27-01-2026 13:15||NIFTY27JAN2624400PE,0.6959848970787866
27-01-2026 13:15||NIFTY27JAN2625000PE,0.3140245397454381
27-01-2026 13:20||NIFTY27JAN2625700CE,0.6324318291769007
27-01-2026 13:20||NIFTY27JAN2625900CE,0.7865769308669883
27-01-2026 13:20||NIFTY27JAN2624000PE,1.010718457952712
27-01-2026 13:20||NIFTY27JAN2624200PE,0.8637669209950383
27-01-2026 13:20||NIFTY27JAN2624600PE,0.5368064223412573
27-01-2026 13:20||NIFTY27JAN2624900PE,0.3485176101934102
27-01-2026 13:25||NIFTY27JAN2625700CE,0.6380117416154205
27-01-2026 13:25||NIFTY27JAN2623800PE,1.1579906295759184
27-01-2026 13:25||NIFTY27JAN2625100PE,0.2551186631767521
27-01-2026 13:30||NIFTY27JAN2625400CE,0.4346550101008808
27-01-2026 13:30||NIFTY27JAN2626300CE,1.0981607702650291
27-01-2026 13:30||NIFTY27JAN2624100PE,1.007911731896637
27-01-2026 13:30||NIFTY27JAN2624300PE,0.8440848554727289
27-01-2026 13:30||NIFTY27JAN2625100PE,0.3155494614756135
27-01-2026 13:35||NIFTY27JAN2625300CE,0.35214739166208997
27-01-2026 13:35||NIFTY27JAN2625600CE,0.5773508793153891
27-01-2026 13:35||NIFTY27JAN2626000CE,0.9018679042354659
27-01-2026 13:35||NIFTY27JAN2626200CE,1.0595379921141064
27-01-2026 13:35||NIFTY27JAN2626300CE,1.1349675340354182
27-01-2026 13:35||NIFTY27JAN2626400CE,1.2101108151471347
27-01-2026 13:35||NIFTY27JAN2623900PE,1.1548846230651386
27-01-2026 13:35||NIFTY27JAN2624300PE,0.8506699018112253
27-01-2026 13:35||NIFTY27JAN2624400PE,0.7679708316803175
27-01-2026 13:35||NIFTY27JAN2624600PE,0.6244258939671419
27-01-2026 13:35||NIFTY27JAN2624800PE,0.5427632962579566
27-01-2026 13:40||NIFTY27JAN2625500CE,0.5757213239557214
27-01-2026 13:40||NIFTY27JAN2626300CE,1.1965535554789886
27-01-2026 13:45||NIFTY27JAN2625300CE,0.47087802394461165
27-01-2026 13:45||NIFTY27JAN2625600CE,0.6698835751589293
27-01-2026 13:45||NIFTY27JAN2625700CE,0.7492465313027049
27-01-2026 13:45||NIFTY27JAN2625800CE,0.8283012810153425
27-01-2026 13:45||NIFTY27JAN2625900CE,0.9070502088816634
27-01-2026 13:45||NIFTY27JAN2626000CE,0.9854956719188972
27-01-2026 13:45||NIFTY27JAN2626300CE,1.2151930813523757
27-01-2026 13:45||NIFTY27JAN2626400CE,1.278285808876784
27-01-2026 13:45||NIFTY27JAN2623800PE,1.249247129092957
27-01-2026 13:45||NIFTY27JAN2623900PE,1.1654987239431356
27-01-2026 13:45||NIFTY27JAN2624100PE,0.9990480492991065
27-01-2026 13:45||NIFTY27JAN2624700PE,0.47703261090606774
27-01-2026 13:50||NIFTY27JAN2626200CE,1.1703516988901643
27-01-2026 13:50||NIFTY27JAN2623900PE,1.2321591417608844
27-01-2026 13:50||NIFTY27JAN2624800PE,0.45281895131197714
27-01-2026 13:50||NIFTY27JAN2625000PE,0.37070581985551854
27-01-2026 13:55||NIFTY27JAN2625400CE,0.5231629236621521
27-01-2026 13:55||NIFTY27JAN2625700CE,0.8000356619470967
27-01-2026 13:55||NIFTY27JAN2623800PE,1.3160675637334864
27-01-2026 13:55||NIFTY27JAN2624000PE,1.1540314249935615
27-01-2026 13:55||NIFTY27JAN2624100PE,1.0735190196688666
27-01-2026 13:55||NIFTY27JAN2624300PE,0.8890194123197177
27-01-2026 13:55||NIFTY27JAN2624400PE,0.7851272471508318
27-01-2026 13:55||NIFTY27JAN2624600PE,0.5850740848262839
27-01-2026 13:55||NIFTY27JAN2624900PE,0.3521698089541801
27-01-2026 14:00||NIFTY27JAN2623800PE,1.3945387434212104
27-01-2026 14:00||NIFTY27JAN2624300PE,0.9100562236905582
27-01-2026 14:00||NIFTY27JAN2624500PE,0.7078443871841903
27-01-2026 14:00||NIFTY27JAN2625000PE,0.38894923879684234
27-01-2026 14:00||NIFTY27JAN2625100PE,0.3594367643803577
27-01-2026 14:05||NIFTY27JAN2625400CE,0.5782506107286348
27-01-2026 14:05||NIFTY27JAN2625700CE,0.8762190991833664
27-01-2026 14:05||NIFTY27JAN2625800CE,0.9719948028664043
27-01-2026 14:05||NIFTY27JAN2626100CE,1.243884560432882
27-01-2026 14:05||NIFTY27JAN2626200CE,1.3277770758711869
27-01-2026 14:05||NIFTY27JAN2626400CE,1.4954139113648608
27-01-2026 14:05||NIFTY27JAN2624000PE,1.1906193432417322
27-01-2026 14:05||NIFTY27JAN2624800PE,0.4001598987867945
27-01-2026 14:10||NIFTY27JAN2625500CE,0.6659847946553777
27-01-2026 14:10||NIFTY27JAN2626000CE,1.1539906927778443
27-01-2026 14:10||NIFTY27JAN2626200CE,1.3275120041615773
27-01-2026 14:10||NIFTY27JAN2623900PE,1.316056650286344
27-01-2026 14:10||NIFTY27JAN2624000PE,1.2299543176978276
27-01-2026 14:10||NIFTY27JAN2624600PE,0.6211968591553161
27-01-2026 14:15||NIFTY27JAN2625600CE,0.7813337896061946
27-01-2026 14:15||NIFTY27JAN2625800CE,0.9880234791540946
27-01-2026 14:15||NIFTY27JAN2624000PE,1.274443666156439
27-01-2026 14:15||NIFTY27JAN2624400PE,0.8385787084248952
27-01-2026 14:15||NIFTY27JAN2624900PE,0.3664548692087459
27-01-2026 14:20||NIFTY27JAN2625500CE,0.6956684220900244
27-01-2026 14:20||NIFTY27JAN2626000CE,1.1954955006892136
27-01-2026 14:20||NIFTY27JAN2626100CE,1.2897179083517778
27-01-2026 14:20||NIFTY27JAN2626500CE,1.721305367678119
27-01-2026 14:20||NIFTY27JAN2624100PE,1.1893852482603249
27-01-2026 14:25||NIFTY27JAN2625700CE,0.9476516250097804
27-01-2026 14:25||NIFTY27JAN2623800PE,1.5753258321546184
27-01-2026 14:25||NIFTY27JAN2623900PE,1.4588254701788361
27-01-2026 14:25||NIFTY27JAN2624000PE,1.3428115411934125
27-01-2026 14:25||NIFTY27JAN2624200PE,1.1122268516514515
27-01-2026 14:25||NIFTY27JAN2624300PE,0.9976481506229186
27-01-2026 14:25||NIFTY27JAN2624800PE,0.4247519910805587
27-01-2026 14:25||NIFTY27JAN2624900PE,0.32181987064568507
27-01-2026 14:25||NIFTY27JAN2625000PE,0.2193003049065117
27-01-2026 14:30||NIFTY27JAN2626400CE,1.767884848950803
27-01-2026 14:30||NIFTY27JAN2624000PE,1.4083516557194873
27-01-2026 14:30||NIFTY27JAN2624200PE,1.1982478711832922
27-01-2026 14:30||NIFTY27JAN2624600PE,0.6960260968616994
27-01-2026 14:30||NIFTY27JAN2625100PE,0.24498417227990424
27-01-2026 14:35||NIFTY27JAN2626200CE,1.5990813362938665
27-01-2026 14:35||NIFTY27JAN2624000PE,1.4539845933147932
27-01-2026 14:35||NIFTY27JAN2624200PE,1.2542617451185687
27-01-2026 14:35||NIFTY27JAN2624900PE,0.3456557829255509
27-01-2026 14:35||NIFTY27JAN2625000PE,0.22500707503766965
27-01-2026 14:40||NIFTY27JAN2626200CE,1.5298751150018384
27-01-2026 14:40||NIFTY27JAN2626400CE,1.734098267483711
27-01-2026 14:40||NIFTY27JAN2624000PE,1.5710720306627015
27-01-2026 14:40||NIFTY27JAN2624800PE,0.5502165718125933
27-01-2026 14:45||NIFTY27JAN2625400CE,0.5587109750707258
27-01-2026 14:45||NIFTY27JAN2626400CE,1.839233699020202
27-01-2026 14:45||NIFTY27JAN2626500CE,1.9664047742078514
27-01-2026 14:45||NIFTY27JAN2624000PE,1.6245197390472756
27-01-2026 14:45||NIFTY27JAN2624200PE,1.407049575690907
27-01-2026 14:45||NIFTY27JAN2624700PE,0.7353433999994518
27-01-2026 14:50||NIFTY27JAN2625200CE,0.30852978089924465
27-01-2026 14:50||NIFTY27JAN2625900CE,1.2348207823894113
27-01-2026 14:50||NIFTY27JAN2623800PE,2.0259875682047253
27-01-2026 14:50||NIFTY27JAN2624000PE,1.774318936744603
27-01-2026 14:50||NIFTY27JAN2624200PE,1.513099234738159
27-01-2026 14:50||NIFTY27JAN2624800PE,0.625082347943078
27-01-2026 14:55||NIFTY27JAN2625500CE,0.678099843880162
27-01-2026 14:55||NIFTY27JAN2625800CE,1.150727616974186
27-01-2026 14:55||NIFTY27JAN2626400CE,1.8613928318168247
27-01-2026 14:55||NIFTY27JAN2623800PE,2.161533974181172
27-01-2026 14:55||NIFTY27JAN2624000PE,1.9637398223229767
27-01-2026 14:55||NIFTY27JAN2624800PE,0.7458079527427787
27-01-2026 15:00||NIFTY27JAN2625400CE,0.5943612213281018
27-01-2026 15:00||NIFTY27JAN2624100PE,1.8366952067951254
27-01-2026 15:00||NIFTY27JAN2624700PE,0.8534535820769102
27-01-2026 15:00||NIFTY27JAN2625100PE,0.13188501204262337
27-01-2026 15:05||NIFTY27JAN2626300CE,2.0066606756173893
27-01-2026 15:05||NIFTY27JAN2624000PE,2.177738045395464
27-01-2026 15:05||NIFTY27JAN2624100PE,2.012057868067468
27-01-2026 15:05||NIFTY27JAN2624200PE,1.847063738986987
27-01-2026 15:05||NIFTY27JAN2624500PE,1.2792081827521364
27-01-2026 15:10||NIFTY27JAN2625400CE,0.6183005522416969
27-01-2026 15:10||NIFTY27JAN2625600CE,0.9768231257454607
27-01-2026 15:10||NIFTY27JAN2625800CE,1.355893489482538
27-01-2026 15:10||NIFTY27JAN2626000CE,1.7733027893559985
27-01-2026 15:10||NIFTY27JAN2623900PE,2.519216912110681
27-01-2026 15:10||NIFTY27JAN2624000PE,2.3279458018712686
27-01-2026 15:10||NIFTY27JAN2624900PE,0.6172922679533823
27-01-2026 15:15||NIFTY27JAN2625900CE,1.722489283162882
27-01-2026 15:15||NIFTY27JAN2626000CE,1.9719634799897494
27-01-2026 15:15||NIFTY27JAN2626400CE,2.706172567190773
27-01-2026 15:15||NIFTY27JAN2625000PE,0.4957117786180697
27-01-2026 15:20||NIFTY27JAN2625500CE,0.9508875993274424
27-01-2026 15:20||NIFTY27JAN2626000CE,2.328834799629691
27-01-2026 15:20||NIFTY27JAN2626300CE,3.072530173369102
27-01-2026 15:20||NIFTY27JAN2626400CE,3.382230532996148
27-01-2026 15:20||NIFTY27JAN2623800PE,3.948023393633642
27-01-2026 15:20||NIFTY27JAN2623900PE,3.675607978218472
27-01-2026 15:20||NIFTY27JAN2624900PE,0.9512502797005384
27-01-2026 15:25||NIFTY27JAN2626100CE,3.3855053848186407
27-01-2026 15:25||NIFTY27JAN2626300CE,4.098314289541216
27-01-2026 15:25||NIFTY27JAN2626400CE,4.452688578531927
27-01-2026 15:25||NIFTY27JAN2626500CE,4.805723074952416
27-01-2026 15:25||NIFTY27JAN2623800PE,5.7967100469579815
27-01-2026 15:25||NIFTY27JAN2624900PE,1.489303973736896
27-01-2026 15:25||NIFTY27JAN2625100PE,0.6897152080589655
